/*
SQLyog Community v11.52 (32 bit)
MySQL - 5.6.16-1~exp1 : Database - mdmanufacturer
*********************************************************************
*/

/*!40101 SET NAMES utf8 */;

/*!40101 SET SQL_MODE=''*/;

/*!40014 SET @OLD_UNIQUE_CHECKS=@@UNIQUE_CHECKS, UNIQUE_CHECKS=0 */;
/*!40014 SET @OLD_FOREIGN_KEY_CHECKS=@@FOREIGN_KEY_CHECKS, FOREIGN_KEY_CHECKS=0 */;
/*!40101 SET @OLD_SQL_MODE=@@SQL_MODE, SQL_MODE='NO_AUTO_VALUE_ON_ZERO' */;
/*!40111 SET @OLD_SQL_NOTES=@@SQL_NOTES, SQL_NOTES=0 */;
CREATE DATABASE /*!32312 IF NOT EXISTS*/`mdmanufacturer` /*!40100 DEFAULT CHARACTER SET latin1 */;

USE `mdmanufacturer`;

/*Table structure for table `addressIterator` */

DROP TABLE IF EXISTS `addressIterator`;

CREATE TABLE `addressIterator` (
  `macId` int(11) NOT NULL AUTO_INCREMENT,
  `macAddress` varchar(50) NOT NULL,
  PRIMARY KEY (`macId`)
) ENGINE=InnoDB AUTO_INCREMENT=2 DEFAULT CHARSET=latin1;

/*Data for the table `addressIterator` */

insert  into `addressIterator`(`macId`,`macAddress`) values (1,'0A:0B:0C:00:01:C7');

/*Table structure for table `customer` */

DROP TABLE IF EXISTS `customer`;

CREATE TABLE `customer` (
  `custId` int(11) NOT NULL AUTO_INCREMENT,
  `name` varchar(256) DEFAULT NULL,
  `address` varchar(512) DEFAULT NULL,
  `shipAddress` varchar(512) DEFAULT NULL,
  `instructions` varchar(512) DEFAULT NULL,
  PRIMARY KEY (`custId`)
) ENGINE=InnoDB AUTO_INCREMENT=1001 DEFAULT CHARSET=latin1;

/*Data for the table `customer` */

insert  into `customer`(`custId`,`name`,`address`,`shipAddress`,`instructions`) values (2,'Lunea','970-9916 Ornare, Road','1332 Sit Road','ac, fermentum vel, mauris. Integer sem'),(3,'Hoyt','6696 Suscipit, Ave','6641 Ac Road','metus'),(4,'Galena','678-122 Mauris Rd.','2297 Velit Rd.','posuere, enim nisl elementum'),(5,'Clementine','P.O. Box 864, 5702 Integer Rd.','932 Ut Rd.','pretium et, rutrum non,'),(6,'Bo','5639 Sit Avenue','392-2837 Sed St.','vel, vulputate eu, odio.'),(7,'Breanna','117-6652 Velit Rd.','381-1940 Lorem, Ave','Mauris eu turpis.'),(8,'Ignacia','289-4130 Ante, Road','752-720 Sem, St.','lacus vestibulum lorem, sit amet ultricies sem magna'),(9,'Colleen','P.O. Box 282, 6787 Non, Avenue','559-9429 Diam Avenue','sodales elit erat vitae risus. Duis a'),(10,'Gage','P.O. Box 698, 6023 Feugiat St.','P.O. Box 321, 1730 Malesuada Rd.','Cras dolor dolor, tempus non, lacinia at, iaculis'),(11,'Cedric','839-2671 Justo. Street','Ap #397-9725 Aliquet Avenue','placerat, augue. Sed'),(12,'Brandon','Ap #151-7371 Eu Street','P.O. Box 942, 6078 Lobortis Ave','Mauris nulla. Integer urna. Vivamus'),(13,'Jessamine','920-2750 Iaculis St.','P.O. Box 117, 7282 Metus Avenue','scelerisque'),(14,'Chelsea','2297 Aliquet Rd.','787-3206 Quisque Rd.','et, eros. Proin ultrices. Duis volutpat nunc sit amet metus.'),(15,'Kirk','855-138 Morbi Avenue','2869 Risus. Ave','condimentum. Donec at arcu. Vestibulum ante ipsum'),(16,'Theodore','Ap #166-7578 Eu Ave','404-1698 Nullam St.','quis massa. Mauris vestibulum, neque sed dictum'),(17,'Henry','Ap #834-4247 Justo Street','914 In Rd.','elit. Nulla'),(18,'Colton','Ap #680-1392 Sed Av.','Ap #936-4002 Eu Rd.','sem. Pellentesque ut ipsum ac mi eleifend egestas. Sed pharetra,'),(19,'Lillian','P.O. Box 753, 8765 Diam Road','Ap #351-851 At Rd.','consectetuer rhoncus. Nullam velit'),(20,'Avram','P.O. Box 357, 7577 Class St.','613-7695 Aliquam Avenue','volutpat nunc'),(21,'Phillip','146-6146 Tellus, Rd.','P.O. Box 465, 2801 Elit. St.','porttitor interdum.'),(22,'Chester','2865 Curabitur Road','7270 Eu St.','sem, consequat'),(23,'Nolan','748 Dictum Rd.','Ap #550-7978 Nisl. Ave','dui, semper et, lacinia'),(24,'Shaine','Ap #193-7558 Semper Avenue','Ap #478-8580 Magna. St.','interdum. Sed auctor odio a purus. Duis elementum,'),(25,'Alexander','P.O. Box 927, 9507 Consequat Ave','4380 Eu Av.','pellentesque, tellus sem mollis dui, in sodales elit erat'),(26,'Len','5542 Vestibulum, Av.','8385 Morbi Av.','sociis natoque penatibus et magnis dis parturient montes, nascetur ridiculus'),(27,'Aurora','P.O. Box 259, 5224 Cras St.','934-3238 Pede. St.','enim. Nunc ut erat. Sed nunc est, mollis non,'),(28,'Sandra','169-2804 Ut St.','Ap #883-9763 Arcu. Rd.','metus.'),(29,'Idola','812-396 Amet St.','P.O. Box 227, 1483 Mauris Rd.','orci. Donec nibh. Quisque nonummy'),(30,'Montana','8503 Curabitur Street','P.O. Box 230, 3540 Tellus Avenue','Donec at arcu.'),(31,'Leah','9006 Gravida Street','9643 Tempor Avenue','turpis. In condimentum. Donec at arcu. Vestibulum ante ipsum'),(32,'Aurora','4228 Amet Road','684-8346 Lorem Av.','at pretium aliquet, metus urna convallis erat, eget'),(33,'Shaine','Ap #215-1309 Lacus. Road','4713 Vestibulum Rd.','Sed'),(34,'Chaney','P.O. Box 504, 7760 Auctor, Rd.','370-7936 Lorem St.','rutrum eu, ultrices sit'),(35,'Geoffrey','P.O. Box 888, 8530 Nullam Rd.','8378 Vel St.','magna. Cras convallis convallis dolor. Quisque'),(36,'Athena','792-2613 Sapien. Street','7701 Ipsum. Av.','pede,'),(37,'Jin','Ap #731-1783 Malesuada Avenue','Ap #564-9647 Tellus. Rd.','eleifend. Cras sed leo. Cras vehicula aliquet'),(38,'Whilemina','4570 Lacus. Av.','345-3327 Quis Street','libero mauris, aliquam eu, accumsan sed, facilisis vitae, orci.'),(39,'Gray','P.O. Box 437, 8888 Sed, Street','824-5889 Quisque Road','neque sed sem egestas blandit. Nam'),(40,'Mariko','1833 Enim. Rd.','P.O. Box 946, 6127 Tellus Rd.','Quisque ac libero nec ligula consectetuer'),(41,'Harper','604-6820 Elit. St.','142-1921 Morbi Street','sapien. Nunc pulvinar arcu et'),(42,'Rogan','P.O. Box 956, 9931 Non Av.','Ap #320-2398 Felis. Rd.','Nullam scelerisque neque sed'),(43,'Rahim','2222 Leo. Rd.','P.O. Box 361, 2594 Nec, Av.','nascetur ridiculus mus. Proin vel'),(44,'Sybil','335-5535 Mauris St.','P.O. Box 644, 3549 Risus. Street','Mauris magna. Duis dignissim tempor arcu.'),(45,'Wanda','Ap #651-109 Ut Avenue','9554 Blandit Rd.','Integer id magna et ipsum cursus vestibulum. Mauris magna. Duis'),(46,'Scarlet','P.O. Box 959, 2160 Tempor Avenue','645-1792 Tellus St.','Duis'),(47,'Jamal','240-8163 Erat, Av.','P.O. Box 969, 8450 Blandit. Av.','sit amet'),(48,'Bert','P.O. Box 642, 7026 Justo. Av.','Ap #711-2340 Vitae Rd.','tellus non magna. Nam'),(49,'Denise','630-7960 Non, Av.','P.O. Box 358, 1689 Imperdiet Street','lobortis ultrices. Vivamus rhoncus. Donec est. Nunc ullamcorper, velit in'),(50,'Inez','Ap #947-9643 Sed St.','3194 Accumsan St.','lorem,'),(51,'Cameron','568-334 Sociis Road','1491 Eu Av.','pede nec ante'),(52,'Farrah','Ap #625-2606 Lorem Avenue','Ap #791-4806 Iaculis Road','Donec luctus aliquet odio. Etiam'),(53,'Tucker','513-5094 Massa St.','Ap #753-6500 Convallis Ave','ligula. Aliquam'),(54,'Lillian','Ap #831-5330 Tristique Rd.','325-8487 Libero. Rd.','faucibus leo, in lobortis tellus justo'),(55,'Leandra','Ap #569-3242 Suspendisse St.','Ap #344-4207 Eget Street','velit'),(56,'Lael','890-9819 Mauris Rd.','P.O. Box 230, 2454 Dui, St.','placerat velit. Quisque varius. Nam porttitor scelerisque neque. Nullam nisl.'),(57,'Branden','868-2842 Sagittis St.','6857 Arcu. Street','auctor ullamcorper, nisl arcu iaculis enim, sit amet ornare'),(58,'Oprah','Ap #546-4077 Pede Rd.','Ap #480-4004 Nisl. Rd.','dictum mi, ac mattis velit justo nec ante.'),(59,'Quinn','4921 Molestie Avenue','995-1809 Nisl Ave','ullamcorper eu, euismod ac, fermentum vel, mauris. Integer sem'),(60,'Sage','2474 Tempor St.','940-4293 Consectetuer Avenue','commodo tincidunt nibh. Phasellus nulla. Integer vulputate,'),(61,'Hermione','Ap #610-8930 Cursus Street','529-8609 Ligula. St.','consequat dolor vitae'),(62,'Eliana','949-9908 Curabitur Av.','594-4841 A, St.','tempor diam dictum sapien. Aenean massa. Integer'),(63,'Leo','303-3117 Dui. Road','P.O. Box 340, 8641 Et, Street','nunc id enim. Curabitur massa. Vestibulum'),(64,'Benedict','Ap #738-6332 Vel, St.','342-5242 Donec Rd.','dignissim magna a tortor.'),(65,'Ray','P.O. Box 922, 6100 Aliquam Rd.','Ap #461-528 Sed Rd.','Suspendisse sed'),(66,'Damian','948-5132 Eu Av.','5848 Sed Ave','aliquet. Proin velit. Sed malesuada augue ut lacus. Nulla'),(67,'Beatrice','P.O. Box 454, 1766 Nec St.','Ap #446-199 Pede Avenue','ultrices iaculis odio.'),(68,'Armand','548 Ut Av.','6874 Malesuada St.','Proin dolor. Nulla semper'),(69,'Maggie','9956 Vehicula Street','Ap #527-3403 Suspendisse Road','et magnis dis parturient montes, nascetur ridiculus'),(70,'Jameson','1456 Dignissim Av.','Ap #347-5856 Sit Ave','In condimentum.'),(71,'Jasmine','6613 Ut St.','470-1896 A, Avenue','odio. Nam interdum enim'),(72,'Sydney','125-5403 Pharetra, Street','Ap #687-9422 Duis Avenue','sociis'),(73,'Piper','8095 Aliquet Rd.','4975 Convallis Street','nulla. Cras eu tellus eu'),(74,'Raya','P.O. Box 166, 3564 Duis Rd.','953-8452 Egestas Ave','ipsum. Suspendisse sagittis.'),(75,'Dakota','142 Sagittis. Rd.','Ap #391-2777 In, Street','ac sem ut dolor dapibus gravida. Aliquam tincidunt, nunc ac'),(76,'Jemima','Ap #425-5832 Proin Avenue','Ap #213-5935 Lacus. Av.','Nunc ullamcorper, velit in'),(77,'Xander','Ap #575-3875 Nonummy Ave','P.O. Box 840, 3118 Ac Rd.','Sed auctor odio a purus. Duis elementum, dui quis accumsan'),(78,'Jenette','Ap #448-5706 Laoreet Road','P.O. Box 457, 5741 Dolor Street','egestas. Aliquam fringilla cursus purus. Nullam'),(79,'Kyra','790-8042 Ut Rd.','Ap #410-2902 Pretium Street','nisi nibh lacinia orci, consectetuer euismod'),(80,'Dolan','Ap #700-1768 Nibh. Street','P.O. Box 791, 1531 Nulla Rd.','Suspendisse tristique neque'),(81,'Brenden','709-3677 At Rd.','264-198 Mattis Avenue','sapien. Aenean massa. Integer vitae nibh. Donec est mauris,'),(82,'Jenna','438-3119 Augue Road','9423 Proin St.','lorem, auctor'),(83,'Cain','P.O. Box 532, 7418 Tempus Rd.','Ap #968-2933 Ante, Street','posuere'),(84,'Celeste','P.O. Box 160, 6408 Phasellus Road','893-880 Proin Road','vel, mauris. Integer sem elit, pharetra'),(85,'Cynthia','Ap #168-1951 Sit Street','664-7821 Cursus. Rd.','tortor. Integer aliquam adipiscing lacus. Ut nec urna et arcu'),(86,'Aaron','P.O. Box 657, 4936 Nisi. St.','6201 Molestie Av.','Curabitur dictum. Phasellus in felis. Nulla tempor augue'),(87,'Trevor','979-5803 Magna. St.','P.O. Box 152, 2813 Integer Rd.','ac ipsum.'),(88,'Vielka','P.O. Box 201, 1965 Nec Avenue','P.O. Box 702, 6585 Dui Avenue','erat vitae risus. Duis a mi fringilla mi'),(89,'Rebecca','P.O. Box 782, 6113 Est St.','959-7655 Lacus. St.','aliquam iaculis, lacus pede'),(90,'Holly','P.O. Box 843, 2761 Cras Av.','976-9779 Ultrices Road','augue. Sed molestie. Sed id risus quis'),(91,'Mollie','716 Ultrices Rd.','Ap #404-3453 Ante Road','Nunc mauris elit, dictum eu, eleifend nec, malesuada ut, sem.'),(92,'Heidi','P.O. Box 508, 3530 Amet, St.','484-6612 Nullam St.','Nullam enim. Sed nulla ante, iaculis nec,'),(93,'Carla','Ap #308-8993 Lorem St.','P.O. Box 747, 7817 Ac Road','Aliquam auctor, velit eget laoreet'),(94,'Beau','P.O. Box 565, 3980 Sit Road','Ap #147-5258 Mauris Rd.','amet ante. Vivamus non lorem vitae'),(95,'Kyle','4220 Eget Rd.','389-9778 Bibendum Rd.','Etiam ligula'),(96,'Unity','P.O. Box 215, 9410 Nunc St.','Ap #987-7583 Nulla Rd.','placerat eget, venenatis a, magna. Lorem ipsum dolor sit'),(97,'Gary','1622 Ultrices St.','P.O. Box 420, 9347 Tempor Avenue','ipsum. Donec sollicitudin adipiscing ligula. Aenean gravida nunc sed'),(98,'Murphy','609-9389 Ante. Rd.','868-6582 Lorem St.','et,'),(99,'Uriel','458-4929 Fringilla, St.','P.O. Box 237, 6768 Maecenas Avenue','dolor sit amet, consectetuer adipiscing elit. Etiam laoreet, libero'),(100,'Brynn','164-675 In St.','294-9095 Lorem, St.','Donec fringilla. Donec feugiat metus sit amet ante. Vivamus'),(101,'Illiana','876-5893 Quisque St.','7045 Consectetuer Rd.','tempor augue ac ipsum. Phasellus vitae'),(102,'Raymond','9047 Aliquet Road','P.O. Box 228, 6343 Ut Street','et, magna. Praesent interdum ligula'),(103,'Kenneth','P.O. Box 407, 7919 Viverra. St.','656-2164 Arcu. Rd.','Phasellus vitae mauris sit'),(104,'Sybil','149-2701 Proin Rd.','Ap #399-1779 Ac Avenue','feugiat non,'),(105,'India','603-5641 Vitae St.','604-406 Fringilla St.','at sem molestie sodales. Mauris blandit enim consequat purus. Maecenas'),(106,'Zachary','952-3281 Enim St.','390-9009 Et St.','Proin'),(107,'Veda','6179 Orci. Av.','P.O. Box 274, 6743 Diam Road','Sed malesuada augue ut lacus. Nulla tincidunt, neque vitae semper'),(108,'Alice','5474 Dolor. Street','Ap #267-7377 Vehicula. Rd.','facilisi. Sed neque. Sed eget lacus. Mauris non'),(109,'Brody','P.O. Box 345, 1106 Erat, St.','8776 Amet Av.','egestas. Duis ac arcu. Nunc mauris. Morbi non sapien molestie'),(110,'Galvin','3647 Curabitur St.','329-5177 Habitant Avenue','odio. Aliquam vulputate ullamcorper magna. Sed eu eros. Nam consequat'),(111,'Alice','254 Eleifend. St.','6411 Ultrices. St.','lacinia. Sed congue, elit'),(112,'Maite','259-8895 Blandit Rd.','Ap #775-2539 Suscipit Rd.','Donec at arcu. Vestibulum ante ipsum primis in faucibus'),(113,'Riley','314-9388 Eros. Rd.','3585 Lacus, Road','diam lorem, auctor quis,'),(114,'Tanya','P.O. Box 922, 2348 Vehicula Ave','P.O. Box 327, 7235 Non Avenue','consectetuer adipiscing elit. Curabitur sed tortor. Integer aliquam adipiscing lacus.'),(115,'Hall','Ap #584-9286 Ultrices Av.','Ap #550-3803 Elit, Av.','tincidunt congue turpis. In condimentum.'),(116,'Tarik','8533 Nunc, St.','124-3231 Tristique St.','ut ipsum ac mi eleifend egestas. Sed pharetra,'),(117,'Ebony','714-218 Amet, Rd.','7132 Sollicitudin Street','enim, condimentum eget, volutpat ornare, facilisis eget,'),(118,'Chester','Ap #629-4395 Volutpat. St.','P.O. Box 352, 623 Ac Rd.','libero. Integer in magna. Phasellus dolor'),(119,'Duncan','902-9443 Porttitor Ave','P.O. Box 312, 3183 Leo. Av.','massa non ante bibendum ullamcorper. Duis cursus,'),(120,'Kieran','Ap #372-5600 Gravida. Rd.','627 A, Road','lacinia. Sed congue, elit'),(121,'Griffith','503-7501 Semper Street','512-4715 Dui Rd.','Curae;'),(122,'Felix','Ap #619-2727 Donec Rd.','6151 Augue Rd.','mollis nec,'),(123,'Oleg','998 Tortor. Rd.','Ap #233-9567 Mollis Avenue','Proin velit. Sed malesuada augue'),(124,'Daniel','P.O. Box 380, 5468 Amet Ave','Ap #230-9651 Semper Road','Vivamus nibh dolor,'),(125,'Plato','8176 Sed, Street','Ap #610-4943 Nisl Street','urna justo faucibus lectus,'),(126,'Flynn','P.O. Box 391, 4488 Integer Avenue','P.O. Box 279, 4610 Risus. Rd.','Integer eu lacus. Quisque imperdiet, erat'),(127,'Ciaran','872-4233 Mollis Road','Ap #803-8409 Nam Ave','vel est tempor bibendum. Donec felis orci,'),(128,'Bertha','P.O. Box 144, 3358 Enim. Rd.','P.O. Box 705, 3492 Eu, Av.','velit'),(129,'Wesley','Ap #438-4259 In Avenue','3582 Integer Ave','tempus mauris erat eget ipsum. Suspendisse sagittis. Nullam vitae'),(130,'Morgan','P.O. Box 389, 2321 Egestas. Street','1651 Orci. Road','lacus. Cras interdum. Nunc'),(131,'Tyrone','793-7074 Enim St.','677-3834 Lorem, Ave','Pellentesque tincidunt tempus risus. Donec egestas.'),(132,'Maisie','3666 Curabitur Rd.','1907 Cum St.','lobortis augue scelerisque mollis. Phasellus libero'),(133,'Athena','Ap #784-4891 Libero Ave','6935 Ipsum. Ave','purus'),(134,'Cherokee','Ap #782-7805 Cursus St.','Ap #529-8322 Dictum Avenue','at pretium aliquet,'),(135,'Porter','310-4872 Arcu. Rd.','P.O. Box 658, 1224 Consequat Av.','sit amet orci. Ut sagittis lobortis mauris.'),(136,'Beck','Ap #942-6002 Sed Ave','Ap #869-5317 Maecenas St.','nibh sit amet orci.'),(137,'Noelani','Ap #695-832 Aliquam Rd.','384-1377 Non St.','massa. Quisque porttitor eros nec tellus. Nunc'),(138,'Nathan','3450 Eros. Avenue','P.O. Box 859, 4680 Sit Street','rutrum lorem ac risus. Morbi metus. Vivamus euismod'),(139,'Remedios','P.O. Box 603, 277 Fermentum Street','P.O. Box 553, 4023 Facilisis. St.','erat eget ipsum. Suspendisse sagittis. Nullam vitae diam.'),(140,'Stacey','P.O. Box 359, 9415 Tempor Street','610-8639 Dictum St.','congue a, aliquet vel, vulputate eu, odio. Phasellus at'),(141,'Brock','Ap #761-8346 Ut St.','378-5056 Sem Rd.','viverra. Maecenas iaculis aliquet diam. Sed diam lorem, auctor quis,'),(142,'Deacon','Ap #173-5421 Tellus. St.','824-8136 Quis Av.','ridiculus mus. Donec dignissim magna a tortor. Nunc commodo auctor'),(143,'Cheryl','567-7298 Magna Rd.','P.O. Box 963, 4045 Vel St.','Aenean eget magna. Suspendisse'),(144,'Celeste','953-8094 Nulla St.','P.O. Box 327, 8240 Nec Avenue','diam. Sed'),(145,'Renee','9845 Purus, Ave','785-2276 Ut Ave','ut dolor dapibus'),(146,'Evan','Ap #826-5944 Est. St.','918-8633 Bibendum Rd.','Maecenas malesuada fringilla est. Mauris eu turpis.'),(147,'Shannon','467-7503 Eu Ave','529-8731 Quam. Av.','mi. Duis risus odio, auctor vitae, aliquet nec, imperdiet'),(148,'Tanisha','503-6752 Primis St.','Ap #248-9430 Lobortis Av.','mauris a nunc.'),(149,'Jonas','663-679 Lorem, St.','837-6911 Aenean Street','ut erat.'),(150,'Shad','671-3574 Risus. Ave','798-8504 Ut Rd.','purus. Nullam scelerisque neque sed sem egestas blandit. Nam'),(151,'Zelda','787-6931 Tellus Rd.','P.O. Box 622, 556 Lectus St.','ac'),(152,'Amir','9450 Vehicula Av.','P.O. Box 340, 7731 Magnis Avenue','cursus'),(153,'Herrod','101-6603 Tellus, Street','4900 Et Av.','hendrerit a, arcu. Sed'),(154,'Piper','P.O. Box 779, 1325 Velit Ave','P.O. Box 764, 5457 Posuere Avenue','facilisis eget,'),(155,'Maryam','Ap #928-8174 Purus Avenue','596-6786 Eu Av.','ullamcorper eu, euismod ac, fermentum vel,'),(156,'Blaze','P.O. Box 737, 9322 Montes, Street','237-2702 Morbi St.','neque sed dictum'),(157,'Alma','P.O. Box 748, 5112 Placerat St.','Ap #448-2434 Cursus Rd.','velit. Quisque'),(158,'Kylee','P.O. Box 901, 5969 Quam. Ave','P.O. Box 208, 4270 Nec, Road','sed dolor. Fusce mi lorem, vehicula et, rutrum'),(159,'Aaron','Ap #685-1345 Leo. Rd.','8052 Mauris St.','Integer vitae nibh. Donec est mauris, rhoncus'),(160,'Phelan','Ap #365-6701 Molestie Rd.','P.O. Box 253, 1485 Lorem. Rd.','eget,'),(161,'Alexa','2446 Semper. St.','Ap #464-8668 Tellus Ave','Mauris quis turpis vitae purus gravida sagittis. Duis gravida.'),(162,'Mara','P.O. Box 196, 9576 Nulla Rd.','Ap #311-2790 Nunc St.','lectus. Cum sociis natoque penatibus et magnis dis parturient montes,'),(163,'Dahlia','134-9505 Arcu. Street','Ap #926-347 Iaculis, Av.','Cum sociis natoque'),(164,'Nash','5539 Penatibus Road','Ap #754-5430 Proin Av.','metus. In nec orci. Donec nibh. Quisque nonummy ipsum'),(165,'Tanek','Ap #213-5715 Nulla. Rd.','P.O. Box 150, 6427 Semper Rd.','Ut sagittis lobortis mauris. Suspendisse aliquet molestie tellus. Aenean egestas'),(166,'Mohammad','P.O. Box 499, 2946 Aliquam Road','804-9424 Sed Rd.','malesuada fames ac turpis'),(167,'Tyler','909-5348 Libero Road','511 Iaculis Rd.','metus facilisis lorem tristique aliquet. Phasellus fermentum'),(168,'Gail','Ap #119-3188 Massa. St.','Ap #792-7918 Faucibus Rd.','lorem, auctor'),(169,'Tanner','Ap #403-5913 Lectus St.','Ap #510-6364 Tristique Road','imperdiet ornare.'),(170,'Hilda','Ap #731-1085 Orci. Ave','270-8726 Cursus, St.','blandit enim consequat purus. Maecenas'),(171,'Dara','7045 Ligula. St.','P.O. Box 151, 2151 Egestas Rd.','semper tellus id nunc interdum feugiat. Sed nec metus'),(172,'Chaim','P.O. Box 976, 2481 Pede Av.','Ap #929-5988 Erat Av.','Nulla tincidunt, neque'),(173,'Barbara','Ap #311-2111 Placerat St.','P.O. Box 518, 8753 Orci. Avenue','mi fringilla mi lacinia mattis. Integer'),(174,'Curran','Ap #605-1255 Eget Street','P.O. Box 860, 514 Orci. Rd.','est'),(175,'Xaviera','8514 Nascetur Av.','441-7759 Nulla Street','ullamcorper magna. Sed'),(176,'Sigourney','P.O. Box 136, 7291 Elementum Rd.','Ap #964-9436 Primis Ave','gravida sit'),(177,'Courtney','Ap #856-4347 Orci. St.','449-4798 Vel St.','ac tellus. Suspendisse sed dolor. Fusce mi lorem,'),(178,'Brock','Ap #786-8815 Lobortis, St.','Ap #256-6753 Sem. Av.','Proin eget odio. Aliquam vulputate'),(179,'Jeremy','7884 Non, Rd.','5520 Luctus Av.','massa.'),(180,'Colorado','904-5676 Justo Street','Ap #972-3295 Nibh Ave','risus, at'),(181,'Brent','Ap #939-7763 Nunc Av.','Ap #405-5953 Ipsum Rd.','pretium aliquet, metus urna'),(182,'Ethan','Ap #839-7628 Donec Street','Ap #838-4608 Enim. St.','diam lorem, auctor quis, tristique'),(183,'Liberty','Ap #268-4251 Nec St.','5549 Ultrices Av.','ac mattis semper, dui lectus'),(184,'Macy','Ap #925-2673 Ultrices Road','Ap #318-7997 Cras St.','per inceptos hymenaeos. Mauris ut quam'),(185,'Brady','6045 Sed Rd.','607-2773 Eu Street','sit amet,'),(186,'Talon','Ap #432-4050 Amet Road','Ap #337-2353 Eu, Rd.','Fusce aliquam, enim'),(187,'Gary','Ap #308-3818 Non, St.','Ap #740-8631 Sed St.','Donec feugiat metus sit amet ante.'),(188,'Michelle','904-8122 Cras Av.','Ap #803-5741 Dignissim Ave','dolor. Fusce mi'),(189,'Lareina','Ap #555-9375 Sed Av.','P.O. Box 849, 1157 Eu Ave','pede'),(190,'Noble','920 Ante. St.','1950 Pede. Av.','mauris ipsum porta elit, a feugiat tellus lorem eu metus.'),(191,'Hiroko','7122 Sagittis. Rd.','Ap #457-3019 Etiam Avenue','elit, pellentesque a, facilisis non, bibendum sed, est. Nunc laoreet'),(192,'Cullen','7305 Eget Street','Ap #921-2763 At Avenue','vel est tempor bibendum. Donec felis orci,'),(193,'Beck','Ap #953-7631 Elit, Rd.','3184 Interdum. St.','penatibus et'),(194,'Burke','189-6196 Mauris Rd.','Ap #956-9368 Aliquam Rd.','tortor,'),(195,'Arden','154-6735 Tellus Ave','P.O. Box 808, 8953 Feugiat. Rd.','fringilla. Donec'),(196,'Holmes','Ap #549-5467 Ut Road','Ap #184-3795 Diam St.','eros. Proin ultrices. Duis volutpat nunc sit amet'),(197,'Lysandra','P.O. Box 213, 3300 Ante Avenue','P.O. Box 862, 6497 Nunc Rd.','dapibus id, blandit at,'),(198,'Caryn','P.O. Box 439, 9830 Convallis Rd.','Ap #647-3055 Enim. Ave','et magnis dis parturient montes, nascetur ridiculus mus. Proin vel'),(199,'Joseph','170-7686 Cursus Street','1494 Sem St.','at'),(200,'Hamish','Ap #116-6545 Velit. St.','3132 Curabitur Street','tincidunt dui augue eu tellus. Phasellus elit pede, malesuada'),(201,'Jordan','2468 Dui Rd.','Ap #745-9749 Mollis Rd.','aliquet vel, vulputate eu, odio. Phasellus at'),(202,'Cameron','Ap #812-5982 Fringilla St.','Ap #693-3809 Arcu. Road','eget tincidunt dui augue eu tellus.'),(203,'Hayden','993-2868 Aptent Ave','1196 Turpis. Ave','vulputate ullamcorper magna. Sed eu eros. Nam consequat'),(204,'Amaya','P.O. Box 638, 2345 Lacus. Rd.','9287 Mauris Ave','Curabitur ut odio vel est tempor'),(205,'Hermione','Ap #963-9253 Ipsum Road','P.O. Box 660, 5667 Erat Av.','in'),(206,'Xanthus','P.O. Box 452, 9265 Praesent Av.','P.O. Box 562, 5735 In St.','mattis. Cras eget nisi dictum augue malesuada'),(207,'Bree','443-3259 Malesuada Road','P.O. Box 957, 1284 Dictum. Av.','sem elit, pharetra ut, pharetra sed, hendrerit a,'),(208,'Quon','Ap #647-8617 Erat. Rd.','335-3126 A, St.','luctus ut, pellentesque eget, dictum'),(209,'James','604-8975 Tincidunt, Street','176-6661 Ut, St.','Aliquam tincidunt, nunc'),(210,'Christopher','Ap #972-1586 Vivamus St.','6683 In Road','ac, eleifend vitae, erat. Vivamus'),(211,'Latifah','6930 Sagittis Rd.','679-3567 Arcu. Rd.','lorem ut aliquam iaculis, lacus pede sagittis augue, eu tempor'),(212,'Julie','Ap #690-8750 Eu St.','P.O. Box 930, 7309 Turpis Rd.','Donec'),(213,'Hillary','8474 Et, Road','P.O. Box 963, 4926 Mollis Avenue','vel pede blandit'),(214,'Thomas','P.O. Box 687, 2967 Nec, Av.','697-768 Enim Ave','id ante dictum cursus.'),(215,'Medge','999-2605 Egestas Street','986-1045 Nunc Av.','urna justo faucibus lectus, a sollicitudin orci sem eget massa.'),(216,'Daniel','2182 Elit. Avenue','3204 Dignissim St.','cursus et, magna. Praesent interdum'),(217,'Cody','P.O. Box 839, 7851 Vehicula Rd.','3423 Tempus Av.','et, commodo at, libero. Morbi accumsan laoreet ipsum. Curabitur'),(218,'Petra','1283 Blandit Rd.','P.O. Box 328, 7007 Tempus, Ave','purus. Duis elementum, dui quis'),(219,'Ina','430-7945 Libero St.','P.O. Box 686, 6435 Curae; Ave','Proin eget odio. Aliquam vulputate ullamcorper magna.'),(220,'Uriel','P.O. Box 640, 1700 Vulputate, Rd.','445-6965 Dui, Road','sapien. Cras dolor dolor, tempus non,'),(221,'Beau','P.O. Box 336, 2781 Luctus St.','898-404 Elit Road','sed dictum eleifend, nunc risus'),(222,'Dominic','Ap #567-4419 Sit Av.','P.O. Box 515, 2269 Pellentesque Rd.','id risus quis diam luctus'),(223,'Regan','4493 Morbi Street','P.O. Box 479, 3898 Eget Ave','a felis ullamcorper viverra.'),(224,'Caryn','P.O. Box 170, 5853 Enim, Rd.','2395 Mauris Avenue','vel arcu. Curabitur ut'),(225,'Jasmine','Ap #674-5654 Quisque Rd.','6947 Congue. Street','enim commodo hendrerit. Donec porttitor tellus'),(226,'Nadine','Ap #964-8038 Donec Street','9763 Nec Av.','luctus ut, pellentesque eget, dictum'),(227,'Chadwick','976-4467 Donec Av.','1838 Pede, Avenue','dui. Cras pellentesque. Sed dictum.'),(228,'Glenna','2797 Fusce Avenue','941-1309 Eu Street','feugiat non, lobortis quis, pede. Suspendisse'),(229,'Jamalia','324-1166 Faucibus Road','Ap #712-8673 Et, Ave','vulputate dui, nec tempus mauris erat'),(230,'Christopher','Ap #241-7987 Integer Rd.','P.O. Box 476, 6155 Penatibus Avenue','semper, dui lectus rutrum urna,'),(231,'Branden','P.O. Box 388, 7048 Sapien Street','P.O. Box 308, 3088 Ornare. Avenue','nec urna suscipit nonummy.'),(232,'Aiko','Ap #283-6424 In, Road','P.O. Box 805, 2011 Diam Avenue','ligula. Nullam feugiat placerat velit. Quisque'),(233,'Uriah','3469 Conubia Avenue','9692 Curabitur St.','mus. Donec dignissim magna'),(234,'Edan','Ap #109-4816 Aliquet. St.','243-5279 Inceptos Avenue','eleifend nec, malesuada ut,'),(235,'Devin','Ap #415-1429 Consequat, Rd.','Ap #447-2191 Nisi. Ave','non, hendrerit id, ante. Nunc mauris sapien, cursus in,'),(236,'Kiayada','Ap #219-1437 Convallis Street','P.O. Box 592, 113 Dictum. Rd.','tempus non, lacinia'),(237,'Regan','Ap #250-1784 Posuere St.','184 Risus. Ave','nulla. Donec non justo. Proin non massa non ante'),(238,'Ivana','9156 Mauris Rd.','P.O. Box 288, 4379 Lectus. Av.','ornare egestas'),(239,'Jelani','724-6299 Euismod St.','563-944 Quis, Rd.','cubilia Curae; Donec tincidunt. Donec vitae erat vel pede'),(240,'Wade','781-1032 Morbi Ave','Ap #503-6272 Sed, Ave','sed orci'),(241,'Ursa','P.O. Box 218, 8400 A, Ave','P.O. Box 306, 7623 Nisi Rd.','nec, imperdiet'),(242,'Erich','P.O. Box 377, 2821 Vulputate, Av.','644-2862 Nunc St.','eget metus. In nec orci. Donec nibh. Quisque'),(243,'Violet','P.O. Box 903, 5274 Amet Street','Ap #766-732 Lorem. Road','ligula.'),(244,'Rana','3748 At Ave','7527 Cursus Road','Phasellus ornare. Fusce mollis. Duis'),(245,'Sade','218-1657 Curabitur Rd.','465-6217 Sit Av.','et pede. Nunc sed orci lobortis augue scelerisque mollis. Phasellus'),(246,'Yoshio','9425 Sem Rd.','Ap #520-5296 Lobortis, Avenue','non justo. Proin'),(247,'Basil','Ap #574-8910 Pede Street','Ap #444-4137 Aliquet Ave','diam vel arcu. Curabitur'),(248,'Kaitlin','Ap #641-8121 Risus. St.','P.O. Box 110, 9507 Donec Ave','lorem semper auctor. Mauris'),(249,'Britanni','2989 Dui Av.','7968 Libero. Av.','malesuada. Integer id magna'),(250,'Bevis','554-5393 Sit Road','P.O. Box 625, 9335 Netus Street','quis lectus. Nullam suscipit, est ac facilisis facilisis, magna tellus'),(251,'Lysandra','5894 Lacus. Rd.','Ap #362-4090 Egestas. St.','Aliquam nec enim. Nunc ut erat. Sed nunc est, mollis'),(252,'Bert','Ap #319-4171 Cras Av.','490-3989 Duis St.','Phasellus in felis. Nulla'),(253,'Phelan','Ap #498-9853 Parturient St.','387-9043 Egestas, Avenue','tincidunt congue turpis. In condimentum. Donec at'),(254,'Kellie','Ap #791-8651 Aliquam Rd.','995-526 Ipsum St.','dolor'),(255,'Donna','2968 Scelerisque Rd.','2666 Sed Av.','nec, malesuada ut,'),(256,'Randall','P.O. Box 163, 4832 Vitae, Rd.','244-4004 Lobortis St.','pretium'),(257,'Reece','2401 Ipsum Rd.','P.O. Box 615, 138 Inceptos Ave','montes, nascetur ridiculus mus. Proin vel arcu eu'),(258,'Shannon','Ap #665-6894 Egestas. St.','P.O. Box 595, 425 Lorem, Avenue','dolor. Donec fringilla. Donec feugiat metus sit amet ante. Vivamus'),(259,'Kibo','2003 Ut Ave','P.O. Box 405, 7582 Lectus St.','Integer sem'),(260,'Alexa','753-5942 Suscipit St.','7964 Adipiscing Street','dis parturient montes, nascetur'),(261,'Melvin','P.O. Box 856, 2938 Augue Rd.','532 Morbi Rd.','eget metus. In nec orci. Donec nibh. Quisque nonummy ipsum'),(262,'Lenore','383-4371 Dignissim St.','P.O. Box 766, 3448 Est, Rd.','ut, sem. Nulla interdum. Curabitur dictum.'),(263,'Yetta','Ap #311-5247 Natoque Road','Ap #858-9558 Mi Rd.','est, congue a, aliquet vel, vulputate eu, odio. Phasellus'),(264,'Kaden','804-2223 Amet St.','P.O. Box 291, 6559 Tincidunt Ave','et, rutrum eu, ultrices sit amet, risus.'),(265,'Delilah','P.O. Box 997, 4949 Faucibus Rd.','P.O. Box 210, 3290 Risus. Ave','amet luctus vulputate, nisi sem semper'),(266,'Gillian','8396 Facilisis Ave','445-2957 Eu Ave','Quisque ornare tortor at risus. Nunc ac sem'),(267,'Wade','309-9626 Egestas Avenue','878 Posuere Rd.','tempor, est'),(268,'Phyllis','7847 Nibh St.','Ap #762-6941 Id Ave','facilisis eget, ipsum.'),(269,'Callum','2303 Nunc Road','755-1812 Maecenas Road','Quisque imperdiet, erat nonummy ultricies ornare,'),(270,'Sarah','Ap #335-4405 Tristique Street','Ap #854-8378 Lacus St.','neque. In ornare sagittis felis. Donec tempor, est ac'),(271,'Aaron','Ap #226-4477 Luctus, Rd.','7850 Aenean Rd.','Donec nibh enim, gravida sit amet, dapibus id, blandit at,'),(272,'Ethan','P.O. Box 315, 6463 Nonummy St.','496-1282 Molestie Rd.','ut, pharetra sed, hendrerit a,'),(273,'Ahmed','P.O. Box 748, 2376 Consequat Ave','6503 Sem Street','lorem, luctus ut, pellentesque eget, dictum placerat, augue. Sed'),(274,'Sybill','598-4473 Fermentum St.','Ap #290-6667 Mauris, Avenue','at, iaculis quis,'),(275,'Ivy','720-2331 Justo St.','777-5607 Libero Ave','orci'),(276,'Colorado','P.O. Box 886, 5488 Mus. Av.','6943 Mauris St.','euismod enim. Etiam gravida molestie arcu.'),(277,'Joshua','Ap #399-2572 Nullam Ave','406 Sed Avenue','Donec'),(278,'Dawn','P.O. Box 472, 8280 Convallis Ave','P.O. Box 856, 3272 Scelerisque Avenue','risus. Quisque libero lacus,'),(279,'Melodie','Ap #265-3550 Mi St.','1014 Porttitor Ave','vitae odio sagittis semper. Nam tempor diam dictum sapien.'),(280,'Gwendolyn','249-2658 A Ave','6514 Morbi Avenue','id nunc interdum feugiat. Sed'),(281,'Cameran','P.O. Box 903, 7020 Sem Road','Ap #486-7789 Mus. Road','Nullam feugiat placerat'),(282,'Clarke','P.O. Box 627, 9334 Sapien, Street','6191 Enim. Av.','bibendum sed, est. Nunc'),(283,'Ifeoma','P.O. Box 815, 1050 Nascetur Rd.','8628 Egestas. Road','Sed neque. Sed eget lacus. Mauris non dui'),(284,'Nicole','P.O. Box 975, 6752 Elit. Street','Ap #277-8682 Ornare St.','posuere cubilia Curae; Donec tincidunt. Donec vitae erat vel'),(285,'Summer','725-7217 Malesuada St.','P.O. Box 329, 6654 Imperdiet Rd.','dui, in sodales elit erat'),(286,'May','P.O. Box 175, 2076 Parturient Rd.','4246 Sed Road','magnis dis parturient montes, nascetur'),(287,'Carlos','P.O. Box 197, 6444 Nunc St.','Ap #298-9231 Ante, Ave','fringilla euismod enim. Etiam gravida molestie arcu. Sed eu'),(288,'Lacota','Ap #218-8864 Vel, Ave','Ap #570-1847 Aliquam Avenue','Phasellus'),(289,'Leandra','Ap #677-3138 Malesuada Rd.','Ap #516-2339 Sed Road','feugiat'),(290,'Larissa','566-9363 Vitae, Rd.','P.O. Box 332, 4250 Orci. Avenue','volutpat nunc sit'),(291,'Kuame','Ap #122-9179 Morbi Street','639-3473 Consectetuer Avenue','dui. Fusce'),(292,'Willow','Ap #461-2597 Orci. Av.','P.O. Box 273, 4575 Eget St.','dolor sit amet, consectetuer'),(293,'Ian','689-1420 Egestas Road','3706 Fringilla Road','imperdiet ullamcorper. Duis at'),(294,'Evan','205-6863 Non, Road','P.O. Box 335, 4386 Luctus, Ave','mi. Aliquam gravida mauris ut'),(295,'Daniel','7960 Maecenas Avenue','Ap #727-4216 Morbi Street','dis parturient montes, nascetur ridiculus mus. Aenean eget magna.'),(296,'Philip','9225 Nam St.','Ap #839-521 Et, St.','lacinia mattis. Integer eu lacus.'),(297,'Keely','Ap #155-3167 Augue Av.','Ap #426-6386 Nec, Road','id ante dictum cursus. Nunc'),(298,'Noelani','Ap #574-6865 Litora Avenue','590-1758 Consectetuer, Rd.','Donec sollicitudin'),(299,'Quincy','Ap #428-4755 Iaculis St.','4461 Pharetra St.','posuere, enim'),(300,'Keaton','P.O. Box 411, 2225 Tempor St.','304-7040 Ligula. Av.','sollicitudin commodo ipsum. Suspendisse non'),(301,'Basil','350 Egestas St.','P.O. Box 897, 789 Est. Street','ligula eu enim. Etiam imperdiet dictum magna. Ut tincidunt'),(302,'Germaine','564-2623 Sed, Rd.','964-5692 Tincidunt Ave','Donec tempus, lorem fringilla ornare placerat, orci lacus'),(303,'Adrienne','Ap #783-190 Risus. St.','P.O. Box 123, 7530 Eu St.','nec, mollis vitae, posuere at,'),(304,'Idola','2549 Natoque Ave','287-2151 Fusce Rd.','Vivamus rhoncus. Donec'),(305,'Azalia','554-8320 Curabitur Rd.','P.O. Box 435, 5252 Vitae Road','gravida non, sollicitudin a,'),(306,'Kaseem','487-7381 Donec St.','2993 Congue. St.','pellentesque. Sed dictum.'),(307,'Wynne','Ap #676-8256 Sed Av.','Ap #250-5925 Ultrices, St.','dictum mi, ac mattis velit justo nec ante. Maecenas'),(308,'Uriel','P.O. Box 247, 7175 Ut Street','7265 Ultricies Road','molestie in, tempus eu, ligula. Aenean euismod'),(309,'Molly','4717 Gravida St.','315-646 Dolor Rd.','eu odio tristique pharetra. Quisque ac'),(310,'Paul','P.O. Box 892, 7745 Habitant St.','832-6554 Luctus, Rd.','amet ante. Vivamus non lorem vitae odio sagittis semper. Nam'),(311,'Camden','P.O. Box 452, 3127 Et St.','Ap #950-2442 Aenean Road','quam a felis ullamcorper viverra.'),(312,'Patricia','8516 Nec Ave','620-3246 Praesent Rd.','non, feugiat'),(313,'Yetta','149-9581 Fringilla Avenue','Ap #436-7870 Porttitor Avenue','fermentum fermentum arcu. Vestibulum ante ipsum'),(314,'Kylan','3059 Nulla Avenue','P.O. Box 951, 5339 Cras Av.','montes, nascetur ridiculus mus. Proin vel nisl. Quisque fringilla euismod'),(315,'Heather','304-5398 Elit, St.','Ap #471-1649 Tempus Avenue','sit amet ornare lectus'),(316,'Shelley','Ap #824-6916 Tincidunt, St.','412-5603 Nisi St.','Nulla tincidunt, neque vitae semper egestas,'),(317,'Noble','118-7767 Lobortis Road','P.O. Box 809, 7184 Neque. Road','eget ipsum. Suspendisse sagittis.'),(318,'Christian','Ap #264-9683 Curabitur Ave','5510 At Street','aliquam arcu. Aliquam'),(319,'Freya','Ap #622-4589 Metus. Av.','9848 Nisl. Street','neque tellus, imperdiet non, vestibulum nec,'),(320,'Lani','Ap #371-4937 Erat St.','Ap #989-6301 Ante Rd.','velit.'),(321,'Iona','996-7338 Sem, St.','599-1327 Diam Avenue','nisi dictum augue malesuada'),(322,'Moses','527-6129 Pede, Av.','688-724 Sed Street','libero mauris, aliquam'),(323,'Gray','Ap #419-3890 In Av.','9351 Tincidunt, Avenue','diam. Pellentesque habitant morbi tristique senectus et netus'),(324,'Felicia','5694 Habitant Av.','P.O. Box 686, 7263 Dis Rd.','metus. In nec orci.'),(325,'Walter','3106 Massa St.','6708 Placerat. Street','dictum ultricies ligula. Nullam enim.'),(326,'Price','P.O. Box 196, 2977 Congue, St.','Ap #982-1096 Facilisis Road','nulla. In tincidunt congue turpis. In'),(327,'Denise','Ap #986-5067 Tincidunt Avenue','Ap #437-1126 Duis Av.','Quisque imperdiet, erat'),(328,'Dieter','818-1988 Ullamcorper, Av.','Ap #841-7832 Nunc Ave','et'),(329,'Kyla','580-8948 Fermentum St.','P.O. Box 413, 9361 Metus. St.','tellus non magna. Nam ligula elit, pretium et, rutrum'),(330,'Lael','Ap #150-1507 Placerat, Rd.','P.O. Box 814, 493 Mauris Ave','in consequat enim'),(331,'Jada','Ap #894-1684 Nec, Road','776-9339 Consequat St.','consequat enim diam'),(332,'Jamalia','Ap #432-8070 Amet Ave','P.O. Box 185, 9283 Posuere Avenue','enim consequat purus. Maecenas'),(333,'Plato','7102 Nisi Rd.','483-5814 Velit. Rd.','ac sem ut dolor dapibus gravida. Aliquam tincidunt, nunc ac'),(334,'Adena','Ap #974-334 Quisque Avenue','582-5013 Vestibulum. Avenue','sagittis. Duis gravida. Praesent eu nulla at'),(335,'Christian','P.O. Box 131, 7873 Nulla. Rd.','P.O. Box 592, 615 Scelerisque Road','Praesent eu dui. Cum sociis natoque penatibus et'),(336,'Elliott','P.O. Box 749, 3060 Eget Ave','752-2696 Euismod St.','fermentum risus, at fringilla purus mauris'),(337,'Shafira','Ap #985-5326 Gravida Av.','6805 Interdum Street','felis,'),(338,'Brent','P.O. Box 901, 9162 Vulputate Ave','548-821 Suspendisse Rd.','egestas, urna justo faucibus lectus, a sollicitudin orci sem eget'),(339,'Glenna','416-3751 Lobortis Ave','8272 In Ave','auctor velit. Aliquam nisl. Nulla eu neque'),(340,'Kirsten','273-6003 Odio Street','1833 Sapien. Rd.','risus. Quisque libero lacus, varius et, euismod et, commodo at,'),(341,'Kessie','6888 Nec, Street','4261 Sed Av.','imperdiet nec, leo. Morbi'),(342,'Hayfa','737-4611 Ligula. Ave','6416 Primis Av.','Morbi accumsan laoreet ipsum. Curabitur consequat, lectus sit amet'),(343,'Brianna','2342 Massa. Rd.','7744 Morbi Avenue','sem ut dolor dapibus'),(344,'Bevis','685-7819 Duis Street','Ap #436-1218 Interdum. Street','ac, fermentum'),(345,'Macon','Ap #252-4537 Velit Road','P.O. Box 676, 7536 Magna St.','velit. Aliquam'),(346,'Carson','8643 Lorem Av.','8878 Nunc. Road','in, tempus eu, ligula.'),(347,'Nasim','1241 Arcu. Rd.','Ap #278-776 Nunc St.','amet, faucibus ut, nulla.'),(348,'Boris','Ap #640-2638 Vivamus Rd.','P.O. Box 643, 2345 Mauris St.','mi. Aliquam'),(349,'Abigail','Ap #353-3104 Quam Road','P.O. Box 989, 4598 Justo St.','Nunc'),(350,'Ross','769-8507 Sit Avenue','9114 Metus Rd.','nulla. Cras eu tellus eu augue porttitor'),(351,'Keith','Ap #760-2278 Consectetuer St.','103-5164 Nunc Rd.','mauris ut mi. Duis risus odio, auctor'),(352,'Brielle','3692 Magna. St.','292-9770 Ornare Ave','sit amet massa. Quisque porttitor'),(353,'Clare','Ap #679-4674 Non, Rd.','282-7687 Arcu. Rd.','purus ac tellus. Suspendisse sed dolor. Fusce mi lorem, vehicula'),(354,'Merritt','P.O. Box 427, 4100 Pede St.','Ap #540-225 Rutrum Rd.','in faucibus orci luctus et ultrices posuere cubilia Curae; Donec'),(355,'Baker','Ap #134-6661 Nunc Rd.','581-4435 Et St.','mi eleifend egestas. Sed pharetra, felis'),(356,'Ali','Ap #767-3574 Sit Street','5963 Turpis Road','Morbi accumsan laoreet ipsum. Curabitur'),(357,'Colt','P.O. Box 496, 2958 Feugiat Rd.','Ap #993-2528 Convallis, Road','magnis dis parturient montes, nascetur ridiculus mus.'),(358,'Stephanie','P.O. Box 877, 6267 Cras Ave','5072 Facilisis Av.','Maecenas iaculis aliquet diam. Sed diam lorem, auctor'),(359,'Gavin','P.O. Box 508, 3900 Nulla. Rd.','2516 Sed Road','malesuada fames'),(360,'Nerea','P.O. Box 115, 4879 Aliquet St.','6295 Cras Avenue','Aenean eget metus. In nec orci. Donec nibh. Quisque'),(361,'Ignatius','9196 Urna. Road','1829 Nibh Road','ac risus. Morbi metus.'),(362,'Neve','971-3223 Libero St.','381-6606 Eget Rd.','quam. Pellentesque habitant morbi'),(363,'Hasad','P.O. Box 432, 3957 Euismod Street','P.O. Box 169, 468 In Avenue','risus.'),(364,'Faith','4187 Fermentum Avenue','Ap #864-5167 Ipsum St.','enim nisl elementum purus, accumsan interdum libero dui'),(365,'Giacomo','681-4756 Id Rd.','P.O. Box 350, 1903 Ante, Avenue','id, blandit at,'),(366,'Norman','7867 Maecenas Av.','Ap #955-3583 Neque Av.','ut erat. Sed nunc est, mollis non, cursus'),(367,'Barrett','P.O. Box 830, 6438 Nibh Street','197-9826 Purus Street','eget nisi dictum augue malesuada malesuada. Integer'),(368,'Holly','2015 Eget St.','P.O. Box 704, 1749 Tempor St.','sagittis semper. Nam tempor diam dictum'),(369,'Tana','513-1102 Ornare Rd.','656-4055 Aliquet Av.','tristique ac, eleifend vitae, erat. Vivamus nisi. Mauris'),(370,'Ulla','291 Risus. Rd.','P.O. Box 136, 7742 Fringilla Avenue','Etiam'),(371,'Hillary','P.O. Box 827, 7432 Mauris Avenue','5806 Adipiscing Street','ante. Vivamus non lorem vitae odio sagittis'),(372,'Shelby','P.O. Box 564, 4245 Iaculis Ave','8209 Odio Av.','blandit at, nisi. Cum sociis natoque penatibus et magnis dis'),(373,'Felicia','641-306 Neque St.','1272 Metus Street','urna. Vivamus molestie dapibus ligula. Aliquam'),(374,'Evelyn','Ap #246-9624 Id St.','261-1990 Vitae Avenue','a, facilisis non, bibendum sed, est. Nunc laoreet'),(375,'Alexandra','903-2623 Luctus Road','4901 Lobortis. St.','molestie pharetra'),(376,'Victoria','P.O. Box 443, 3651 Pretium Avenue','7180 Mauris St.','sagittis. Duis gravida. Praesent eu nulla at sem molestie'),(377,'Frances','9072 Neque St.','P.O. Box 595, 4636 Arcu St.','est ac mattis semper,'),(378,'Penelope','P.O. Box 950, 6606 Donec Rd.','1934 Tortor. Av.','Donec non justo. Proin non massa non ante'),(379,'Ann','631-5659 Pede Rd.','2164 Ut Rd.','neque. Sed eget lacus. Mauris'),(380,'Wilma','Ap #779-7816 Mauris Av.','Ap #724-1279 Quam Road','Curabitur ut odio vel est tempor bibendum. Donec felis'),(381,'Colt','P.O. Box 708, 5929 Ut Rd.','4592 Aliquet St.','luctus et ultrices'),(382,'Barry','552-6360 Tristique Avenue','Ap #337-3991 Vulputate, Rd.','vestibulum massa rutrum magna. Cras convallis convallis dolor. Quisque tincidunt'),(383,'Walker','P.O. Box 605, 5365 Facilisis Road','P.O. Box 566, 5192 Ac, Avenue','a, enim. Suspendisse aliquet, sem ut cursus'),(384,'Virginia','P.O. Box 376, 1846 Vitae, Rd.','8530 Tristique Ave','mollis. Integer tincidunt aliquam arcu. Aliquam ultrices iaculis'),(385,'Nerea','Ap #813-2700 Lobortis Avenue','P.O. Box 733, 1219 Eu Rd.','sit amet, consectetuer adipiscing elit. Curabitur sed tortor. Integer'),(386,'Bruno','9353 Morbi St.','Ap #483-7686 Eleifend Road','elementum purus, accumsan interdum libero'),(387,'Rosalyn','P.O. Box 578, 3668 Sed, St.','5540 Aenean Ave','sapien, cursus in,'),(388,'Lillian','810-7086 Pharetra, Road','299-5739 Magna. Av.','gravida non, sollicitudin a, malesuada id, erat.'),(389,'Kessie','176-7921 Litora Rd.','Ap #294-2044 Aenean St.','vehicula risus. Nulla eget'),(390,'Dawn','Ap #187-7969 Duis Avenue','Ap #817-3700 Euismod St.','tempor augue ac ipsum. Phasellus vitae mauris sit'),(391,'Emerald','P.O. Box 108, 8371 Congue. Rd.','P.O. Box 488, 3646 Urna Road','Nullam lobortis quam'),(392,'Mufutau','P.O. Box 736, 703 Eget St.','396-4147 In Ave','justo.'),(393,'Theodore','6337 Nam St.','P.O. Box 938, 1416 Non Rd.','egestas a, dui. Cras pellentesque. Sed dictum. Proin eget'),(394,'Aidan','742 Adipiscing, Road','520-5278 Adipiscing. St.','Curabitur vel lectus. Cum sociis'),(395,'Fritz','P.O. Box 566, 872 Dui. Rd.','718-1443 Cursus St.','gravida molestie arcu. Sed eu'),(396,'Anne','P.O. Box 848, 9430 Et Av.','358-6197 A Street','semper rutrum. Fusce dolor quam, elementum'),(397,'Camilla','637-7519 Aliquam Rd.','Ap #410-8758 Luctus Rd.','lorem ipsum sodales purus, in'),(398,'Giselle','386-4424 Est, Ave','P.O. Box 656, 9200 Nulla Ave','Aliquam tincidunt, nunc ac mattis ornare, lectus ante dictum mi,'),(399,'Uta','9699 Dolor. Ave','216-624 Suspendisse Ave','ipsum porta elit, a'),(400,'Fitzgerald','P.O. Box 938, 6709 Eu Ave','P.O. Box 560, 5710 Lorem Av.','sagittis felis.'),(401,'Mufutau','Ap #227-6079 Adipiscing St.','Ap #834-7572 Aenean St.','dictum. Phasellus in felis. Nulla'),(402,'Isaiah','Ap #271-9547 Lobortis Av.','Ap #858-7818 Nam Street','urna justo faucibus'),(403,'Mariko','Ap #469-7465 Non, Avenue','5869 Ut Av.','non lorem vitae odio sagittis semper. Nam tempor'),(404,'Octavius','P.O. Box 539, 339 Feugiat Av.','375-1570 Sagittis Rd.','non magna. Nam ligula elit, pretium et, rutrum non,'),(405,'Audra','437-2617 Risus. Rd.','9194 Elit St.','volutpat. Nulla dignissim. Maecenas ornare egestas ligula. Nullam feugiat'),(406,'Kai','Ap #510-2889 Suspendisse Avenue','Ap #985-6640 Pede Street','non, lobortis quis, pede. Suspendisse'),(407,'Cassidy','Ap #660-444 Egestas Rd.','557-7722 Faucibus Av.','ut dolor dapibus gravida.'),(408,'Dane','Ap #904-1847 Orci Av.','120-2250 Et, Avenue','pede. Cum sociis natoque penatibus et magnis dis'),(409,'Norman','8625 Lobortis St.','6122 Vel Av.','risus quis diam luctus lobortis. Class aptent taciti sociosqu ad'),(410,'Kathleen','P.O. Box 248, 5776 Vivamus Rd.','708-6271 Non St.','a,'),(411,'Hiroko','4506 Blandit St.','8383 Nonummy Rd.','neque sed dictum eleifend, nunc risus varius orci, in consequat'),(412,'Shelly','P.O. Box 699, 4970 Augue St.','Ap #854-7154 Tempus, Avenue','purus, in molestie tortor'),(413,'Carlos','P.O. Box 939, 4855 Nullam Road','6896 Mauris St.','natoque penatibus et magnis dis parturient'),(414,'Phillip','Ap #884-591 In Avenue','512-7583 Turpis Ave','diam at pretium aliquet,'),(415,'Warren','Ap #750-1724 Nullam Rd.','7281 Ac St.','Cum sociis natoque penatibus et'),(416,'Wanda','P.O. Box 841, 6891 Dictum Av.','P.O. Box 773, 1625 Nisl. Av.','Suspendisse aliquet molestie tellus. Aenean egestas hendrerit neque. In'),(417,'Candice','P.O. Box 222, 5161 Sagittis Av.','8440 Orci. St.','dictum. Phasellus in'),(418,'Tanner','P.O. Box 936, 3363 Cras Avenue','2704 Lorem Road','neque et nunc. Quisque ornare tortor at risus.'),(419,'Rhea','908-9524 Sit St.','2589 Dictum. Rd.','diam nunc, ullamcorper eu,'),(420,'Murphy','260 Dui Av.','P.O. Box 927, 2950 Facilisis Av.','magnis'),(421,'Ima','P.O. Box 699, 609 Ad Street','Ap #205-8869 Imperdiet Road','Mauris vestibulum, neque sed dictum eleifend, nunc'),(422,'Amber','1960 Dolor Street','P.O. Box 443, 5752 A St.','a neque. Nullam ut nisi a odio semper cursus.'),(423,'Nathaniel','600-354 Lobortis Rd.','Ap #131-9195 At Rd.','dui. Cum'),(424,'Lenore','P.O. Box 593, 632 Sit Ave','P.O. Box 215, 6003 Luctus St.','amet, dapibus'),(425,'Cody','999-4766 Fusce Avenue','P.O. Box 425, 9454 Risus. Av.','Donec tempor, est ac mattis semper, dui lectus rutrum'),(426,'Nash','P.O. Box 860, 7345 Pretium Rd.','353-6809 Cursus. St.','ligula. Aenean'),(427,'Allen','Ap #152-1719 Odio Road','270-537 Cras Street','taciti sociosqu ad litora torquent per conubia nostra, per inceptos'),(428,'Keelie','P.O. Box 397, 9856 Ornare Ave','6230 Auctor, Ave','ornare, lectus ante dictum mi, ac mattis'),(429,'Hayden','901-4044 Ipsum Rd.','209-7934 Mollis. Av.','morbi tristique senectus et netus et malesuada'),(430,'Ramona','Ap #960-5161 Cursus Avenue','P.O. Box 734, 3527 Dapibus Street','libero. Morbi accumsan laoreet ipsum. Curabitur consequat, lectus sit amet'),(431,'Chiquita','Ap #541-4187 Et Rd.','Ap #420-5004 Pharetra, Avenue','Cras dolor dolor, tempus non, lacinia at, iaculis'),(432,'Jessica','8836 Mauris Avenue','2937 Aliquam St.','dolor, tempus non, lacinia at, iaculis'),(433,'Sybill','854-588 Lobortis Rd.','3722 Condimentum. St.','neque sed sem egestas blandit. Nam nulla'),(434,'Bo','553-7644 Vulputate St.','1621 A, Rd.','enim, sit amet ornare lectus'),(435,'Martena','4715 Tempor St.','P.O. Box 348, 306 Metus Ave','tellus lorem eu metus. In lorem.'),(436,'Illiana','9796 Ac Street','656-9465 Nullam Street','Curabitur massa. Vestibulum'),(437,'Quamar','Ap #208-1209 Lacus. Av.','P.O. Box 495, 6323 Ipsum Ave','ac arcu. Nunc mauris. Morbi'),(438,'Teegan','304-6464 Urna. Rd.','838 Gravida Avenue','eleifend. Cras sed leo. Cras vehicula aliquet'),(439,'Arthur','231-2223 Sed Road','2496 Ut, Avenue','mi'),(440,'Fatima','P.O. Box 277, 7162 Donec Road','P.O. Box 243, 8985 Euismod Avenue','fermentum fermentum arcu. Vestibulum ante ipsum primis'),(441,'Quin','450-3405 Feugiat Street','318-7552 Tristique Ave','ornare lectus justo eu arcu. Morbi sit amet massa.'),(442,'Ira','843-1152 Vulputate Rd.','431-5727 Ac Rd.','pede nec ante blandit viverra. Donec tempus,'),(443,'Kaye','Ap #766-7898 Suscipit St.','P.O. Box 531, 2390 Cursus. St.','quis massa. Mauris vestibulum, neque sed dictum'),(444,'Althea','Ap #843-6382 Neque St.','P.O. Box 594, 8471 At St.','gravida. Praesent eu'),(445,'Jasmine','Ap #941-5794 In Ave','Ap #808-9159 Eu, Road','nulla vulputate dui, nec tempus mauris erat eget ipsum.'),(446,'Mollie','776-1799 Nulla Rd.','311-5880 Magna. St.','egestas, urna justo faucibus lectus, a sollicitudin orci sem eget'),(447,'Destiny','977-1057 Elit. Rd.','P.O. Box 982, 9704 Neque St.','porttitor tellus'),(448,'Olivia','617-9783 Lacus St.','624-4360 Pharetra. Ave','nec'),(449,'Kareem','Ap #394-4850 Sapien, Rd.','6148 Elementum Rd.','vel arcu. Curabitur ut odio vel'),(450,'Isabella','Ap #461-6381 Lectus. Avenue','3357 Nam Ave','est, vitae sodales nisi'),(451,'Montana','7105 Sit Ave','Ap #267-6248 Suscipit, Rd.','ac mattis semper, dui lectus rutrum'),(452,'Vance','P.O. Box 111, 7952 Cursus St.','917-8987 Diam Ave','mi. Aliquam gravida mauris ut mi. Duis'),(453,'Kiara','9466 Ullamcorper St.','P.O. Box 166, 6682 Ac Ave','Nam nulla magna, malesuada vel, convallis in, cursus et, eros.'),(454,'Geraldine','Ap #628-1274 Neque. St.','Ap #182-3289 Aliquam Rd.','est, vitae sodales nisi magna sed'),(455,'Dylan','P.O. Box 312, 3244 Erat. Avenue','P.O. Box 192, 6437 Dolor Rd.','tristique senectus et netus et malesuada fames ac turpis'),(456,'Jade','P.O. Box 182, 264 Parturient St.','4358 Lacus. St.','hendrerit consectetuer, cursus'),(457,'Tatyana','294-942 Enim. Rd.','6676 Mi Avenue','odio a purus. Duis elementum, dui quis accumsan convallis,'),(458,'Meredith','P.O. Box 793, 1379 Neque St.','4042 Sem St.','sit amet, consectetuer adipiscing elit.'),(459,'Michelle','P.O. Box 560, 7175 Nonummy St.','P.O. Box 956, 167 Tellus Av.','Cum sociis natoque penatibus et magnis'),(460,'Amela','P.O. Box 784, 9243 Odio. Rd.','Ap #393-4695 Nulla. St.','dolor. Nulla semper tellus id nunc interdum feugiat. Sed nec'),(461,'Kalia','P.O. Box 567, 3828 Nunc Street','290-8318 Et, Rd.','dignissim pharetra. Nam'),(462,'Tamekah','Ap #528-8826 Facilisi. Ave','9103 Dignissim Av.','Vestibulum accumsan neque et nunc. Quisque ornare tortor at'),(463,'Jeremy','512-7814 At Street','Ap #934-7722 Felis St.','iaculis enim, sit amet ornare lectus justo eu arcu.'),(464,'Portia','467 Ac Rd.','Ap #174-6496 Et Road','cursus a, enim. Suspendisse aliquet, sem ut cursus luctus,'),(465,'Charde','P.O. Box 523, 1758 Nunc. Av.','Ap #908-3759 Vel Rd.','euismod urna. Nullam'),(466,'Kiara','478-5423 Nec St.','Ap #490-5563 Taciti St.','eget ipsum. Suspendisse sagittis.'),(467,'Mia','P.O. Box 401, 1742 Vel, Rd.','Ap #883-1091 Neque. Street','risus. Duis a mi fringilla'),(468,'Mallory','707-6787 Ullamcorper. Ave','Ap #418-8617 Lobortis Street','vitae mauris sit amet lorem semper auctor.'),(469,'Damian','8434 Maecenas Rd.','9764 Non St.','arcu eu odio tristique'),(470,'Marah','Ap #728-2656 Rutrum Avenue','Ap #194-8855 Semper Avenue','ullamcorper eu, euismod ac,'),(471,'Kermit','P.O. Box 942, 2241 Dolor Street','248-1247 Cursus Rd.','nascetur ridiculus mus. Aenean'),(472,'Fredericka','585-4302 Facilisis. Ave','427-2673 Est. Street','nascetur'),(473,'Constance','Ap #884-3188 Tincidunt Rd.','571-1624 Class St.','eu enim.'),(474,'Jacqueline','P.O. Box 669, 7683 Inceptos Rd.','9404 Neque Rd.','elit erat vitae risus. Duis a mi'),(475,'Teegan','P.O. Box 493, 8597 Non, Avenue','622-6930 Commodo Road','molestie sodales. Mauris'),(476,'Lois','P.O. Box 729, 1783 Mollis. Rd.','P.O. Box 570, 2257 Odio Ave','varius ultrices, mauris ipsum porta elit, a'),(477,'Tate','Ap #327-1087 Lectus. St.','6956 Non Avenue','pede, nonummy'),(478,'Armand','Ap #506-5123 At, Rd.','Ap #724-3915 Vehicula St.','lacinia mattis. Integer'),(479,'Cody','P.O. Box 904, 4848 Tempor Street','Ap #879-9360 Lacus, Ave','ullamcorper, nisl'),(480,'Wesley','Ap #662-3342 Sociosqu Avenue','145-1117 Sociosqu Rd.','fringilla cursus purus. Nullam scelerisque neque'),(481,'Erasmus','803-6397 Vitae Ave','3458 Bibendum. Rd.','id ante dictum cursus.'),(482,'Marah','191-6280 Lorem, St.','P.O. Box 973, 2962 Lorem Street','Donec nibh.'),(483,'Jocelyn','P.O. Box 872, 8394 Taciti Road','Ap #734-9737 Curabitur Rd.','arcu et pede. Nunc sed orci lobortis augue scelerisque'),(484,'Ava','P.O. Box 852, 9659 Tristique Road','Ap #418-6096 Vulputate Rd.','fermentum risus, at fringilla purus mauris a nunc.'),(485,'Lavinia','531-3806 Nec Avenue','Ap #450-2126 Fusce Ave','Phasellus elit pede, malesuada vel, venenatis vel, faucibus'),(486,'Halla','P.O. Box 139, 1956 Ante St.','P.O. Box 925, 9117 Est. Road','sem semper erat,'),(487,'Martena','678-8513 Neque. Av.','830-1388 Dignissim Ave','tempor bibendum. Donec felis orci, adipiscing non, luctus sit amet,'),(488,'Quincy','Ap #969-8454 Velit. Av.','P.O. Box 497, 2341 Gravida Rd.','massa. Vestibulum accumsan neque et nunc. Quisque ornare tortor'),(489,'Maggie','P.O. Box 362, 8556 Mi Avenue','573-7322 Etiam Ave','et tristique pellentesque, tellus sem'),(490,'Phyllis','6182 Nullam Avenue','2314 Tempus Rd.','interdum. Curabitur dictum. Phasellus in felis. Nulla tempor'),(491,'Paula','761-3661 Purus, Ave','P.O. Box 314, 6805 Amet, St.','lobortis risus. In mi pede,'),(492,'Colton','570-9979 Arcu. Avenue','Ap #717-2514 Consectetuer Road','ac sem ut dolor dapibus gravida. Aliquam'),(493,'Hammett','P.O. Box 557, 3051 Nunc St.','P.O. Box 737, 3904 Felis. Street','a feugiat tellus lorem eu metus. In lorem. Donec elementum,'),(494,'Alec','P.O. Box 873, 4083 Congue Road','206-5692 A St.','at fringilla purus mauris a nunc. In at'),(495,'Charde','P.O. Box 460, 7478 Ut Av.','Ap #337-6168 Placerat, Av.','posuere cubilia Curae; Phasellus ornare. Fusce mollis.'),(496,'Keane','Ap #628-4190 Eu St.','Ap #322-4182 Dapibus Road','cursus'),(497,'Nora','7635 Nullam St.','P.O. Box 881, 7007 Hendrerit. Rd.','Suspendisse aliquet molestie tellus. Aenean'),(498,'Bruno','3906 Proin Avenue','788-5492 Leo St.','Aliquam nisl. Nulla eu neque pellentesque massa lobortis ultrices. Vivamus'),(499,'Zachary','303-4809 Dui, Av.','235-2075 Ullamcorper, Rd.','Quisque purus sapien, gravida non, sollicitudin a,'),(500,'Aquila','Ap #105-6701 Fermentum St.','7975 Nisl. Ave','neque vitae semper egestas, urna justo faucibus lectus, a sollicitudin'),(501,'Yen','620-9691 Sed Rd.','Ap #463-9154 At Road','pede. Suspendisse dui. Fusce diam nunc,'),(502,'Melanie','Ap #557-8784 At Road','P.O. Box 355, 5261 Sed St.','vitae'),(503,'Kadeem','3666 At St.','8905 Sed Road','pede nec ante blandit viverra. Donec tempus, lorem fringilla'),(504,'Susan','648 Tellus Rd.','Ap #920-7298 Sit Rd.','Nunc lectus pede, ultrices a, auctor'),(505,'Isabelle','384-894 Nonummy St.','488-8764 Tempus Ave','a neque. Nullam ut nisi'),(506,'Emma','577-2852 Hendrerit Rd.','3812 Primis Ave','eu'),(507,'Isabella','2041 Porttitor Av.','P.O. Box 161, 9609 Justo St.','ut'),(508,'Zenia','P.O. Box 949, 6676 Odio Rd.','9840 Diam St.','amet, consectetuer'),(509,'Tanner','2383 Proin Avenue','P.O. Box 374, 1082 Eu Rd.','aliquam iaculis, lacus pede sagittis'),(510,'Kelly','210-4565 Massa Rd.','6364 Pellentesque Ave','odio vel est tempor'),(511,'Teegan','736-4920 Donec Av.','Ap #130-658 Enim Street','auctor, velit eget laoreet posuere, enim nisl elementum'),(512,'Cullen','P.O. Box 653, 7082 Id Road','Ap #431-3829 Ullamcorper Rd.','lobortis'),(513,'Hilda','P.O. Box 968, 246 Malesuada Avenue','P.O. Box 653, 4772 In Rd.','nec, eleifend non, dapibus rutrum, justo. Praesent'),(514,'Clare','P.O. Box 206, 9769 Non Av.','419-3650 Cursus Rd.','Vestibulum ut eros non enim commodo'),(515,'Brendan','4470 Amet Ave','P.O. Box 900, 7297 Ac Avenue','diam dictum sapien. Aenean massa. Integer vitae'),(516,'Athena','922-4157 Luctus Road','984-2537 Nunc Avenue','diam. Pellentesque habitant morbi tristique senectus et netus et malesuada'),(517,'Shannon','Ap #487-8766 Et, Ave','P.O. Box 475, 8003 Nisl St.','consectetuer ipsum nunc id'),(518,'Giacomo','P.O. Box 996, 5353 Sed Ave','8382 Dis Rd.','ac mattis semper, dui lectus'),(519,'Allen','2069 Sollicitudin St.','Ap #215-6218 Ullamcorper Ave','nunc'),(520,'Larissa','P.O. Box 224, 4115 Metus. Street','876-1070 Mi Av.','id ante dictum cursus. Nunc mauris'),(521,'Samuel','8540 In St.','564-1998 Felis, Rd.','elit, pretium et, rutrum non,'),(522,'Maggie','975-5445 Sagittis Avenue','Ap #834-8815 Eu Avenue','ante dictum'),(523,'Samuel','941-6256 Gravida Rd.','9451 Erat Ave','quam. Curabitur vel lectus. Cum'),(524,'Zephr','702-5608 Massa Road','P.O. Box 724, 6210 Donec Road','morbi tristique senectus et netus et malesuada fames'),(525,'Elmo','Ap #183-6130 Diam Rd.','3190 Mauris Av.','a, malesuada id, erat. Etiam vestibulum massa rutrum magna. Cras'),(526,'Echo','Ap #238-2770 Justo. Rd.','P.O. Box 156, 809 Elit Rd.','ipsum. Suspendisse non leo. Vivamus nibh dolor, nonummy'),(527,'Talon','802-4107 Ligula. Avenue','195-2069 Ipsum Street','a neque. Nullam'),(528,'Quintessa','5297 Donec Street','952-2710 Sit Ave','in, dolor. Fusce feugiat. Lorem'),(529,'Breanna','586-9271 Morbi St.','Ap #887-6840 Consequat St.','tempor augue ac ipsum. Phasellus vitae mauris'),(530,'Ethan','P.O. Box 530, 5097 Neque. Rd.','7786 Arcu Ave','aliquet'),(531,'Bianca','348-5649 Nunc Av.','137-4814 At, Ave','nisi sem semper erat, in consectetuer ipsum nunc id enim.'),(532,'Hedley','904-8916 Cursus Ave','1533 Diam Road','Nunc ut erat. Sed nunc est,'),(533,'David','P.O. Box 572, 5324 Justo Road','164-3526 Lobortis Street','augue'),(534,'Sara','899-9563 Gravida. Road','179-6238 Consectetuer Street','lectus,'),(535,'Felicia','Ap #518-4051 Vel Avenue','8058 Duis St.','Nullam scelerisque neque sed sem egestas blandit. Nam'),(536,'Haley','P.O. Box 969, 7760 At Ave','Ap #834-5608 Ipsum Avenue','lobortis'),(537,'Damon','8346 Lacinia Avenue','5194 Aliquet, Road','elit, pretium et,'),(538,'Herman','Ap #947-8536 Ut Road','Ap #406-4057 Ornare, St.','quis diam luctus lobortis.'),(539,'Jared','P.O. Box 819, 3592 Cum Avenue','Ap #794-9807 Eget Avenue','ante dictum'),(540,'Keaton','P.O. Box 358, 7754 Dolor. Road','P.O. Box 850, 821 Eros Road','justo faucibus lectus, a sollicitudin orci sem eget'),(541,'Callum','2351 Tellus Av.','Ap #967-3613 Id Avenue','pede'),(542,'Connor','P.O. Box 177, 3832 Ligula St.','497-6589 Dictum St.','ut, molestie in,'),(543,'Rebekah','8161 Eu Road','P.O. Box 691, 4049 Malesuada Avenue','lectus. Cum sociis natoque penatibus et magnis'),(544,'Justine','Ap #914-3171 Posuere, St.','784-4024 Duis St.','nec enim. Nunc ut erat. Sed nunc'),(545,'Adria','Ap #473-5127 Id, Av.','P.O. Box 996, 4026 In Rd.','tellus lorem eu metus. In lorem. Donec'),(546,'Chelsea','Ap #646-1113 Curabitur Road','4581 Vulputate Street','nec enim. Nunc ut erat. Sed nunc est,'),(547,'Vladimir','P.O. Box 789, 6978 Sit Street','2640 Lacus. Av.','Ut tincidunt vehicula risus.'),(548,'Damian','P.O. Box 553, 5883 Vitae Ave','626 Lobortis Ave','orci, in consequat enim diam'),(549,'Jarrod','1198 Nascetur Rd.','288-7566 Cubilia Ave','nunc sed pede. Cum sociis natoque penatibus'),(550,'Tad','Ap #961-937 Sed Av.','Ap #717-7546 Molestie Avenue','aliquam arcu. Aliquam ultrices iaculis odio. Nam interdum enim non'),(551,'Rhonda','3856 Augue, St.','4016 Proin Road','consectetuer rhoncus.'),(552,'Brian','7258 Donec Rd.','P.O. Box 538, 750 Quam Rd.','laoreet lectus quis massa. Mauris vestibulum, neque sed dictum'),(553,'Aimee','Ap #478-6820 Amet St.','343-7612 Risus. St.','natoque penatibus et'),(554,'Audra','877-2760 Hendrerit Street','P.O. Box 155, 7367 Magna. Rd.','ac libero nec ligula consectetuer rhoncus. Nullam velit'),(555,'Hedwig','671-3187 Donec Street','2547 Pede St.','arcu. Curabitur ut odio'),(556,'Baker','1980 Vitae, Road','P.O. Box 174, 6992 Vestibulum, Ave','lacus. Etiam'),(557,'Ria','P.O. Box 295, 446 Nam Rd.','494-5878 Metus. Avenue','lorem ipsum sodales purus, in molestie tortor nibh sit amet'),(558,'Thor','P.O. Box 628, 5063 Consequat Street','603 Tellus St.','enim. Etiam gravida molestie arcu. Sed eu nibh vulputate mauris'),(559,'Amela','422-9828 Mauris Road','8347 Dictum. Ave','nunc. Quisque'),(560,'Gay','Ap #899-4595 Pede Rd.','P.O. Box 770, 2343 Amet, Rd.','Phasellus in felis. Nulla tempor augue ac ipsum.'),(561,'Dean','Ap #721-4255 Augue, Road','5933 Imperdiet St.','mattis. Integer eu lacus. Quisque imperdiet,'),(562,'Kamal','P.O. Box 461, 5915 Tellus Ave','Ap #744-4340 Amet Avenue','justo sit amet'),(563,'Winifred','Ap #228-5747 Velit Rd.','P.O. Box 897, 1693 Egestas. St.','fringilla ornare placerat, orci lacus'),(564,'Hamish','P.O. Box 285, 352 Sed Ave','4274 In Avenue','augue eu tellus. Phasellus elit pede, malesuada'),(565,'Iris','1820 Purus Av.','715-4287 Risus. Road','purus. Nullam scelerisque'),(566,'Chiquita','6906 Aliquam Ave','Ap #625-6047 Ridiculus Road','in consectetuer ipsum nunc id enim. Curabitur massa. Vestibulum accumsan'),(567,'Rinah','8948 Sit Road','Ap #654-1583 Nonummy Ave','aliquam, enim nec tempus scelerisque, lorem ipsum'),(568,'Karina','P.O. Box 491, 576 Est, Ave','P.O. Box 757, 1800 Vitae Rd.','arcu vel quam'),(569,'Troy','Ap #899-582 Vitae Ave','Ap #472-4754 Fusce Rd.','purus gravida sagittis. Duis gravida.'),(570,'Branden','Ap #347-8931 Fusce St.','8961 Cursus Street','fringilla mi lacinia mattis. Integer eu lacus. Quisque imperdiet, erat'),(571,'Yen','P.O. Box 797, 9516 Dolor. Road','Ap #227-4263 Ac Rd.','pede. Cras'),(572,'Taylor','246-3861 Libero. Av.','P.O. Box 971, 7147 Arcu Rd.','sapien molestie orci tincidunt adipiscing.'),(573,'Davis','288-3770 Sodales St.','P.O. Box 761, 6285 Risus Road','vulputate, risus a ultricies adipiscing,'),(574,'MacKensie','P.O. Box 888, 3689 Pede. Street','4663 Sollicitudin St.','vitae,'),(575,'Riley','836-8484 Curabitur Av.','Ap #525-1211 Nibh. Avenue','velit'),(576,'Graiden','162-9740 Semper Av.','145-2141 Vestibulum Street','ornare, facilisis eget, ipsum. Donec'),(577,'Imani','365-1270 Nibh St.','301-400 Leo. Ave','tristique senectus et'),(578,'Steel','P.O. Box 580, 1295 Sed Av.','8537 Id Street','enim mi tempor lorem, eget'),(579,'Mollie','3086 Dictum. Avenue','547-7137 Faucibus Road','orci tincidunt adipiscing. Mauris molestie pharetra nibh.'),(580,'Christopher','P.O. Box 650, 2379 Ultrices, St.','995-1585 Sapien St.','ullamcorper, nisl arcu iaculis enim, sit amet'),(581,'Delilah','8257 Interdum. St.','Ap #602-6924 Mollis Street','nunc risus varius orci, in consequat enim diam vel arcu.'),(582,'Jayme','842-9036 Turpis. Road','Ap #979-1157 Nulla. St.','facilisis vitae, orci. Phasellus dapibus quam quis diam.'),(583,'Regan','Ap #555-6331 Rutrum Rd.','Ap #868-3359 Nunc Street','mattis semper, dui lectus rutrum'),(584,'Amber','510 Mi Ave','7640 Adipiscing, Ave','dictum magna. Ut'),(585,'Sybill','667-1042 Id Rd.','830-8259 Donec Road','nec urna suscipit'),(586,'Jackson','P.O. Box 753, 9678 Tempor, St.','9722 Neque. Avenue','volutpat'),(587,'Jermaine','454-7652 A Av.','875-8305 Sapien. Rd.','consequat auctor, nunc nulla'),(588,'Germane','Ap #330-8597 Orci Road','407-4558 Accumsan Av.','Nullam velit dui, semper et, lacinia'),(589,'Lacey','1143 Nibh. Ave','783-3527 Ac St.','blandit at,'),(590,'Eric','690-8126 Sapien Street','697-7139 Non Rd.','nisl elementum purus, accumsan'),(591,'Shelby','Ap #576-1950 Diam Street','Ap #238-8769 Augue Rd.','Etiam laoreet, libero et tristique'),(592,'Inga','Ap #523-3189 Donec Avenue','648-8407 Ultricies Av.','vulputate velit eu sem. Pellentesque ut ipsum ac mi'),(593,'Chantale','269-2846 Id Road','Ap #433-7271 Erat St.','Cras sed leo. Cras vehicula aliquet libero. Integer in'),(594,'Shay','P.O. Box 767, 1282 Libero. Rd.','Ap #567-2131 Quis, Avenue','quis urna. Nunc quis arcu vel quam dignissim pharetra. Nam'),(595,'Stone','P.O. Box 357, 4679 Aliquam St.','2943 Sem Avenue','libero. Morbi accumsan laoreet ipsum.'),(596,'Lee','Ap #398-705 Consectetuer, Street','Ap #635-6260 Aliquam, Street','et ipsum cursus'),(597,'Charity','9409 Auctor. Rd.','3416 Mi Avenue','ut'),(598,'Christine','3602 Eget, Ave','7631 Ac, Rd.','iaculis, lacus pede sagittis augue, eu tempor'),(599,'Camden','Ap #172-4450 Nisl Rd.','Ap #749-6020 Hymenaeos. Road','ultricies adipiscing,'),(600,'Dylan','6269 Eget Rd.','Ap #796-2816 Nec, St.','dictum.'),(601,'Miranda','845-8527 Eget Av.','P.O. Box 730, 3321 Vestibulum Road','interdum enim non nisi.'),(602,'Gabriel','P.O. Box 933, 5465 A, Avenue','Ap #554-1552 Non Ave','sapien. Nunc pulvinar arcu et pede. Nunc sed orci lobortis'),(603,'Kelsey','797-3365 Non Av.','7616 Mi Rd.','amet'),(604,'Theodore','9812 Ligula Road','1383 Integer Av.','lacinia.'),(605,'Cole','P.O. Box 184, 2129 Sed Road','729 Semper Rd.','pellentesque eget, dictum placerat, augue. Sed molestie.'),(606,'Cassady','Ap #453-4293 Pede, St.','851-1733 Tempor, Street','Aliquam vulputate ullamcorper magna. Sed eu eros. Nam consequat dolor'),(607,'Abdul','P.O. Box 245, 7055 Nec Rd.','P.O. Box 620, 8404 Mauris Av.','arcu. Sed et libero. Proin mi. Aliquam'),(608,'Kane','5256 Aliquam Rd.','Ap #200-4316 Nunc St.','lacus. Mauris non dui'),(609,'Lois','Ap #169-9482 Dui Rd.','980-4020 Est. St.','Morbi quis'),(610,'Callie','Ap #681-2044 Ac Rd.','P.O. Box 405, 3496 Sed Road','Etiam vestibulum massa'),(611,'Roary','P.O. Box 713, 7994 Nec St.','Ap #475-7760 Egestas Av.','ligula. Nullam enim. Sed nulla ante,'),(612,'Florence','Ap #810-8154 Eu, Street','668-6423 Amet, Ave','dis'),(613,'Ruth','Ap #846-8179 Vestibulum, Rd.','4284 Lobortis Av.','Fusce aliquet magna'),(614,'Lila','6013 Sapien. Av.','Ap #595-4740 In St.','luctus'),(615,'Debra','2116 Pede St.','4381 Neque. St.','varius. Nam porttitor scelerisque neque. Nullam nisl. Maecenas malesuada fringilla'),(616,'Emily','693-4991 Ut, Street','P.O. Box 990, 1594 Tempor, Avenue','Proin dolor. Nulla semper'),(617,'Genevieve','2098 Tempus Avenue','240-7599 Curabitur Road','convallis, ante lectus convallis est, vitae sodales nisi magna sed'),(618,'Ria','3567 Commodo Street','4729 Tincidunt Avenue','non, sollicitudin a, malesuada id, erat.'),(619,'Dominique','459-5464 Purus Road','7041 Nec, Avenue','Proin nisl sem, consequat nec, mollis vitae, posuere'),(620,'Carissa','Ap #245-6584 Ut, Rd.','9557 Mauris, Street','Sed nec metus facilisis'),(621,'Ima','2353 Et Av.','Ap #882-3901 Nisl. Avenue','dictum mi, ac mattis'),(622,'Lacy','P.O. Box 474, 8299 Ornare, Road','P.O. Box 487, 2438 Mi Street','lectus convallis est, vitae sodales'),(623,'Palmer','996-1911 Mus. Rd.','9800 Donec Rd.','tincidunt adipiscing. Mauris molestie pharetra nibh. Aliquam ornare, libero at'),(624,'Kimberley','Ap #771-9406 Cum Av.','843-313 Tempor St.','porttitor scelerisque'),(625,'Judah','2478 Fringilla St.','567-3628 Quisque Av.','dolor. Quisque'),(626,'Naida','Ap #957-1452 Neque. Rd.','Ap #260-6221 Facilisi. St.','arcu. Vestibulum ante ipsum primis'),(627,'Montana','Ap #140-3111 Dignissim St.','Ap #375-8404 Tincidunt. Rd.','non leo. Vivamus nibh dolor, nonummy ac, feugiat non,'),(628,'Ila','3763 Lorem, Rd.','4256 Malesuada Av.','ultricies ornare, elit elit'),(629,'Moana','Ap #948-8212 In Ave','Ap #523-8408 Cras St.','sollicitudin adipiscing ligula. Aenean gravida nunc sed pede. Cum'),(630,'Regina','867-6937 Non, Road','Ap #621-2434 Eu Road','erat, in consectetuer ipsum'),(631,'Paul','862-3509 Consequat Rd.','756-4786 Leo. Ave','ornare placerat, orci lacus vestibulum'),(632,'Wynne','Ap #347-4238 Vestibulum Avenue','9086 Mollis Road','Morbi vehicula. Pellentesque tincidunt tempus risus. Donec egestas. Duis ac'),(633,'Sheila','8168 Enim. Av.','Ap #459-3083 Ante Rd.','Curae; Donec tincidunt.'),(634,'Casey','5532 Morbi Street','Ap #255-2472 Donec Rd.','sed leo. Cras vehicula aliquet libero. Integer'),(635,'Griffith','348-428 Nisi. Rd.','P.O. Box 556, 4561 Proin St.','molestie arcu. Sed'),(636,'Tiger','P.O. Box 128, 3180 Arcu Rd.','282-9584 Lobortis Av.','justo'),(637,'Kylee','9940 Penatibus St.','Ap #279-7681 Augue. Av.','aliquet diam. Sed diam lorem, auctor'),(638,'Patience','9003 Mollis Ave','672-7124 Ornare Rd.','litora torquent per conubia nostra, per inceptos hymenaeos.'),(639,'Damon','9314 Et Rd.','Ap #818-5429 Tristique Road','orci.'),(640,'Colleen','4371 Cras Road','P.O. Box 403, 4548 Tincidunt Road','ac metus'),(641,'Xaviera','P.O. Box 382, 1819 Lacinia Av.','3751 Et, Avenue','non enim. Mauris quis turpis vitae purus'),(642,'Christopher','Ap #796-996 Nisi Av.','4258 Curabitur St.','senectus et netus et malesuada fames ac turpis egestas. Fusce'),(643,'Noel','P.O. Box 463, 9792 Convallis Rd.','P.O. Box 610, 2591 Donec Rd.','adipiscing non,'),(644,'Garrett','167-8876 Scelerisque Street','Ap #765-8051 Nascetur Av.','quis arcu vel'),(645,'Chandler','456-3083 Id, Rd.','887-2983 Dapibus Road','montes, nascetur ridiculus mus.'),(646,'Tamara','4931 Eu Avenue','1442 Varius. Street','Duis volutpat'),(647,'Charlotte','294-5465 Dui St.','Ap #479-1413 Elementum St.','lacus. Mauris non dui nec urna'),(648,'Aileen','P.O. Box 108, 522 Mi Rd.','P.O. Box 463, 7557 Sed, Av.','suscipit nonummy. Fusce'),(649,'Jada','Ap #995-4317 Sociis St.','P.O. Box 751, 8398 At Av.','Pellentesque habitant morbi tristique senectus et netus'),(650,'Delilah','P.O. Box 445, 2514 Semper, Rd.','P.O. Box 849, 1667 At Road','nibh sit amet orci. Ut sagittis lobortis'),(651,'Sheila','646-7852 Pede, Av.','P.O. Box 371, 3865 Venenatis St.','volutpat. Nulla facilisis.'),(652,'Ezekiel','2665 Donec Rd.','Ap #737-1407 Proin Ave','at auctor ullamcorper, nisl arcu iaculis'),(653,'Julian','Ap #502-2979 Sapien, Avenue','Ap #322-3062 Non, Road','tellus non magna. Nam ligula elit, pretium et,'),(654,'Deacon','P.O. Box 246, 4605 Dictum Rd.','P.O. Box 598, 5732 Ridiculus Avenue','tortor. Integer aliquam adipiscing lacus. Ut nec urna et arcu'),(655,'August','9857 Eu Avenue','5627 Interdum. Street','augue'),(656,'Wilma','P.O. Box 426, 7348 Orci, Ave','Ap #312-4106 Cursus St.','mauris'),(657,'Brody','Ap #627-805 Eu, St.','254-6287 Morbi Ave','aliquet diam. Sed diam lorem,'),(658,'Bryar','257-4144 Luctus Rd.','698-1558 At Av.','faucibus ut,'),(659,'Alice','8678 Ornare, Av.','P.O. Box 124, 6812 Nullam St.','ullamcorper, nisl arcu iaculis'),(660,'Rose','602-1641 Non, Avenue','Ap #329-8669 Pede Rd.','ante. Vivamus non lorem vitae odio sagittis semper. Nam'),(661,'Paloma','5344 Aenean Avenue','P.O. Box 310, 5466 Interdum Av.','Duis cursus,'),(662,'Kai','301-8101 In St.','Ap #870-3608 Vestibulum Road','hymenaeos. Mauris ut quam vel sapien imperdiet ornare.'),(663,'Armand','507-7201 Massa Avenue','505-2211 Lorem Ave','enim non nisi. Aenean eget metus. In nec orci.'),(664,'Ruth','338-260 Mi, St.','497-3867 Feugiat Rd.','pede, ultrices a, auctor non,'),(665,'Lunea','1081 Ipsum St.','P.O. Box 514, 5343 Montes, St.','eget nisi dictum'),(666,'Zeus','827-7694 Dictum Road','2364 Quisque Road','feugiat metus sit amet'),(667,'Wanda','2120 Sit Street','4824 Aliquet St.','rutrum magna. Cras convallis convallis dolor. Quisque tincidunt'),(668,'Damian','P.O. Box 328, 1742 Turpis Avenue','6990 Et St.','ipsum. Suspendisse non'),(669,'Callie','P.O. Box 456, 6004 Ultrices. St.','655-7626 Donec Road','eu arcu. Morbi sit amet massa. Quisque porttitor eros nec'),(670,'Amethyst','P.O. Box 753, 9126 Ipsum. Ave','Ap #688-7202 Dignissim St.','turpis vitae purus gravida sagittis. Duis'),(671,'Clare','P.O. Box 386, 6946 Sem, Avenue','7448 Urna, Avenue','semper tellus id nunc interdum feugiat. Sed nec metus facilisis'),(672,'Leilani','P.O. Box 356, 7141 Id St.','Ap #985-633 Mollis Street','Quisque purus sapien, gravida non, sollicitudin'),(673,'Janna','P.O. Box 301, 7201 Lacus. Road','9020 Lobortis Ave','enim. Curabitur massa. Vestibulum accumsan neque et'),(674,'Macy','5985 Curabitur St.','Ap #501-2166 Vitae, Av.','quis arcu'),(675,'Stephanie','P.O. Box 944, 6642 Euismod Ave','Ap #594-9897 Euismod Street','ultricies ornare, elit elit fermentum risus, at fringilla'),(676,'Kristen','P.O. Box 348, 4445 Risus Rd.','P.O. Box 634, 114 Sed, Av.','eleifend vitae, erat.'),(677,'Martena','Ap #685-3562 Facilisis. Av.','P.O. Box 753, 2373 Feugiat. Rd.','enim, gravida sit amet, dapibus'),(678,'Judah','Ap #183-7669 Accumsan St.','696-2798 Rhoncus St.','luctus lobortis. Class aptent taciti sociosqu ad litora torquent per'),(679,'Hadassah','Ap #801-7495 Semper Rd.','1564 Fringilla. Av.','Mauris ut quam vel sapien imperdiet ornare. In faucibus.'),(680,'Mufutau','592-3988 Vitae, Rd.','807-3612 Sed Rd.','mi felis, adipiscing fringilla, porttitor vulputate, posuere'),(681,'Vivien','615-565 Nulla Ave','313-4463 Convallis Road','Quisque libero lacus, varius et, euismod et, commodo at, libero.'),(682,'Castor','8265 Ut Ave','P.O. Box 405, 6953 Tincidunt Avenue','magna a tortor. Nunc commodo auctor'),(683,'Hector','P.O. Box 577, 3494 Faucibus Av.','599-9770 Id, Ave','lorem ut aliquam iaculis, lacus pede'),(684,'Harriet','P.O. Box 226, 5525 Velit Avenue','P.O. Box 259, 9322 Cursus St.','metus sit amet ante. Vivamus'),(685,'Robin','9009 Tempus Avenue','706-6057 Libero Rd.','turpis. In condimentum. Donec at arcu. Vestibulum ante ipsum'),(686,'Megan','Ap #952-3510 Odio, Rd.','8949 At Avenue','elit pede, malesuada vel, venenatis vel, faucibus id, libero. Donec'),(687,'Dustin','P.O. Box 307, 9374 Nunc Street','511-9059 Arcu. St.','Morbi metus. Vivamus euismod urna. Nullam lobortis quam a felis'),(688,'Silas','P.O. Box 573, 9941 Netus Avenue','P.O. Box 268, 8845 Nisi. Avenue','Mauris vel'),(689,'Harlan','9282 Urna. Road','883-8688 Pharetra. St.','non,'),(690,'Ruby','101-8570 Amet, Ave','P.O. Box 468, 2335 Aenean Road','mattis. Cras eget nisi'),(691,'Stacey','4775 Auctor, St.','Ap #180-7705 Pretium Road','Vestibulum'),(692,'MacKenzie','P.O. Box 537, 3634 Magna. Rd.','P.O. Box 463, 8565 Pede St.','tempus,'),(693,'Xena','9975 Rhoncus. Rd.','6675 Augue. Rd.','iaculis odio. Nam interdum enim non nisi. Aenean eget'),(694,'Ferdinand','Ap #724-5137 Libero Av.','7451 Ac St.','ornare, lectus ante'),(695,'Nathaniel','Ap #292-4009 Dolor Ave','708-1234 Arcu. Rd.','vitae, posuere at, velit. Cras lorem lorem, luctus ut,'),(696,'Maite','P.O. Box 129, 1503 Accumsan Av.','Ap #359-3772 Augue Rd.','primis in faucibus orci luctus et ultrices'),(697,'Aspen','P.O. Box 795, 129 Eu, Street','291-8404 Hendrerit Street','Sed auctor odio a purus.'),(698,'Vivien','3550 Duis St.','758-6959 Lectus Street','Nullam enim. Sed nulla ante, iaculis nec, eleifend'),(699,'Ingrid','4217 Non St.','639-1845 Turpis Rd.','fermentum fermentum arcu. Vestibulum ante ipsum primis in faucibus orci'),(700,'Valentine','Ap #392-6836 Ut, Road','454 Proin Rd.','dictum. Phasellus in felis. Nulla tempor augue'),(701,'Constance','P.O. Box 252, 3017 Feugiat St.','P.O. Box 754, 7499 Et St.','ipsum. Suspendisse non leo. Vivamus'),(702,'Lester','Ap #999-225 Mauris Av.','632-3993 Donec Street','ac orci.'),(703,'Sonya','Ap #108-7269 Molestie. Road','442-432 Proin St.','Etiam vestibulum'),(704,'Jason','638 Vivamus Rd.','808-7055 Rutrum Rd.','Phasellus ornare. Fusce mollis.'),(705,'Quemby','P.O. Box 638, 5095 Aliquet, St.','7633 Metus. Rd.','Cum sociis'),(706,'Jada','Ap #561-2832 Mollis. Avenue','P.O. Box 634, 8283 Cursus St.','magna nec quam. Curabitur vel lectus. Cum sociis natoque'),(707,'Oliver','Ap #992-7682 Molestie St.','P.O. Box 887, 4947 Quis Road','dolor elit, pellentesque a,'),(708,'Rhoda','P.O. Box 160, 2400 Penatibus Rd.','2296 Netus Street','Curabitur sed'),(709,'Iola','342-722 Hendrerit Av.','6477 Eros. Rd.','enim nec tempus scelerisque, lorem ipsum'),(710,'Portia','P.O. Box 181, 5627 Convallis, St.','Ap #819-5151 Malesuada St.','eu, odio. Phasellus at'),(711,'Diana','Ap #528-5509 Neque. Ave','P.O. Box 266, 7684 Nunc, Rd.','felis eget varius ultrices, mauris ipsum porta elit, a feugiat'),(712,'Xanthus','P.O. Box 929, 4639 Sem Road','788-9206 Lobortis St.','feugiat. Sed nec metus'),(713,'Magee','Ap #550-4703 Donec St.','7376 Ut Av.','Nam ligula elit, pretium et, rutrum non, hendrerit id,'),(714,'Sawyer','260-7006 Non, St.','Ap #806-4474 Urna. Av.','neque. Nullam ut nisi'),(715,'Zephr','Ap #288-3558 Purus Ave','9552 Vel, Av.','adipiscing non, luctus sit amet, faucibus ut, nulla. Cras'),(716,'Melinda','Ap #998-3408 Pretium Road','9867 Pede Street','eu, placerat eget, venenatis a, magna.'),(717,'Griffith','5060 Duis Road','P.O. Box 784, 8405 Cursus. Rd.','mauris blandit mattis. Cras eget nisi'),(718,'Jaquelyn','Ap #340-2396 Duis Road','563-1859 Vitae, Ave','nec urna suscipit'),(719,'Jorden','P.O. Box 480, 5557 Mollis. Av.','7348 Neque. St.','at, velit. Pellentesque ultricies dignissim'),(720,'Kermit','7348 Phasellus Street','P.O. Box 722, 2196 Dictum Street','pharetra. Nam ac nulla. In tincidunt'),(721,'Flavia','5976 Eu, Rd.','1225 Sit St.','mollis lectus pede et risus. Quisque libero'),(722,'Hyacinth','314-6014 Nonummy Rd.','6294 Ac Ave','risus quis diam luctus lobortis. Class aptent'),(723,'Freya','6973 A St.','Ap #161-880 Tellus. Avenue','sit amet ultricies sem magna'),(724,'Maite','876-119 Vel, Avenue','Ap #216-1305 Dui. Avenue','tellus. Nunc lectus pede, ultrices'),(725,'Lucian','P.O. Box 665, 128 Ipsum Av.','P.O. Box 956, 3549 Aenean Ave','lobortis quis,'),(726,'Rhiannon','483-2978 Vestibulum Ave','276-9338 Risus. Rd.','euismod est arcu ac orci. Ut semper'),(727,'Quintessa','Ap #513-5004 Justo St.','Ap #321-7915 Enim Road','Nunc commodo auctor velit. Aliquam nisl.'),(728,'Mechelle','2426 Consequat Avenue','Ap #124-2391 Nibh. St.','nec orci. Donec nibh. Quisque nonummy ipsum'),(729,'Flavia','398-180 Elit St.','6804 Sapien, Ave','amet'),(730,'Audra','Ap #995-9187 Fermentum Avenue','Ap #499-3100 Purus, Avenue','ornare placerat, orci lacus'),(731,'Brynne','195-7207 Mi, Road','P.O. Box 432, 5117 Luctus Road','Nam tempor diam dictum sapien.'),(732,'Ethan','846-1103 Est, St.','626 Justo. St.','odio tristique pharetra. Quisque'),(733,'Jack','795-6525 Libero. St.','703-1237 Feugiat Street','interdum. Curabitur dictum. Phasellus'),(734,'Melvin','Ap #258-8464 Risus. Av.','1441 Tempor St.','condimentum eget, volutpat ornare, facilisis eget, ipsum.'),(735,'Serina','567-7455 Nibh St.','P.O. Box 834, 6089 Non, Ave','Curabitur sed tortor. Integer aliquam adipiscing lacus. Ut nec'),(736,'Nelle','Ap #749-2118 Mattis. Avenue','782-3816 Feugiat Ave','Phasellus fermentum convallis ligula. Donec luctus aliquet'),(737,'Harrison','8871 Id St.','Ap #962-8550 Curabitur Av.','Integer'),(738,'Blake','Ap #453-1965 Enim Avenue','9741 Ut, Rd.','quis, pede. Suspendisse dui. Fusce diam nunc, ullamcorper'),(739,'Logan','5998 Mus. St.','6988 Facilisis St.','consequat, lectus sit amet luctus vulputate, nisi sem'),(740,'Carolyn','505-4470 A, Rd.','Ap #193-1772 Et Street','ornare. In faucibus. Morbi vehicula. Pellentesque tincidunt tempus risus. Donec'),(741,'Bradley','Ap #436-4792 Cum St.','Ap #100-7131 Justo St.','Cras dolor dolor, tempus non,'),(742,'Colton','987-8266 Egestas. Road','P.O. Box 967, 4627 Et, Road','et magnis dis parturient montes, nascetur ridiculus mus.'),(743,'Hanae','P.O. Box 897, 3985 Risus Rd.','P.O. Box 319, 4709 Tortor. Ave','Phasellus vitae'),(744,'Sloane','P.O. Box 732, 5071 Ac Street','P.O. Box 325, 7823 Sit Street','malesuada fringilla est. Mauris'),(745,'Eagan','P.O. Box 520, 1237 Cras Street','276-6075 At Rd.','mollis lectus pede et risus.'),(746,'Irma','841-330 Ipsum. Rd.','P.O. Box 766, 5733 Libero Rd.','Ut tincidunt vehicula risus. Nulla eget metus'),(747,'Chase','288-722 Natoque Road','Ap #968-3431 Mi Road','velit. Quisque varius. Nam porttitor'),(748,'Kato','Ap #801-8571 Habitant Av.','423-2308 Pellentesque St.','Quisque ac libero'),(749,'Victor','Ap #816-7653 Massa Avenue','P.O. Box 696, 5925 Eu, Rd.','tortor. Integer aliquam adipiscing lacus. Ut nec urna'),(750,'Madaline','Ap #849-3253 Egestas Road','5880 Enim. Rd.','elementum at, egestas a,'),(751,'Denton','Ap #799-8232 Quisque Street','P.O. Box 782, 6896 Cursus Ave','Aliquam nisl. Nulla eu neque pellentesque'),(752,'Leroy','7132 Lectus Av.','Ap #763-690 Diam Ave','Nullam ut nisi a odio semper cursus. Integer mollis.'),(753,'Clarke','P.O. Box 915, 3172 Et Rd.','476-2258 Sociis Ave','varius et, euismod'),(754,'Quintessa','919 Dignissim Street','644-5683 Eu Ave','facilisis. Suspendisse commodo tincidunt'),(755,'Cheryl','P.O. Box 354, 5615 Lobortis Road','1313 Eu, St.','ante'),(756,'Malik','716-8658 Ut, Road','P.O. Box 175, 785 Sem, St.','Sed id risus'),(757,'Kenneth','921-2967 Curabitur Av.','5537 Ullamcorper, Street','ac mi eleifend egestas. Sed pharetra, felis eget'),(758,'Jessica','P.O. Box 457, 3843 Molestie St.','9492 Metus. Rd.','placerat, orci lacus'),(759,'Harding','877-830 Enim Av.','6340 Ante Rd.','Nunc mauris. Morbi non sapien molestie orci'),(760,'Raja','P.O. Box 180, 869 Vitae Street','P.O. Box 680, 7440 A Av.','diam eu dolor egestas'),(761,'Brandon','4991 Ac, St.','620-1280 Semper Av.','Etiam'),(762,'Ann','988-9230 Auctor Rd.','Ap #903-3218 Tempor Rd.','dapibus id, blandit at, nisi. Cum'),(763,'Theodore','P.O. Box 155, 6469 Phasellus St.','Ap #530-634 Nunc, Rd.','purus. Nullam'),(764,'Lynn','P.O. Box 171, 6601 Ut Avenue','Ap #947-1370 Vel, Avenue','ornare lectus justo eu arcu. Morbi sit amet'),(765,'Salvador','Ap #129-2238 Arcu. Street','5276 Euismod Ave','risus. Donec'),(766,'Brock','808-6348 Etiam Rd.','9473 Libero. Rd.','lacus.'),(767,'Maggie','4924 Eu, Av.','918-9257 Natoque St.','magna. Praesent interdum ligula eu enim.'),(768,'Ralph','999-7434 Lacus, Rd.','Ap #967-1223 Nunc Avenue','tempus non, lacinia at, iaculis quis, pede.'),(769,'Lillith','P.O. Box 307, 2004 Lacus. Av.','P.O. Box 585, 7300 Eu, Road','pellentesque massa lobortis ultrices.'),(770,'Davis','Ap #190-4473 Dolor Rd.','P.O. Box 290, 2567 Turpis Ave','dapibus rutrum, justo. Praesent luctus. Curabitur egestas nunc sed libero.'),(771,'Zeph','Ap #722-1918 Sed Road','502-8553 Eget Street','tempus scelerisque, lorem ipsum sodales purus, in molestie tortor'),(772,'Taylor','310-7851 Nulla Ave','P.O. Box 349, 2813 Lacinia Rd.','purus, in molestie tortor nibh'),(773,'Ahmed','P.O. Box 681, 4119 Quisque St.','P.O. Box 386, 8567 Cras Road','eu'),(774,'Barry','594-1086 Dolor St.','Ap #370-8084 Semper St.','mauris eu elit. Nulla facilisi. Sed neque.'),(775,'Taylor','P.O. Box 513, 3264 Ante. Rd.','P.O. Box 687, 3488 Mauris Av.','In tincidunt congue turpis. In condimentum. Donec at arcu.'),(776,'Sierra','8820 Nullam Rd.','Ap #111-4114 Maecenas Rd.','amet'),(777,'Briar','P.O. Box 262, 8323 Ultricies Rd.','Ap #822-9726 Nascetur Rd.','Cras interdum. Nunc sollicitudin commodo'),(778,'Allen','Ap #730-4358 Nec Avenue','311-3649 Velit Avenue','nisi sem semper'),(779,'Mason','959-8356 Quam Street','Ap #442-3980 Montes, Ave','ac mattis'),(780,'Nevada','Ap #126-6284 A Road','129 Eleifend. Street','a, scelerisque sed,'),(781,'Wayne','9940 Mus. Rd.','965-405 Adipiscing Ave','Morbi vehicula. Pellentesque tincidunt'),(782,'Felicia','4375 Laoreet Avenue','P.O. Box 584, 5308 Non Avenue','molestie'),(783,'Stewart','P.O. Box 463, 4038 Erat, Road','919-7424 Eu Street','nunc. In at pede. Cras'),(784,'Anthony','402-6384 Pede Rd.','9560 Aliquet Street','posuere'),(785,'Cade','Ap #181-5075 Nulla Ave','4818 Ipsum. Rd.','Pellentesque ultricies dignissim'),(786,'Bianca','9687 Amet Av.','1699 Cursus Rd.','vulputate velit'),(787,'Akeem','P.O. Box 305, 7664 Tincidunt Av.','2948 Arcu. Rd.','ac mattis velit justo nec ante. Maecenas mi felis,'),(788,'Jamalia','757-2422 Semper Street','640-8857 Luctus Street','et'),(789,'Shannon','6737 Tristique Rd.','490-8645 Sollicitudin Rd.','tincidunt, nunc ac mattis ornare, lectus'),(790,'Risa','P.O. Box 866, 7348 Lorem, Rd.','8052 Et Avenue','senectus et netus et malesuada fames ac turpis egestas.'),(791,'Dorothy','Ap #709-7616 Ipsum Avenue','Ap #724-6794 Scelerisque, Street','mattis. Integer eu lacus. Quisque imperdiet, erat nonummy'),(792,'Patricia','5334 Donec Street','332-1601 Libero. Av.','rutrum. Fusce'),(793,'Lance','P.O. Box 260, 6620 Cursus Road','Ap #771-3788 Curabitur Avenue','arcu. Vestibulum ante'),(794,'Anne','6492 Enim, Av.','P.O. Box 523, 9452 Sit Road','Proin nisl sem, consequat'),(795,'Brock','Ap #852-2594 Orci Av.','P.O. Box 732, 996 In Road','erat semper rutrum. Fusce dolor quam, elementum'),(796,'Nero','Ap #936-1860 Mi Av.','Ap #427-4891 Posuere Rd.','ut erat. Sed nunc est,'),(797,'Wynne','599-2430 Class Avenue','556-1580 Lectus Road','sed, facilisis vitae, orci. Phasellus dapibus quam'),(798,'Bert','Ap #590-9155 Sed Road','429-2727 Purus. St.','massa. Quisque porttitor eros nec tellus. Nunc'),(799,'Jena','P.O. Box 638, 1892 Ultrices. Street','P.O. Box 750, 9430 Porttitor Avenue','leo elementum sem,'),(800,'Marshall','1587 Donec Road','P.O. Box 830, 6495 Vel Av.','vestibulum,'),(801,'Sean','P.O. Box 953, 1107 Dui, Avenue','P.O. Box 268, 4786 Ipsum Road','Mauris blandit enim consequat'),(802,'Ira','152-3250 Nullam St.','6856 Enim. St.','ac mi eleifend'),(803,'Hakeem','620-3525 A Rd.','1534 Fringilla Ave','Vivamus non lorem'),(804,'Jade','421-1355 Vitae Road','7376 Ultrices. Avenue','mollis.'),(805,'Nita','Ap #488-236 Congue. Ave','P.O. Box 894, 4482 Ac Rd.','urna. Ut tincidunt vehicula risus. Nulla eget'),(806,'Jacqueline','359-7084 Justo Avenue','P.O. Box 161, 5560 Risus. Street','bibendum ullamcorper. Duis cursus, diam at pretium'),(807,'Sawyer','4282 Egestas Ave','740-7542 Convallis St.','mi eleifend egestas. Sed pharetra, felis eget varius ultrices, mauris'),(808,'Ivana','130-4431 Ullamcorper. Street','114 Senectus St.','Aenean sed pede nec ante blandit viverra. Donec'),(809,'Ignacia','915 Ac, Rd.','Ap #837-4825 Interdum Rd.','Morbi non sapien molestie orci tincidunt adipiscing. Mauris molestie pharetra'),(810,'Whitney','Ap #370-7948 Tempor Rd.','Ap #912-6708 Condimentum Street','consectetuer euismod est arcu ac orci.'),(811,'MacKensie','Ap #611-8195 Molestie St.','Ap #779-1200 Nunc Ave','Sed id'),(812,'Luke','698-724 Enim. Rd.','7492 Rutrum St.','consequat enim diam vel arcu. Curabitur ut odio vel'),(813,'Amaya','Ap #635-7276 Arcu. St.','7136 Vestibulum Avenue','imperdiet nec, leo. Morbi neque tellus, imperdiet non,'),(814,'Nola','Ap #982-902 Quam, Rd.','460 Ligula Avenue','arcu ac orci. Ut semper pretium neque. Morbi quis'),(815,'Naomi','Ap #501-1719 Arcu. Street','1727 Et Road','nulla. Cras'),(816,'Bevis','Ap #333-7697 Pede, Avenue','977-7436 Vestibulum Ave','pede. Praesent eu dui. Cum sociis natoque penatibus et magnis'),(817,'Raja','P.O. Box 529, 4792 Arcu. Road','Ap #274-5218 Et Av.','Cras'),(818,'Whitney','Ap #867-5585 Sodales. Rd.','9831 Sit St.','libero. Integer in'),(819,'Rajah','P.O. Box 989, 5035 Elementum Road','P.O. Box 920, 526 Ante St.','leo elementum sem, vitae'),(820,'Andrew','758-1081 Mi Ave','9596 Gravida Av.','Aenean sed pede nec ante blandit viverra. Donec'),(821,'Beatrice','Ap #140-8825 Nibh Av.','475-6557 Non St.','tincidunt aliquam arcu. Aliquam ultrices'),(822,'Britanney','P.O. Box 418, 331 Vitae, St.','Ap #868-4224 Purus Road','mauris. Integer sem'),(823,'Dillon','Ap #429-5236 Sit Rd.','P.O. Box 675, 8277 Nunc. Av.','ipsum ac mi eleifend egestas. Sed pharetra, felis eget'),(824,'Caesar','P.O. Box 329, 4556 Ut Ave','Ap #476-8878 Torquent St.','eget, dictum placerat, augue. Sed molestie. Sed id risus quis'),(825,'Zia','3089 In St.','592 Nam St.','auctor odio'),(826,'Tashya','P.O. Box 794, 8710 Ridiculus Road','P.O. Box 889, 6771 Vestibulum. St.','Mauris blandit enim consequat purus. Maecenas libero est, congue a,'),(827,'Lance','7772 Euismod Av.','Ap #776-6938 Suspendisse Ave','magnis dis'),(828,'Ebony','Ap #759-1842 Elit. Rd.','734-9898 In Ave','feugiat non, lobortis quis, pede. Suspendisse dui.'),(829,'Britanney','P.O. Box 248, 8205 Velit Rd.','401-2683 Non St.','pede nec ante blandit viverra. Donec tempus, lorem fringilla'),(830,'Sean','697-1117 Lorem Avenue','153-9797 Id St.','tellus id nunc interdum feugiat. Sed nec'),(831,'Lucy','444-2370 Ut, Av.','933-8286 Ante Street','Donec tincidunt. Donec vitae erat vel pede'),(832,'John','4202 Libero Road','8939 Placerat Rd.','in felis.'),(833,'Stone','P.O. Box 171, 8646 Pellentesque. Ave','P.O. Box 250, 7853 In, Ave','hendrerit neque. In ornare sagittis felis.'),(834,'Willa','642-5290 Nullam Rd.','309-6644 Elit, St.','Suspendisse aliquet'),(835,'Kathleen','P.O. Box 589, 7905 Nunc Street','297-3034 Sed St.','egestas. Aliquam nec'),(836,'Fay','P.O. Box 327, 8941 Sodales Rd.','957-9613 Praesent Street','id, blandit at,'),(837,'Cairo','439-1458 Vivamus Road','7770 Ullamcorper. St.','lobortis augue scelerisque mollis.'),(838,'Phyllis','P.O. Box 544, 4611 Elementum, Rd.','Ap #625-790 Ligula Rd.','egestas ligula. Nullam feugiat placerat velit.'),(839,'Elijah','Ap #142-3765 Consectetuer Av.','Ap #248-3890 Vitae St.','ultricies adipiscing, enim mi'),(840,'Kieran','398-4470 Nec Road','Ap #221-7787 Cursus Rd.','tempus, lorem fringilla ornare placerat, orci lacus vestibulum lorem,'),(841,'Trevor','P.O. Box 820, 1124 Ipsum Rd.','Ap #344-3377 Eu Av.','leo. Morbi neque tellus, imperdiet non, vestibulum'),(842,'Philip','357-9942 Mauris Avenue','939-3640 Morbi Street','nec, imperdiet nec, leo.'),(843,'Chelsea','4495 Arcu. Ave','Ap #626-7414 Proin Rd.','pharetra. Quisque ac libero nec ligula consectetuer'),(844,'Adrienne','5238 Eu Rd.','2796 Maecenas Street','Duis volutpat nunc sit'),(845,'Burke','Ap #895-8081 Est. Rd.','581-9518 Placerat. Road','Ut tincidunt vehicula risus. Nulla eget metus eu erat'),(846,'Sasha','599-4664 Curabitur Ave','568-3485 Aliquet Av.','sem mollis dui,'),(847,'Cora','2181 Amet St.','P.O. Box 903, 2245 Eleifend St.','amet risus. Donec egestas. Aliquam nec enim. Nunc'),(848,'Ignacia','Ap #390-9979 Magnis Road','P.O. Box 141, 6676 Quis Rd.','Nunc ac sem ut dolor dapibus'),(849,'Kiara','551-7740 Ipsum. Road','2588 Sociosqu St.','nec orci. Donec'),(850,'Kimberly','P.O. Box 580, 3247 Amet Av.','Ap #840-9407 Eu Rd.','Vivamus sit amet'),(851,'William','P.O. Box 999, 1349 Morbi Rd.','1922 Suspendisse St.','quis turpis vitae purus gravida sagittis. Duis gravida.'),(852,'Lacota','P.O. Box 680, 4483 Aliquam St.','Ap #581-3231 Aliquet Avenue','Mauris nulla.'),(853,'Chadwick','776-5544 Nec, Ave','Ap #333-2431 Magna. St.','auctor vitae, aliquet'),(854,'Vivian','Ap #366-3809 Blandit Rd.','6335 Est Road','magna. Duis dignissim tempor arcu. Vestibulum ut eros non enim'),(855,'Acton','P.O. Box 159, 1007 Cum Street','886-1091 Adipiscing Rd.','dignissim. Maecenas ornare'),(856,'Brenda','962-3317 Sit Ave','Ap #313-7437 Eget, Street','adipiscing non, luctus sit amet, faucibus ut, nulla. Cras'),(857,'Yuri','123-3161 Nunc St.','P.O. Box 713, 2413 Vehicula Av.','Fusce fermentum fermentum arcu. Vestibulum ante ipsum primis in'),(858,'Lionel','5189 Vel Rd.','P.O. Box 239, 9809 Etiam Ave','orci. Ut sagittis lobortis mauris. Suspendisse'),(859,'Ferris','Ap #183-6849 Tristique Street','257 Consequat Av.','nunc id enim. Curabitur massa. Vestibulum accumsan neque et nunc.'),(860,'Emery','Ap #127-3810 Odio. Road','Ap #264-4048 Enim Rd.','mauris, rhoncus id, mollis nec,'),(861,'Knox','222-4009 Dolor. Av.','4669 Nulla. Avenue','massa lobortis ultrices. Vivamus rhoncus. Donec est. Nunc ullamcorper, velit'),(862,'Guinevere','931-4087 Aenean Street','Ap #543-1415 Sed St.','congue, elit'),(863,'Mikayla','9857 Nec Street','P.O. Box 294, 6559 Vitae Rd.','nec mauris blandit mattis. Cras eget'),(864,'Xenos','Ap #601-1749 Euismod Ave','4491 Blandit St.','Proin nisl sem, consequat nec, mollis vitae, posuere'),(865,'Beau','Ap #883-8700 Eros. Av.','Ap #120-9053 Luctus, St.','nibh. Phasellus nulla. Integer vulputate, risus a ultricies'),(866,'Nelle','P.O. Box 751, 4556 Vitae Road','P.O. Box 583, 2701 Porta Rd.','Phasellus at augue id ante dictum cursus. Nunc mauris'),(867,'Ariana','P.O. Box 686, 2768 Nulla. St.','Ap #258-5315 Gravida Road','Etiam gravida molestie arcu. Sed eu nibh vulputate mauris sagittis'),(868,'Kyla','789-5703 Non, Rd.','P.O. Box 664, 4236 Proin Av.','commodo ipsum. Suspendisse non leo. Vivamus nibh dolor, nonummy ac,'),(869,'Jarrod','Ap #627-6061 Aenean Ave','7406 Ac St.','Quisque ac libero nec ligula consectetuer'),(870,'Jenna','8840 Vel Rd.','Ap #474-6266 Ipsum Street','Integer'),(871,'Kylee','P.O. Box 758, 9599 Et Road','659-9759 Ultrices. Ave','odio vel est tempor bibendum. Donec felis orci, adipiscing non,'),(872,'George','799 Non, Road','285-9027 Augue Av.','ornare. In faucibus. Morbi vehicula. Pellentesque'),(873,'Laura','P.O. Box 499, 4030 Nam Avenue','338 Ornare, Road','ultrices posuere cubilia Curae; Donec'),(874,'Tanisha','9278 Imperdiet, Av.','9380 Aliquam Ave','a, aliquet vel, vulputate eu, odio. Phasellus at augue id'),(875,'Kenneth','Ap #665-712 Aliquam, Avenue','Ap #671-5592 Est, Av.','iaculis quis, pede. Praesent'),(876,'Ifeoma','Ap #529-6088 Aenean St.','716-5057 Metus. Rd.','magna. Duis dignissim tempor arcu. Vestibulum ut eros non'),(877,'Inez','1802 Erat. Road','566-7561 Odio St.','nibh enim, gravida sit amet, dapibus id,'),(878,'Lawrence','2344 Sociis Street','855-521 Cras Road','scelerisque neque sed sem egestas blandit. Nam nulla magna,'),(879,'Wallace','Ap #719-3608 Aliquet. Street','Ap #566-8334 Ad Ave','erat. Sed nunc est, mollis non,'),(880,'Olympia','Ap #368-895 Vulputate, St.','Ap #419-7439 Praesent Av.','In mi pede, nonummy ut,'),(881,'Sacha','P.O. Box 932, 4962 Sapien, Av.','859-5290 Varius St.','Aenean massa. Integer vitae nibh.'),(882,'Vernon','177-5755 Viverra. St.','Ap #995-9717 Lectus Road','erat. Sed nunc est, mollis non,'),(883,'Adara','9492 Semper Avenue','510-1315 Venenatis St.','elit,'),(884,'Risa','5110 Nunc Ave','289 Felis, St.','lacus. Quisque purus sapien, gravida non, sollicitudin a, malesuada'),(885,'Galena','480-4237 Aenean St.','523-4585 Molestie Road','tristique neque venenatis lacus. Etiam bibendum fermentum metus. Aenean sed'),(886,'Justina','P.O. Box 730, 6427 Mollis Road','6582 Ut, St.','elit. Aliquam auctor, velit eget laoreet posuere,'),(887,'Wesley','P.O. Box 157, 9209 Odio St.','P.O. Box 841, 4903 Elit, Street','malesuada ut, sem. Nulla interdum. Curabitur dictum. Phasellus in'),(888,'Sybil','P.O. Box 368, 1558 Gravida. St.','P.O. Box 219, 6659 Elit, Ave','augue ac'),(889,'Hoyt','524-7733 Euismod Road','449-4750 Scelerisque Ave','at, libero. Morbi accumsan laoreet ipsum. Curabitur consequat,'),(890,'Reese','8157 Non, Ave','P.O. Box 415, 1461 Suspendisse St.','semper'),(891,'Gisela','9090 Nunc Street','3241 Suspendisse Road','risus,'),(892,'Aidan','Ap #392-1296 Quis Rd.','905-2118 Augue Rd.','parturient montes, nascetur ridiculus mus.'),(893,'Shea','2104 Quis St.','521-8411 Dui Rd.','tempus'),(894,'Carl','Ap #516-1078 Purus St.','9769 Suspendisse Avenue','Nulla tincidunt, neque vitae semper egestas, urna'),(895,'Yen','1202 Curabitur Av.','1544 Aenean Rd.','sodales elit erat vitae risus. Duis a'),(896,'Steel','927-4110 A, Rd.','2901 Amet, Avenue','tortor at risus.'),(897,'Ginger','305-9333 Lectus Rd.','Ap #758-8884 Lorem Av.','augue scelerisque mollis. Phasellus libero mauris, aliquam eu,'),(898,'Rachel','P.O. Box 439, 8889 Dolor Rd.','7130 Ac St.','orci luctus et ultrices posuere cubilia Curae; Phasellus ornare.'),(899,'Dillon','Ap #732-7826 Ligula. Road','264-6305 Nec, Road','volutpat nunc sit amet'),(900,'Isaac','426-3490 Ipsum. Rd.','4605 Consectetuer Ave','sem. Pellentesque ut ipsum ac mi eleifend egestas. Sed pharetra,'),(901,'Wylie','Ap #724-5421 Ornare Rd.','P.O. Box 280, 8990 Non Road','leo.'),(902,'Nicholas','6266 Magna. Avenue','832 Nec, Av.','libero. Integer in magna. Phasellus dolor elit,'),(903,'Amal','161-6736 Etiam Av.','Ap #159-2637 Tempor Street','dolor quam, elementum'),(904,'Hop','Ap #340-6454 Enim. Street','P.O. Box 717, 8349 Nulla. Av.','velit dui, semper et, lacinia vitae, sodales at, velit.'),(905,'Darryl','980-8123 Cras Rd.','7105 Urna Av.','fringilla euismod enim. Etiam gravida molestie arcu. Sed'),(906,'Burton','411-1592 Tristique Avenue','P.O. Box 580, 7885 Sagittis Rd.','In lorem. Donec elementum, lorem ut aliquam iaculis, lacus pede'),(907,'Bradley','3857 Pretium Rd.','P.O. Box 771, 5390 Quis Road','lorem vitae odio sagittis semper. Nam tempor diam dictum'),(908,'Maggie','2706 Odio St.','P.O. Box 323, 6790 Faucibus. St.','gravida sagittis. Duis gravida. Praesent eu nulla at sem'),(909,'Joan','1357 In Rd.','810-3585 Elit. St.','sem egestas blandit.'),(910,'Gil','Ap #911-7784 Convallis St.','Ap #999-2797 Enim. Avenue','dictum augue malesuada malesuada.'),(911,'Aladdin','Ap #998-2787 Malesuada Road','809-4667 Lectus Av.','non arcu.'),(912,'Justina','288-3903 Nam Avenue','Ap #760-8321 Feugiat St.','ac, fermentum vel, mauris. Integer sem elit,'),(913,'Theodore','P.O. Box 656, 3783 Mi Rd.','3948 Ornare Avenue','nibh dolor, nonummy ac,'),(914,'Ulric','Ap #610-9295 Lorem St.','P.O. Box 172, 2004 Dolor Street','primis'),(915,'Keiko','2240 Laoreet Road','9654 Ut Rd.','Lorem ipsum dolor sit amet, consectetuer adipiscing elit. Aliquam'),(916,'Katell','2300 Nostra, St.','Ap #418-9658 Neque. Street','tristique aliquet. Phasellus fermentum convallis ligula. Donec luctus aliquet'),(917,'Kessie','167-2383 Feugiat Ave','531-7680 Aliquam Rd.','tempor'),(918,'Sean','Ap #788-3216 Lacus. Rd.','Ap #997-7469 Gravida Road','faucibus leo, in lobortis tellus justo sit amet nulla.'),(919,'Ronan','P.O. Box 375, 9934 Ligula. Road','2237 Cubilia Ave','Maecenas mi felis, adipiscing fringilla, porttitor'),(920,'Camden','P.O. Box 387, 3889 Interdum Ave','8529 Posuere Ave','non nisi. Aenean eget metus. In'),(921,'Callum','251-2490 Fermentum St.','758-2861 Curabitur Rd.','eu, euismod ac, fermentum vel, mauris. Integer sem elit,'),(922,'Brielle','8689 Mollis. Ave','406-2181 Phasellus Street','blandit mattis. Cras eget nisi dictum'),(923,'Jin','673-7161 Feugiat. Avenue','Ap #527-9866 Et, Road','ullamcorper. Duis cursus, diam at pretium aliquet,'),(924,'Evan','913-3450 Donec St.','879-317 Urna Street','Nunc ut erat. Sed nunc est,'),(925,'Felix','P.O. Box 900, 565 Felis, Street','927-3285 Est, Street','tincidunt, neque vitae semper egestas, urna justo faucibus lectus,'),(926,'Brady','P.O. Box 896, 4483 Eleifend, Rd.','7421 Curae; Street','ultrices. Duis volutpat nunc sit amet'),(927,'April','P.O. Box 377, 7677 Sociis Avenue','P.O. Box 408, 403 Tellus Street','Curabitur sed tortor. Integer aliquam adipiscing lacus. Ut'),(928,'Hyatt','910-411 Quisque St.','Ap #628-4291 Mauris St.','per conubia'),(929,'Grant','Ap #503-1566 Eros. Ave','Ap #552-439 Aliquet Avenue','in aliquet lobortis, nisi nibh lacinia orci, consectetuer euismod'),(930,'Maxwell','196-1558 Vulputate Av.','832-4835 Non St.','non magna. Nam ligula'),(931,'Vera','Ap #915-8253 At Rd.','720-7081 Suspendisse Av.','tortor. Nunc'),(932,'Raymond','353-1824 Ante Road','Ap #671-2528 Velit Avenue','lectus, a sollicitudin orci sem eget massa. Suspendisse eleifend. Cras'),(933,'Odysseus','Ap #772-1475 Porta Ave','Ap #857-9593 Auctor Av.','nibh. Donec est mauris, rhoncus'),(934,'Basia','8629 Tellus, Ave','P.O. Box 932, 686 Mattis. Street','Integer in magna. Phasellus'),(935,'Fritz','246-4094 Orci Ave','586-7902 Dictum Av.','turpis egestas. Fusce aliquet magna a neque. Nullam'),(936,'Sean','Ap #945-4811 Vel Road','205-6314 Fusce Road','volutpat.'),(937,'Althea','Ap #302-3105 Commodo Rd.','Ap #292-2686 Donec Av.','Praesent interdum ligula eu'),(938,'Shad','Ap #970-1559 Aenean Avenue','Ap #938-4968 Habitant Ave','Phasellus dolor elit, pellentesque a, facilisis non, bibendum sed, est.'),(939,'Hollee','3815 In St.','298-2399 Id, St.','quis diam luctus lobortis. Class aptent'),(940,'Colt','863-2895 Ut, Rd.','649-1389 Velit Ave','aliquam eu, accumsan sed, facilisis vitae, orci. Phasellus dapibus quam'),(941,'Echo','Ap #917-6662 Mauris Avenue','Ap #230-3070 Diam Street','gravida'),(942,'Bianca','Ap #409-6912 Sem. Road','814-2524 Eleifend St.','nec ante blandit viverra. Donec'),(943,'Iona','885 Ullamcorper St.','403-3315 Lorem Av.','ut ipsum'),(944,'Henry','814-8112 Cras Road','786-1811 Odio Rd.','Nunc mauris elit, dictum'),(945,'Genevieve','8230 Ut Av.','Ap #221-3106 Eu Avenue','elit sed consequat auctor, nunc nulla vulputate dui,'),(946,'Randall','Ap #890-1014 Ullamcorper Road','Ap #117-6278 In Street','arcu iaculis enim, sit amet ornare lectus'),(947,'Steel','Ap #501-2743 Ultricies Ave','7024 Aliquam Rd.','eu dolor egestas rhoncus. Proin nisl'),(948,'Castor','293-4314 Nunc Rd.','870-9364 Consectetuer, Street','sem elit, pharetra ut, pharetra'),(949,'Amela','5808 Vestibulum St.','P.O. Box 285, 3442 Sodales Rd.','Morbi quis urna. Nunc quis arcu vel'),(950,'Carol','8928 Rhoncus. Street','2397 Posuere St.','dictum. Phasellus in felis. Nulla tempor augue ac'),(951,'Nola','743-8493 Et, Road','9690 Nisl Ave','adipiscing. Mauris molestie pharetra nibh. Aliquam ornare, libero at'),(952,'Branden','831 Porttitor Road','2075 Venenatis Street','mi lorem, vehicula et, rutrum eu, ultrices'),(953,'Aiko','Ap #487-2129 Tortor. Rd.','Ap #146-2936 Facilisis, Street','ligula tortor, dictum eu,'),(954,'Amery','1545 Enim. Ave','Ap #583-992 Porttitor Rd.','erat. Sed nunc est, mollis'),(955,'Violet','P.O. Box 586, 9645 Non, Rd.','9140 Enim Av.','pharetra ut, pharetra sed,'),(956,'Cullen','Ap #593-1211 Sapien, Street','P.O. Box 969, 1898 Urna Rd.','lorem, vehicula et, rutrum'),(957,'Lacey','Ap #979-1981 Hendrerit Rd.','Ap #248-6464 Mauris St.','Fusce mi lorem,'),(958,'Finn','2447 Integer Avenue','Ap #839-6001 Quisque Rd.','blandit. Nam nulla magna, malesuada'),(959,'Charde','P.O. Box 368, 5559 Elit Ave','627-7948 Risus. Rd.','Aenean'),(960,'John','P.O. Box 869, 1853 Diam. Road','610-649 Ut, St.','ante'),(961,'Debra','2363 Metus Road','Ap #783-2130 Sed Rd.','pede. Cras vulputate velit eu sem. Pellentesque ut ipsum'),(962,'Chantale','P.O. Box 330, 418 Massa. Road','P.O. Box 245, 3800 Duis Rd.','dolor quam, elementum at, egestas a, scelerisque sed,'),(963,'Eden','3666 Id Road','1011 Varius Ave','elit, pretium et, rutrum non, hendrerit'),(964,'Tatyana','P.O. Box 505, 8796 Non Av.','6333 Lorem, Ave','Proin vel nisl.'),(965,'Illana','193-9701 Aenean Ave','9973 Libero St.','massa. Vestibulum accumsan neque et'),(966,'Kristen','Ap #636-2944 Aliquam St.','192-1132 Orci Rd.','vulputate, lacus. Cras interdum. Nunc sollicitudin commodo'),(967,'Duncan','Ap #732-7505 Ornare. Rd.','7679 Gravida. St.','leo elementum sem, vitae aliquam eros turpis non enim. Mauris'),(968,'Nolan','150-847 Quam. Rd.','P.O. Box 973, 6921 Vitae Av.','ipsum dolor sit amet, consectetuer adipiscing'),(969,'Kathleen','5936 Etiam Avenue','P.O. Box 798, 6064 Euismod St.','mattis ornare, lectus ante dictum mi, ac mattis'),(970,'Britanney','730-1987 Vitae Avenue','P.O. Box 570, 6625 A St.','aliquet. Proin velit. Sed malesuada augue'),(971,'Davis','P.O. Box 370, 5714 Erat. Road','P.O. Box 408, 9564 Leo. Street','et, rutrum eu, ultrices sit amet, risus.'),(972,'Rhona','3047 Ligula Av.','967-3125 Vivamus Rd.','a felis ullamcorper viverra.'),(973,'Ulla','P.O. Box 249, 7485 Massa Av.','P.O. Box 971, 5243 Semper, Ave','massa. Suspendisse eleifend. Cras sed leo.'),(974,'Roth','494-1285 Malesuada Street','8724 Fermentum Road','enim, condimentum'),(975,'Chandler','Ap #714-8282 Neque. Ave','Ap #969-703 Duis Ave','arcu vel'),(976,'Theodore','1209 Aliquam Av.','P.O. Box 731, 2032 Risus. Rd.','non, lacinia at, iaculis quis, pede.'),(977,'Hedwig','Ap #149-4622 Tempor St.','P.O. Box 609, 2977 In Rd.','Fusce aliquam, enim nec tempus scelerisque, lorem ipsum'),(978,'Suki','P.O. Box 546, 158 Quis, St.','Ap #792-3816 Risus. Ave','aliquam eros turpis non enim.'),(979,'Stone','8477 Cursus. Rd.','927-7878 Magna. Rd.','varius ultrices, mauris ipsum'),(980,'Aimee','861-5143 Amet Avenue','301-2976 Eleifend Rd.','tellus'),(981,'Thane','625-5384 Pharetra. Street','Ap #125-2529 Parturient Rd.','metus facilisis lorem tristique aliquet. Phasellus fermentum'),(982,'Dane','Ap #412-6629 Nec, St.','P.O. Box 273, 8902 Nunc Avenue','In condimentum. Donec at arcu.'),(983,'Maisie','Ap #967-2812 Velit. Ave','P.O. Box 848, 7379 A, Ave','ac arcu. Nunc mauris. Morbi non sapien molestie orci'),(984,'Amethyst','P.O. Box 619, 2348 Mollis Av.','6031 Nulla Rd.','ac metus vitae velit'),(985,'Azalia','Ap #886-5550 Iaculis Avenue','Ap #372-4924 A Road','enim mi tempor lorem, eget'),(986,'Buffy','P.O. Box 637, 1761 Sit Road','Ap #275-7060 Ut Road','varius et, euismod'),(987,'Flynn','Ap #991-5505 Lobortis Road','701-8351 Morbi Ave','at augue id ante'),(988,'Iris','270-5040 Et St.','Ap #149-5636 Et Rd.','luctus ut, pellentesque eget, dictum placerat,'),(989,'Cairo','768-4482 Sagittis Avenue','P.O. Box 955, 9018 Gravida. Avenue','Sed eget lacus. Mauris'),(990,'Mariko','3898 Nam Rd.','P.O. Box 960, 8787 Aliquet. Road','Suspendisse'),(991,'Breanna','Ap #279-6064 Ac Avenue','Ap #711-4783 Neque. Road','nibh enim, gravida sit amet,'),(992,'Joshua','P.O. Box 974, 6821 Sit Road','P.O. Box 909, 1251 Vestibulum Street','montes, nascetur ridiculus mus. Aenean eget'),(993,'Jenna','Ap #822-5046 Tempus Rd.','9281 Nonummy St.','nibh. Phasellus nulla. Integer vulputate, risus a'),(994,'Ezekiel','7100 Nec, St.','461-6547 Mi Av.','velit eu sem. Pellentesque ut ipsum ac mi eleifend'),(995,'Jolie','787-7840 Sagittis Av.','Ap #637-2175 Sodales Road','vestibulum, neque sed dictum eleifend, nunc risus varius'),(996,'Stacey','3813 Diam Rd.','270-9495 Eu St.','aliquet libero. Integer in magna.'),(997,'Patience','459-3471 Ac Av.','P.O. Box 709, 7234 Mus. Rd.','sed leo. Cras vehicula aliquet libero. Integer in'),(998,'Tanisha','297-7021 Orci, St.','Ap #967-4271 Congue Street','lorem semper auctor. Mauris vel turpis. Aliquam adipiscing lobortis'),(999,'Keaton','Ap #316-3494 Risus, St.','Ap #161-4570 Malesuada Avenue','eleifend nec, malesuada ut, sem. Nulla'),(1000,'Oren','P.O. Box 152, 8010 Ac Road','4660 Facilisis Ave','vitae velit egestas lacinia. Sed congue, elit sed consequat');

/*Table structure for table `deviceTest` */

DROP TABLE IF EXISTS `deviceTest`;

CREATE TABLE `deviceTest` (
  `macAddress` varchar(50) NOT NULL,
  `wlan0Reading` varchar(50) NOT NULL,
  `wlan1Reading` varchar(50) NOT NULL,
  `wlan2Reading` varchar(50) NOT NULL,
  `wlan3Reading` varchar(50) NOT NULL,
  `status` tinyint(4) NOT NULL
) ENGINE=InnoDB DEFAULT CHARSET=latin1;

/*Data for the table `deviceTest` */

/*Table structure for table `flashDeployModels` */

DROP TABLE IF EXISTS `flashDeployModels`;

CREATE TABLE `flashDeployModels` (
  `flashdeploymodelsId` int(11) NOT NULL AUTO_INCREMENT,
  `psku` varchar(255) DEFAULT NULL,
  `addressesPerUnit` int(11) NOT NULL,
  `configFileName` varchar(255) NOT NULL,
  `phyModes` varchar(50) NOT NULL,
  `description` varchar(255) NOT NULL,
  PRIMARY KEY (`flashdeploymodelsId`),
  KEY `modelId_idx` (`psku`)
) ENGINE=InnoDB AUTO_INCREMENT=114 DEFAULT CHARSET=latin1;

/*Data for the table `flashDeployModels` */

insert  into `flashDeployModels`(`flashdeploymodelsId`,`psku`,`addressesPerUnit`,`configFileName`,`phyModes`,`description`) values (1,'MD4444-4444',6,'MD4444-4444.conf','0,0,0,0','-'),(2,'MD4440-4444',6,'MD4440-4444.conf','0,0,0,0','-'),(3,'MD4124-Ixxx',6,'MD4124-Ixxx.conf','0,0,0,0','-'),(4,'MD4255-xAxA',6,'MD4255-xAxA.conf','0,0,0,0','-'),(5,'MD4345-I4x4',6,'MD4345-I4x4.conf','0,0,0,0','-'),(6,'MD4144-4xxx',6,'MD4144-4xxx.conf','0,0,0,0','-'),(7,'MD4254-IAxx',6,'MD4254-IAxx.conf','0,0,0,0','-'),(8,'MD4220-IIxx-S',6,'MD4220-IIxx-S','0,0,0,0','-'),(9,'MD4450-AAAA',6,'MD4450-AAAA.conf','0,0,0,0','-'),(10,'MD4000-FIPS-MD4350-AAIx',6,'MD4000-FIPS-MD4350-AAIx.conf','0,0,0,0','-'),(11,'MD4000-FIPS-MD4250-IAxx',6,'MD4000-FIPS-MD4250-AIxx.conf','0,0,0,0','-'),(12,'MD4150-xAxx',6,'MD4150-xAxx.conf','0,0,0,0','-'),(13,'MS4150-xAxx',6,'MS4150-xAxx.conf','0,0,0,0','-'),(14,'MD4000-FIPS',6,'MD4000-FIPS.conf','0,0,0,0','-'),(15,'MD4000-FIPS-MD4120-Ixxx',6,'MD4000-FIPS-MD4120-Ixxx.conf','0,0,0,0','-'),(16,'MD4000-FIPS-MD4320-IIIx',6,'MD4000-FIPS-MD4320-IIIx.conf','0,0,0,0','-'),(17,'MD4000-FIPS-MD4452-AAIA',6,'MD4000-FIPS-MD4452-AAIA.conf','0,0,0,0','-'),(18,'MD4000-FIPS-MD4458-AAII',6,'MD4000-FIPS-MD4458-AAII.conf','0,0,0,0','-'),(19,'MD4120-Ixxx',6,'MD4120-Ixxx.conf','0,0,0,0','-'),(20,'MD4150-Axxx',6,'MD4150-Axxx.conf','0,0,0,0','-'),(21,'MD4150-Axxx-M',6,'MD4150-Axxx-M.conf','0,0,0,0','-'),(22,'MD4220-BBxx',6,'MD4220-BBxx.conf','2,2,2','-'),(23,'MD4220-GGxx',6,'MD4220-GGxx.conf','2,6,6','-'),(24,'MD4220-IIxx',6,'MD4220-IIxx.conf','2,3,3','-'),(25,'MD4220-IIxx-M',6,'MD4220-IIxx-M.conf','0,0,0,0','-'),(26,'MD4220-xxVV',6,'MD4220-xxVV.conf','0,0,0,0','-'),(27,'MD4224-IIxx',6,'MD4224-IIxx.conf','0,0,0,0','-'),(28,'MD4240-44xx',6,'MD4240-44xx.conf','0,0,0,0','--'),(29,'MD4240-PPxx',6,'MD4240-PPxx.conf','0,0,0,0','-'),(30,'MD4250-AAxx',6,'MD4250-AAxx.conf','2,1,1','-'),(31,'MD4250-AAxx-M',6,'MD4250-AAxx-M.conf','0,0,0,0','-'),(32,'MD4250-AAxx-T',6,'MD4250-AAxx-T.conf','0,0,0,0','-'),(33,'MD4250-IAxx',6,'MD4250-IAxx.conf','0,0,0,0','-'),(34,'MD4254-AAxx',6,'MD4254-AAxx.conf','0,0,0,0','-'),(35,'MD4290-MMxx',6,'MD4290-MMxx.conf','2,2,2','test model for 900MHz'),(36,'MD4290-xxNN',6,'MD4290-xxNN.conf','0,0,0,0','-'),(37,'MD4320-BBBx',6,'MD4320-BBBx.conf','3,2,2,2','-'),(38,'MD4320-GGBx',6,'MD4320-GGBx.conf','3,6,6,2','-'),(39,'MD4320-IIBx',6,'MD4320-IIBx.conf','3,3,3,2','-'),(40,'MD4320-IIIx',6,'MD4320-IIIx.conf','0,0,0,0','-'),(41,'MD4324-IIIx',6,'MD4324-IIIx.conf','0,0,0,0','-'),(42,'MD4325-BBxB',6,'MD4325-BBxB.conf','3,2,2,2','-'),(43,'MD4325-GGxG',6,'MD4325-GGxG.conf','3,6,6,6','-'),(44,'MD4325-IIxI',6,'MD4325-IIxI.conf','3,3,3,3','-'),(45,'MD4340-449x',6,'MD4340-449x.conf','0,0,0,0','interesting config'),(46,'MD4340-44Ax',6,'MD4340-44Ax.conf','0,0,0,0','-'),(47,'MD4340-44Ix',6,'MD4340-44Ix.conf','0,0,0,0','-'),(48,'MD4344-444x',6,'MD4344-444x.conf','0,0,0,0','-'),(49,'MD4345-44x4',6,'MD4345-44x4.conf','0,0,0,0','-'),(50,'MD4350-AA4x',6,'MD4350-AA4x.conf','0,0,0,0','-'),(51,'MD4350-AAAx',6,'MD4350-AAAx.conf','0,0,0,0','-'),(52,'MD4350-AABx',6,'MD4350-AABx.conf','3,1,1,2','-'),(53,'MD4350-AAGx',6,'MD4350-AAGx.conf','3,1,1,6','-'),(54,'MD4350-AAIx',6,'MD4350-AAIx.conf','3,1,1,3','-'),(55,'MD4352-AAAx',6,'MD4352-AAAx.conf','3,1,1,1','PGA'),(56,'MD4352-AAxA',6,'MD4352-AAxA.conf','0,0,0,0','-'),(57,'MD4354-AAIx',6,'MD4354-AAIx.conf','0,0,0,0','-'),(58,'MD4354-AAxA',6,'MD4354-AAxA.conf','0,0,0,0','-'),(59,'MD4355-AAxA',6,'MD4355-AAxA.conf','3,1,1,3','-'),(60,'MD4355-AIxA-33x3',6,'MD4355-AIxA.conf','0,0,0,0','-'),(61,'MD4390-Ix99',6,'MD4390-Ix99.conf','0,0,0,0','-'),(62,'MD4390-IxEE',6,'MD4390-IxEE.conf','0,0,0,0','-'),(63,'MD4390-IxNN',6,'MD4390-IxNN.conf','0,0,0,0','-'),(64,'MD4390-NNIx',6,'MD4390-NNIx.conf','0,0,0,0','-'),(65,'MD4394-999x',6,'MD4394-999x.conf','0,0,0,0','three downlinks'),(66,'MD4422-IIII',6,'MD4422-IIII.conf','0,0,0,0','-'),(67,'MD4424-IIII',6,'MD4424-IIII.conf','4,3,3,3,3','4 BG downlink ROOT'),(68,'MD4425-IIII',6,'MD4425-IIII.conf','0,0,0,0','-'),(69,'MD4442-44A4',6,'MD4442-44A4.conf','0,0,0,0','-'),(70,'MD4448-44II',6,'MD4448-44II.conf','0,0,0,0','-'),(71,'MD4452-AAAA',6,'MD4452-AAAA.conf','0,0,0,0','-'),(72,'MD4452-AABA',6,'MD4452-AABA.conf','4,1,1,2,1','-'),(73,'MD4452-AAGA',6,'MD4452-AAGA.conf','4,1,1,6,1','-'),(74,'MD4452-AAIA',6,'MD4452-AAIA.conf','4,1,1,3,1','-'),(75,'MD4454-AAAA',6,'MD4454-AAAA.conf','4,1,1,1,1','4 A downlink ROOT'),(76,'MD4454-AAI4',6,'MD4454-AAI4.conf','0,0,0,0','-'),(77,'MD4454-AAIA',6,'MD4454-AAIA.conf','4,1,1,3,1','All downlinks'),(78,'MD4454-AAII',6,'MD4454-AAII.conf','0,0,0,0','-'),(79,'MD4454-AIII',6,'MD4454-AIII.conf','4,1,3,3,3','-'),(80,'MD4455-AA4A',6,'MD4455-AA4A.conf','0,0,0,0','-'),(81,'MD4455-AABA',6,'MD4455-AABA.conf','4,1,1,2,1','-'),(82,'MD4455-AAGA',6,'MD4455-AAGA.conf','4,1,1,6,1','-'),(83,'MD4455-AAIA',6,'MD4455-AAIA.conf','4,1,1,3,1','-'),(84,'MD4458-AAII',6,'MD4458-AAII.conf','4,1,1,3,3','-'),(85,'MD4458-IAII',6,'MD4458-IAII.conf','4,3,1,3,3','-'),(86,'MD4495-99I9',6,'MD4495-99I9.conf','0,0,0,0','trainwreck-of-a-node'),(87,'MD4498-99II',6,'MD4498-99II.conf','0,0,0,0','node for Henry'),(88,'MS4458-AAII',6,'MS4458-AAII.conf','0,0,0,0','-'),(89,'MD4245-x4x4',6,'MD4245-x4x4.conf','0.0.0.0','newly add for testing'),(90,'qw',6,'qw.conf','0,0,0,0','qw');

/*Table structure for table `forecastItem` */

DROP TABLE IF EXISTS `forecastItem`;

CREATE TABLE `forecastItem` (
  `forecastItemId` int(11) NOT NULL AUTO_INCREMENT,
  `quantity` int(11) DEFAULT NULL,
  `fcastId` int(11) DEFAULT NULL,
  `psku` varchar(255) DEFAULT NULL,
  PRIMARY KEY (`forecastItemId`),
  KEY `fcastId` (`fcastId`),
  KEY `psku` (`psku`),
  CONSTRAINT `ForecastMaster_FK_1` FOREIGN KEY (`fcastId`) REFERENCES `forecastMaster` (`fcastId`),
  CONSTRAINT `ForecastMaster_FK_2` FOREIGN KEY (`psku`) REFERENCES `product` (`psku`)
) ENGINE=InnoDB DEFAULT CHARSET=latin1;

/*Data for the table `forecastItem` */

/*Table structure for table `forecastMaster` */

DROP TABLE IF EXISTS `forecastMaster`;

CREATE TABLE `forecastMaster` (
  `fcastId` int(11) NOT NULL AUTO_INCREMENT,
  `custName` varchar(255) DEFAULT NULL,
  `estDate` datetime DEFAULT NULL,
  `notes` varchar(255) DEFAULT NULL,
  `salesMan` varchar(255) DEFAULT NULL,
  PRIMARY KEY (`fcastId`),
  KEY `salesMan` (`salesMan`),
  CONSTRAINT `forecastMaster_ibfk_1` FOREIGN KEY (`salesMan`) REFERENCES `userRole` (`userName`)
) ENGINE=InnoDB DEFAULT CHARSET=latin1;

/*Data for the table `forecastMaster` */

/*Table structure for table `inventory` */

DROP TABLE IF EXISTS `inventory`;

CREATE TABLE `inventory` (
  `macAddress` varchar(50) NOT NULL,
  `modelId` varchar(50) NOT NULL,
  `serial` varchar(50) NOT NULL,
  `firmwareVersion` varchar(20) DEFAULT NULL,
  `batchNumber` int(11) DEFAULT NULL
) ENGINE=InnoDB DEFAULT CHARSET=latin1;

/*Data for the table `inventory` */

/*Table structure for table `invoiceDeviceList` */

DROP TABLE IF EXISTS `invoiceDeviceList`;

CREATE TABLE `invoiceDeviceList` (
  `invoiceNumber` varchar(50) NOT NULL,
  `macAddress` varchar(50) NOT NULL,
  `shipId` int(11) DEFAULT NULL
) ENGINE=InnoDB DEFAULT CHARSET=latin1;

/*Data for the table `invoiceDeviceList` */

/*Table structure for table `invoiceItem` */

DROP TABLE IF EXISTS `invoiceItem`;

CREATE TABLE `invoiceItem` (
  `invoiceItemId` int(11) NOT NULL AUTO_INCREMENT,
  `extraDesc` varchar(255) DEFAULT NULL,
  `price` double DEFAULT NULL,
  `psku` varchar(255) DEFAULT NULL,
  `quantity` int(11) DEFAULT NULL,
  `invid` int(11) DEFAULT NULL,
  PRIMARY KEY (`invoiceItemId`),
  KEY `invid` (`invid`),
  KEY `psku` (`psku`),
  CONSTRAINT `InvoiceMaster_FK_1` FOREIGN KEY (`invid`) REFERENCES `invoiceMaster` (`invId`),
  CONSTRAINT `InvoiceMaster_FK_2` FOREIGN KEY (`psku`) REFERENCES `product` (`psku`)
) ENGINE=InnoDB AUTO_INCREMENT=6500 DEFAULT CHARSET=latin1;

/*Data for the table `invoiceItem` */

insert  into `invoiceItem`(`invoiceItemId`,`extraDesc`,`price`,`psku`,`quantity`,`invid`) values (6000,'pede. Cum',6507,'MD4440-4444',4,5052),(6001,'Suspendisse sagittis. Nullam',3303,'MD4440-4444',10,5061),(6002,'interdum',9986,'MD4440-4444',9,5090),(6003,'felis, adipiscing fringilla,',4997,'MD4440-4444',3,5081),(6004,'a ultricies adipiscing,',4524,'MD4440-4444',6,5046),(6005,'penatibus et',1630,'MD4440-4444',2,5056),(6006,'pede',9649,'MD4440-4444',7,5005),(6007,'dolor. Donec fringilla.',1505,'MD4440-4444',7,5096),(6008,'Donec',4342,'MD4440-4444',9,5026),(6009,'mollis',994,'MD4440-4444',1,5060),(6010,'tellus. Nunc',5344,'MD4440-4444',10,5095),(6011,'lacus',8420,'MD4440-4444',2,5008),(6012,'egestas a,',5544,'MD4440-4444',6,5078),(6013,'ultricies ligula.',6451,'MD4440-4444',10,5054),(6014,'purus',4831,'MD4440-4444',5,5024),(6015,'risus odio,',9059,'MD4440-4444',4,5037),(6016,'mauris ut',4988,'MD4440-4444',3,5093),(6017,'laoreet posuere, enim',8505,'MD4440-4444',10,5026),(6018,'amet, consectetuer adipiscing',8326,'MD4440-4444',2,5008),(6019,'Integer mollis.',1373,'MD4440-4444',3,5072),(6020,'montes, nascetur ridiculus',4486,'MD4440-4444',4,5086),(6021,'Duis mi',2154,'MD4440-4444',1,5094),(6022,'eu,',658,'MD4440-4444',9,5020),(6023,'Ut sagittis lobortis',344,'MD4440-4444',10,5099),(6024,'vitae nibh.',2728,'MD4440-4444',9,5099),(6025,'dapibus quam quis',6812,'MD4440-4444',9,5015),(6026,'Curabitur dictum.',7246,'MD4440-4444',10,5056),(6027,'tellus. Aenean',8175,'MD4440-4444',1,5034),(6028,'massa lobortis',3754,'MD4440-4444',3,5048),(6029,'Pellentesque ultricies',2002,'MD4440-4444',9,5064),(6030,'id,',9935,'MD4440-4444',4,5019),(6031,'Sed diam lorem,',4559,'MD4440-4444',10,5009),(6032,'semper',6131,'MD4440-4444',3,5012),(6033,'enim. Curabitur massa.',4523,'MD4440-4444',6,5016),(6034,'Aenean egestas hendrerit',8229,'MD4440-4444',5,5031),(6035,'Nam',708,'MD4440-4444',5,5091),(6036,'vel nisl. Quisque',9152,'MD4440-4444',10,5016),(6037,'viverra. Maecenas',3702,'MD4440-4444',2,5051),(6038,'enim nisl elementum',6616,'MD4440-4444',9,5014),(6039,'luctus',1828,'MD4440-4444',8,5033),(6040,'egestas.',1475,'MD4440-4444',10,5010),(6041,'orci. Ut sagittis',6201,'MD4440-4444',10,5018),(6042,'posuere,',9446,'MD4440-4444',1,5025),(6043,'in',5410,'MD4440-4444',3,5034),(6044,'scelerisque scelerisque',5416,'MD4440-4444',4,5047),(6045,'purus',8507,'MD4440-4444',5,5063),(6046,'egestas, urna justo',6422,'MD4440-4444',8,5073),(6047,'non',4890,'MD4440-4444',3,5020),(6048,'hendrerit a, arcu.',6330,'MD4440-4444',9,5014),(6049,'montes, nascetur',8734,'MD4440-4444',8,5012),(6050,'dui. Cras pellentesque.',4488,'MD4440-4444',5,5060),(6051,'mus. Proin vel',5638,'MD4440-4444',2,5002),(6052,'magna. Nam ligula',1022,'MD4440-4444',4,5004),(6053,'sagittis placerat. Cras',8818,'MD4440-4444',10,5008),(6054,'eleifend',8876,'MD4440-4444',7,5047),(6055,'neque pellentesque massa',6740,'MD4440-4444',7,5061),(6056,'sed tortor. Integer',3732,'MD4440-4444',3,5048),(6057,'nunc sed pede.',4768,'MD4440-4444',10,5080),(6058,'magna a neque.',9035,'MD4440-4444',2,5078),(6059,'egestas. Duis',9285,'MD4440-4444',4,5097),(6060,'ut lacus. Nulla',6773,'MD4440-4444',10,5027),(6061,'Vivamus',3430,'MD4440-4444',2,5018),(6062,'in faucibus',4710,'MD4440-4444',9,5059),(6063,'ornare. Fusce',5322,'MD4440-4444',9,5015),(6064,'mauris. Suspendisse aliquet',950,'MD4440-4444',9,5033),(6065,'dignissim tempor arcu.',2820,'MD4440-4444',6,5046),(6066,'Quisque varius. Nam',9308,'MD4440-4444',1,5005),(6067,'lacinia.',5222,'MD4440-4444',10,5052),(6068,'Duis',1832,'MD4440-4444',9,5042),(6069,'vel,',8130,'MD4440-4444',2,5050),(6070,'sed,',1120,'MD4440-4444',7,5093),(6071,'fermentum',2947,'MD4440-4444',8,5044),(6072,'velit',721,'MD4440-4444',9,5049),(6073,'libero.',8645,'MD4440-4444',7,5090),(6074,'ipsum',4382,'MD4440-4444',4,5055),(6075,'magnis dis',864,'MD4440-4444',4,5080),(6076,'odio semper cursus.',4313,'MD4440-4444',9,5002),(6077,'gravida mauris',9009,'MD4440-4444',5,5044),(6078,'amet,',8455,'MD4440-4444',1,5088),(6079,'nunc est, mollis',1508,'MD4440-4444',10,5027),(6080,'posuere',4481,'MD4440-4444',5,5056),(6081,'eget odio. Aliquam',5958,'MD4440-4444',4,5014),(6082,'Integer',9402,'MD4440-4444',8,5032),(6083,'nec,',6891,'MD4440-4444',8,5077),(6084,'nec mauris',2707,'MD4440-4444',7,5026),(6085,'Maecenas malesuada fringilla',3868,'MD4440-4444',7,5099),(6086,'elementum purus,',6290,'MD4440-4444',5,5063),(6087,'sem magna nec',6191,'MD4440-4444',1,5051),(6088,'felis',6129,'MD4440-4444',2,5032),(6089,'volutpat ornare,',1182,'MD4440-4444',2,5050),(6090,'convallis',2609,'MD4440-4444',4,5030),(6091,'tellus. Aenean egestas',5616,'MD4440-4444',9,5005),(6092,'a',5660,'MD4440-4444',4,5047),(6093,'enim nec tempus',4169,'MD4440-4444',2,5056),(6094,'lacinia vitae,',7446,'MD4440-4444',9,5017),(6095,'purus, in',4285,'MD4440-4444',4,5081),(6096,'ornare',6074,'MD4440-4444',9,5052),(6097,'vulputate, risus a',8203,'MD4440-4444',5,5013),(6098,'Vivamus nibh',6396,'MD4440-4444',5,5024),(6099,'Cum sociis natoque',1075,'MD4440-4444',5,5073),(6100,'a purus.',2337,'MD4440-4444',8,5138),(6101,'magna. Phasellus',3272,'MD4440-4444',2,5138),(6102,'vel, mauris.',393,'MD4440-4444',9,5105),(6103,'Nullam',8622,'MD4440-4444',8,5188),(6104,'aliquet molestie',1177,'MD4440-4444',2,5107),(6105,'tempor diam',4540,'MD4440-4444',7,5191),(6106,'sit amet, consectetuer',6004,'MD4440-4444',7,5143),(6107,'nonummy ut,',9055,'MD4440-4444',5,5114),(6108,'tempus, lorem',9163,'MD4440-4444',3,5109),(6109,'accumsan',7739,'MD4440-4444',1,5115),(6110,'ut',1982,'MD4440-4444',1,5114),(6111,'eget laoreet',6255,'MD4440-4444',10,5187),(6112,'luctus',5239,'MD4440-4444',10,5138),(6113,'at fringilla purus',3704,'MD4440-4444',5,5113),(6114,'in consectetuer ipsum',9708,'MD4440-4444',8,5176),(6115,'Fusce aliquam,',6925,'MD4440-4444',9,5160),(6116,'nibh. Aliquam ornare,',2082,'MD4440-4444',4,5187),(6117,'posuere',2460,'MD4440-4444',5,5120),(6118,'nulla. In',20,'MD4440-4444',9,5183),(6119,'eros',796,'MD4440-4444',3,5122),(6120,'odio. Phasellus at',4752,'MD4440-4444',1,5197),(6121,'odio a purus.',7611,'MD4440-4444',2,5119),(6122,'Fusce mollis. Duis',6036,'MD4440-4444',10,5163),(6123,'aliquam arcu.',1204,'MD4440-4444',4,5169),(6124,'mauris',951,'MD4440-4444',9,5155),(6125,'aliquam',8102,'MD4440-4444',2,5148),(6126,'sem elit,',5825,'MD4440-4444',2,5145),(6127,'fringilla, porttitor',2446,'MD4440-4444',5,5152),(6128,'eget magna. Suspendisse',4894,'MD4440-4444',4,5140),(6129,'nisl. Maecenas',5537,'MD4440-4444',1,5179),(6130,'congue, elit',1532,'MD4440-4444',9,5135),(6131,'Etiam gravida molestie',7470,'MD4440-4444',6,5192),(6132,'Nulla semper',4031,'MD4440-4444',4,5182),(6133,'purus ac',3162,'MD4440-4444',9,5174),(6134,'ac',3346,'MD4440-4444',8,5192),(6135,'adipiscing fringilla,',6980,'MD4440-4444',4,5141),(6136,'sit amet,',3916,'MD4440-4444',4,5150),(6137,'tincidunt',433,'MD4440-4444',3,5113),(6138,'vel pede',725,'MD4440-4444',9,5177),(6139,'diam. Pellentesque habitant',655,'MD4440-4444',8,5140),(6140,'ultricies',6339,'MD4440-4444',4,5131),(6141,'velit eget',4500,'MD4440-4444',5,5162),(6142,'consectetuer',4257,'MD4440-4444',10,5187),(6143,'volutpat',8165,'MD4440-4444',2,5158),(6144,'eros nec tellus.',794,'MD4440-4444',2,5133),(6145,'lorem lorem, luctus',2472,'MD4440-4444',4,5126),(6146,'venenatis',2619,'MD4440-4444',5,5148),(6147,'sociis natoque',800,'MD4440-4444',3,5154),(6148,'Nunc sed orci',9301,'MD4440-4444',2,5145),(6149,'rhoncus',7369,'MD4440-4444',4,5196),(6150,'non arcu. Vivamus',5246,'MD4440-4444',6,5150),(6151,'a mi fringilla',9119,'MD4440-4444',10,5131),(6152,'tellus',7235,'MD4440-4444',1,5156),(6153,'Phasellus',8301,'MD4440-4444',6,5124),(6154,'Duis',924,'MD4440-4444',6,5100),(6155,'libero',3556,'MD4440-4444',9,5145),(6156,'ipsum porta elit,',6370,'MD4440-4444',3,5159),(6157,'at arcu.',3612,'MD4440-4444',9,5101),(6158,'convallis ligula.',6043,'MD4440-4444',4,5157),(6159,'justo',7826,'MD4440-4444',4,5107),(6160,'lorem, sit',7122,'MD4440-4444',5,5127),(6161,'Donec',8917,'MD4440-4444',5,5167),(6162,'Cras sed leo.',5826,'MD4440-4444',7,5190),(6163,'Nunc',4817,'MD4440-4444',8,5199),(6164,'auctor,',5903,'MD4440-4444',8,5190),(6165,'Etiam ligula tortor,',1161,'MD4440-4444',7,5184),(6166,'posuere cubilia',2747,'MD4440-4444',10,5174),(6167,'risus a',8266,'MD4440-4444',5,5167),(6168,'at, velit. Pellentesque',6054,'MD4440-4444',10,5160),(6169,'Sed',9998,'MD4440-4444',4,5105),(6170,'lacinia mattis. Integer',1613,'MD4440-4444',4,5114),(6171,'in magna. Phasellus',6237,'MD4440-4444',3,5134),(6172,'Etiam vestibulum',2132,'MD4440-4444',2,5164),(6173,'arcu iaculis enim,',9191,'MD4440-4444',5,5194),(6174,'lorem fringilla',7881,'MD4440-4444',3,5192),(6175,'mus.',8130,'MD4440-4444',8,5187),(6176,'in felis.',8521,'MD4440-4444',4,5156),(6177,'ut odio vel',4024,'MD4440-4444',5,5157),(6178,'Cum',6813,'MD4440-4444',10,5117),(6179,'tempus',7798,'MD4440-4444',2,5194),(6180,'lacinia.',7139,'MD4440-4444',3,5168),(6181,'Etiam',3682,'MD4440-4444',2,5176),(6182,'Suspendisse',7230,'MD4440-4444',3,5185),(6183,'massa.',7725,'MD4440-4444',7,5123),(6184,'amet, consectetuer adipiscing',7044,'MD4440-4444',7,5192),(6185,'ornare',9429,'MD4440-4444',10,5122),(6186,'lectus pede, ultrices',4508,'MD4440-4444',10,5146),(6187,'convallis,',5058,'MD4440-4444',3,5127),(6188,'lorem, vehicula et,',637,'MD4440-4444',8,5181),(6189,'facilisis eget,',9235,'MD4440-4444',4,5158),(6190,'facilisis',4852,'MD4440-4444',2,5176),(6191,'risus. Nulla',9952,'MD4440-4444',7,5119),(6192,'ac, feugiat',7574,'MD4440-4444',5,5133),(6193,'ac,',5592,'MD4440-4444',3,5154),(6194,'lobortis mauris. Suspendisse',3001,'MD4440-4444',3,5174),(6195,'amet orci.',942,'MD4440-4444',9,5179),(6196,'aliquet',8216,'MD4440-4444',6,5181),(6197,'vel arcu. Curabitur',5045,'MD4440-4444',10,5156),(6198,'Sed congue, elit',7977,'MD4440-4444',2,5160),(6199,'urna',9403,'MD4440-4444',5,5189),(6200,'nonummy. Fusce fermentum',3275,'MD4440-4444',7,5287),(6201,'Class aptent taciti',7916,'MD4440-4444',3,5292),(6202,'orci lobortis',2523,'MD4440-4444',8,5289),(6203,'Donec',1517,'MD4440-4444',9,5220),(6204,'posuere,',5346,'MD4440-4444',10,5201),(6205,'consectetuer,',8198,'MD4440-4444',3,5266),(6206,'felis eget varius',4324,'MD4440-4444',3,5227),(6207,'Nunc lectus',5610,'MD4440-4444',2,5298),(6208,'ut',7315,'MD4440-4444',3,5224),(6209,'Proin mi.',6691,'MD4440-4444',6,5277),(6210,'dolor.',9695,'MD4440-4444',8,5289),(6211,'lacus.',1393,'MD4440-4444',2,5244),(6212,'mi lorem, vehicula',3396,'MD4440-4444',5,5209),(6213,'sagittis lobortis mauris.',6471,'MD4440-4444',8,5275),(6214,'amet,',7282,'MD4440-4444',10,5293),(6215,'nulla. In tincidunt',4584,'MD4440-4444',3,5252),(6216,'Donec sollicitudin adipiscing',9955,'MD4440-4444',10,5277),(6217,'egestas ligula.',3287,'MD4440-4444',6,5205),(6218,'placerat, orci',9232,'MD4440-4444',5,5201),(6219,'sodales at,',1857,'MD4440-4444',3,5207),(6220,'Sed',9208,'MD4440-4444',5,5267),(6221,'erat, eget tincidunt',6945,'MD4440-4444',1,5264),(6222,'turpis nec mauris',329,'MD4440-4444',6,5296),(6223,'erat volutpat. Nulla',3581,'MD4440-4444',8,5287),(6224,'sollicitudin',9262,'MD4440-4444',1,5220),(6225,'suscipit, est',2939,'MD4440-4444',4,5289),(6226,'amet lorem',7855,'MD4440-4444',4,5287),(6227,'ac mi eleifend',2190,'MD4440-4444',5,5248),(6228,'sed dictum',4747,'MD4440-4444',9,5209),(6229,'tempus',5720,'MD4440-4444',8,5295),(6230,'at,',4110,'MD4440-4444',2,5210),(6231,'enim,',7457,'MD4440-4444',5,5234),(6232,'Suspendisse commodo tincidunt',7049,'MD4440-4444',8,5219),(6233,'volutpat.',7748,'MD4440-4444',2,5244),(6234,'et, commodo at,',1072,'MD4440-4444',1,5297),(6235,'Donec tempus, lorem',7437,'MD4440-4444',4,5284),(6236,'pede sagittis augue,',2257,'MD4440-4444',7,5234),(6237,'cursus.',1010,'MD4440-4444',1,5200),(6238,'Nunc ut',246,'MD4440-4444',1,5203),(6239,'elit, a',4745,'MD4440-4444',7,5253),(6240,'amet ornare lectus',7270,'MD4440-4444',5,5267),(6241,'magna. Sed',1429,'MD4440-4444',1,5200),(6242,'lacinia orci, consectetuer',2604,'MD4440-4444',10,5213),(6243,'ultricies ligula. Nullam',300,'MD4440-4444',4,5258),(6244,'aliquet, metus urna',3037,'MD4440-4444',1,5290),(6245,'urna. Vivamus',6898,'MD4440-4444',8,5235),(6246,'Aliquam nec enim.',4187,'MD4440-4444',5,5233),(6247,'fringilla',4972,'MD4440-4444',2,5270),(6248,'libero est, congue',3640,'MD4440-4444',3,5213),(6249,'mi. Duis risus',9789,'MD4440-4444',1,5263),(6250,'Proin',3023,'MD4440-4444',8,5205),(6251,'pede blandit',368,'MD4440-4444',3,5240),(6252,'Donec fringilla.',2769,'MD4440-4444',7,5259),(6253,'id, mollis nec,',9458,'MD4440-4444',9,5298),(6254,'eleifend',220,'MD4440-4444',10,5224),(6255,'tempus risus.',7271,'MD4440-4444',3,5252),(6256,'a purus.',3108,'MD4440-4444',1,5200),(6257,'egestas. Sed',7048,'MD4440-4444',3,5290),(6258,'vitae aliquam eros',3775,'MD4440-4444',3,5299),(6259,'Phasellus vitae mauris',1886,'MD4440-4444',9,5260),(6260,'ut, pellentesque eget,',454,'MD4440-4444',9,5244),(6261,'enim',6816,'MD4440-4444',8,5287),(6262,'fames',8876,'MD4440-4444',4,5255),(6263,'tincidunt, neque vitae',898,'MD4440-4444',8,5224),(6264,'euismod',3023,'MD4440-4444',9,5226),(6265,'dui.',1688,'MD4440-4444',1,5217),(6266,'tempor augue ac',7709,'MD4440-4444',2,5287),(6267,'Nullam feugiat',9943,'MD4440-4444',4,5275),(6268,'tincidunt.',3322,'MD4440-4444',1,5203),(6269,'dolor.',7731,'MD4440-4444',10,5282),(6270,'Integer sem',3751,'MD4440-4444',5,5258),(6271,'non',4464,'MD4440-4444',8,5252),(6272,'nisi.',3597,'MD4440-4444',6,5268),(6273,'aliquam',1366,'MD4440-4444',6,5236),(6274,'ac ipsum. Phasellus',5162,'MD4440-4444',4,5233),(6275,'ut ipsum ac',485,'MD4440-4444',10,5269),(6276,'Pellentesque habitant',9967,'MD4440-4444',7,5238),(6277,'et,',6061,'MD4440-4444',7,5253),(6278,'Phasellus',3453,'MD4440-4444',4,5253),(6279,'velit.',9040,'MD4440-4444',9,5247),(6280,'non, hendrerit id,',6569,'MD4440-4444',8,5215),(6281,'amet, dapibus id,',3606,'MD4440-4444',10,5201),(6282,'fermentum arcu. Vestibulum',2903,'MD4440-4444',4,5265),(6283,'lorem',3693,'MD4440-4444',5,5292),(6284,'malesuada',4418,'MD4440-4444',4,5225),(6285,'Nam consequat dolor',6486,'MD4440-4444',8,5216),(6286,'pede',5700,'MD4440-4444',4,5269),(6287,'tellus sem mollis',6820,'MD4440-4444',10,5274),(6288,'Cras interdum. Nunc',1183,'MD4440-4444',8,5258),(6289,'adipiscing elit. Aliquam',8539,'MD4440-4444',7,5275),(6290,'magna. Lorem',2218,'MD4440-4444',8,5283),(6291,'elementum sem, vitae',3375,'MD4440-4444',2,5225),(6292,'ullamcorper eu,',2279,'MD4440-4444',10,5224),(6293,'malesuada',3565,'MD4440-4444',6,5255),(6294,'odio sagittis',8464,'MD4440-4444',8,5216),(6295,'Curae; Donec tincidunt.',8775,'MD4440-4444',6,5245),(6296,'diam. Sed',4480,'MD4440-4444',2,5266),(6297,'Praesent',8748,'MD4440-4444',3,5211),(6298,'ad litora torquent',3166,'MD4440-4444',10,5272),(6299,'non magna. Nam',8431,'MD4440-4444',2,5207),(6300,'Suspendisse sagittis. Nullam',688,'MD4440-4444',7,5370),(6301,'ut odio vel',6916,'MD4440-4444',1,5396),(6302,'ac orci.',202,'MD4440-4444',3,5311),(6303,'est.',8733,'MD4440-4444',4,5334),(6304,'mauris,',8656,'MD4440-4444',3,5310),(6305,'cursus',26,'MD4440-4444',9,5376),(6306,'mauris sit amet',8138,'MD4440-4444',3,5309),(6307,'vitae',6394,'MD4440-4444',3,5363),(6308,'placerat,',6918,'MD4440-4444',7,5327),(6309,'montes,',6673,'MD4440-4444',10,5372),(6310,'et tristique',8986,'MD4440-4444',9,5331),(6311,'auctor ullamcorper, nisl',3417,'MD4440-4444',6,5301),(6312,'facilisis, magna tellus',5067,'MD4440-4444',3,5382),(6313,'mollis',7976,'MD4440-4444',3,5395),(6314,'Duis cursus, diam',3797,'MD4440-4444',10,5354),(6315,'vehicula et, rutrum',6570,'MD4440-4444',1,5347),(6316,'bibendum',9566,'MD4440-4444',9,5328),(6317,'Sed neque. Sed',4367,'MD4440-4444',3,5354),(6318,'enim mi tempor',5365,'MD4440-4444',8,5391),(6319,'Nunc ac',3197,'MD4440-4444',10,5302),(6320,'Praesent',4547,'MD4440-4444',2,5326),(6321,'ornare placerat,',5189,'MD4440-4444',4,5315),(6322,'Mauris molestie pharetra',2259,'MD4440-4444',8,5323),(6323,'commodo tincidunt nibh.',1008,'MD4440-4444',8,5352),(6324,'velit.',2835,'MD4440-4444',9,5384),(6325,'non lorem vitae',952,'MD4440-4444',1,5308),(6326,'rutrum urna,',5594,'MD4440-4444',6,5359),(6327,'Aliquam',6887,'MD4440-4444',1,5399),(6328,'neque vitae',8872,'MD4440-4444',6,5368),(6329,'Vestibulum ut eros',1901,'MD4440-4444',8,5339),(6330,'malesuada fringilla est.',8953,'MD4440-4444',1,5341),(6331,'vitae, sodales at,',8655,'MD4440-4444',8,5309),(6332,'tristique',151,'MD4440-4444',2,5304),(6333,'eu, ultrices sit',8770,'MD4440-4444',10,5358),(6334,'mollis dui, in',7404,'MD4440-4444',10,5369),(6335,'Vestibulum accumsan',3589,'MD4440-4444',4,5372),(6336,'sagittis',3506,'MD4440-4444',7,5371),(6337,'a',4029,'MD4440-4444',1,5326),(6338,'arcu eu odio',3176,'MD4440-4444',7,5311),(6339,'velit justo',3036,'MD4440-4444',5,5377),(6340,'orci, consectetuer',5899,'MD4440-4444',5,5376),(6341,'Etiam laoreet,',6712,'MD4440-4444',5,5390),(6342,'eu neque pellentesque',6301,'MD4440-4444',8,5351),(6343,'ligula.',4129,'MD4440-4444',8,5377),(6344,'Cras eget nisi',7741,'MD4440-4444',5,5344),(6345,'velit eget laoreet',7265,'MD4440-4444',1,5320),(6346,'risus quis diam',3518,'MD4440-4444',1,5343),(6347,'urna. Vivamus molestie',4422,'MD4440-4444',3,5395),(6348,'feugiat.',1076,'MD4440-4444',8,5337),(6349,'pede blandit congue.',3455,'MD4440-4444',8,5324),(6350,'diam. Proin',6572,'MD4440-4444',10,5351),(6351,'tristique',2797,'MD4440-4444',8,5305),(6352,'sed turpis',2157,'MD4440-4444',9,5310),(6353,'Fusce dolor quam,',1175,'MD4440-4444',10,5389),(6354,'ac',1963,'MD4440-4444',4,5342),(6355,'purus ac tellus.',217,'MD4440-4444',6,5372),(6356,'molestie. Sed',8969,'MD4440-4444',9,5393),(6357,'penatibus et',1455,'MD4440-4444',2,5375),(6358,'Mauris quis',5580,'MD4440-4444',9,5359),(6359,'velit. Quisque',183,'MD4440-4444',6,5365),(6360,'est, vitae',6038,'MD4440-4444',8,5375),(6361,'arcu. Curabitur',9452,'MD4440-4444',1,5314),(6362,'orci.',7891,'MD4440-4444',8,5353),(6363,'diam nunc,',1422,'MD4440-4444',1,5364),(6364,'fames ac turpis',2688,'MD4440-4444',6,5309),(6365,'eget',6382,'MD4440-4444',3,5307),(6366,'Cras vehicula aliquet',1591,'MD4440-4444',4,5374),(6367,'eu',7232,'MD4440-4444',7,5384),(6368,'in magna. Phasellus',7104,'MD4440-4444',3,5306),(6369,'diam',1945,'MD4440-4444',5,5323),(6370,'adipiscing',3523,'MD4440-4444',8,5369),(6371,'diam.',2654,'MD4440-4444',5,5326),(6372,'massa. Quisque porttitor',1334,'MD4440-4444',10,5372),(6373,'pharetra ut, pharetra',3859,'MD4440-4444',3,5305),(6374,'scelerisque dui.',7801,'MD4440-4444',3,5371),(6375,'tortor.',710,'MD4440-4444',7,5377),(6376,'magna. Lorem ipsum',2228,'MD4440-4444',1,5363),(6377,'ante',8525,'MD4440-4444',2,5393),(6378,'sagittis lobortis',866,'MD4440-4444',6,5318),(6379,'iaculis nec,',5124,'MD4440-4444',2,5352),(6380,'sem semper',6774,'MD4440-4444',8,5383),(6381,'purus. Nullam scelerisque',1953,'MD4440-4444',4,5393),(6382,'velit dui, semper',2224,'MD4440-4444',2,5353),(6383,'sociosqu ad litora',7516,'MD4440-4444',4,5326),(6384,'massa',3719,'MD4440-4444',9,5320),(6385,'Suspendisse tristique',9573,'MD4440-4444',7,5360),(6386,'eleifend. Cras',2702,'MD4440-4444',1,5365),(6387,'est,',406,'MD4440-4444',9,5398),(6388,'quis,',4470,'MD4440-4444',1,5372),(6389,'pharetra. Nam',1476,'MD4440-4444',7,5345),(6390,'nisi a odio',6271,'MD4440-4444',7,5369),(6391,'hendrerit consectetuer, cursus',2873,'MD4440-4444',6,5306),(6392,'nostra,',1603,'MD4440-4444',7,5336),(6393,'tincidunt',5443,'MD4440-4444',4,5307),(6394,'lorem,',7872,'MD4440-4444',8,5351),(6395,'erat.',8526,'MD4440-4444',7,5385),(6396,'penatibus',845,'MD4440-4444',3,5349),(6397,'Donec sollicitudin adipiscing',5772,'MD4440-4444',6,5307),(6398,'sociis natoque',5834,'MD4440-4444',3,5393),(6399,'ullamcorper. Duis',1853,'MD4440-4444',4,5334),(6400,'ligula elit,',611,'MD4440-4444',9,5462),(6401,'non massa non',9551,'MD4440-4444',7,5432),(6402,'iaculis odio.',6763,'MD4440-4444',1,5495),(6403,'netus et',1638,'MD4440-4444',7,5476),(6404,'in, dolor. Fusce',9729,'MD4440-4444',10,5426),(6405,'augue, eu',6532,'MD4440-4444',5,5485),(6406,'primis in faucibus',1079,'MD4440-4444',10,5469),(6407,'imperdiet dictum magna.',3749,'MD4440-4444',1,5418),(6408,'fringilla',2726,'MD4440-4444',9,5476),(6409,'lobortis. Class aptent',8215,'MD4440-4444',9,5422),(6410,'ipsum.',5386,'MD4440-4444',9,5410),(6411,'feugiat.',6559,'MD4440-4444',9,5419),(6412,'pharetra',8960,'MD4440-4444',1,5438),(6413,'cursus',152,'MD4440-4444',3,5433),(6414,'iaculis aliquet',8239,'MD4440-4444',3,5482),(6415,'vel arcu.',2800,'MD4440-4444',10,5474),(6416,'a, scelerisque',4146,'MD4440-4444',7,5466),(6417,'ridiculus mus. Aenean',3153,'MD4440-4444',4,5419),(6418,'posuere vulputate,',3431,'MD4440-4444',9,5497),(6419,'commodo tincidunt',3594,'MD4440-4444',2,5491),(6420,'iaculis',4579,'MD4440-4444',7,5429),(6421,'Proin eget odio.',6945,'MD4440-4444',3,5471),(6422,'aliquet diam. Sed',1617,'MD4440-4444',10,5427),(6423,'mollis',3226,'MD4440-4444',4,5461),(6424,'leo. Vivamus',2382,'MD4440-4444',9,5400),(6425,'faucibus id, libero.',2302,'MD4440-4444',2,5458),(6426,'nonummy',9063,'MD4440-4444',3,5471),(6427,'natoque penatibus',1112,'MD4440-4444',7,5468),(6428,'volutpat nunc sit',7983,'MD4440-4444',3,5460),(6429,'risus. Nunc',5792,'MD4440-4444',8,5498),(6430,'scelerisque neque',6320,'MD4440-4444',2,5448),(6431,'in,',3130,'MD4440-4444',10,5496),(6432,'ipsum. Donec',6115,'MD4440-4444',10,5491),(6433,'vitae',7210,'MD4440-4444',1,5415),(6434,'vel',448,'MD4440-4444',5,5441),(6435,'ac',6466,'MD4440-4444',7,5418),(6436,'ridiculus mus.',9222,'MD4440-4444',6,5451),(6437,'ut dolor dapibus',1972,'MD4440-4444',3,5459),(6438,'felis',2901,'MD4440-4444',3,5410),(6439,'quam, elementum',4410,'MD4440-4444',8,5425),(6440,'ligula. Aliquam',4594,'MD4440-4444',9,5459),(6441,'luctus sit amet,',2385,'MD4440-4444',2,5406),(6442,'non,',3257,'MD4440-4444',7,5457),(6443,'odio.',6068,'MD4440-4444',2,5483),(6444,'libero',7219,'MD4440-4444',4,5495),(6445,'orci',5150,'MD4440-4444',5,5423),(6446,'dapibus quam quis',8343,'MD4440-4444',3,5438),(6447,'dui, in sodales',8049,'MD4440-4444',10,5493),(6448,'Aliquam vulputate ullamcorper',3676,'MD4440-4444',1,5470),(6449,'nec',1959,'MD4440-4444',5,5436),(6450,'fermentum arcu.',1059,'MD4440-4444',1,5402),(6451,'quam, elementum at,',1348,'MD4440-4444',3,5419),(6452,'arcu. Aliquam',5986,'MD4440-4444',8,5448),(6453,'Nulla',9319,'MD4440-4444',4,5468),(6454,'lorem semper',2059,'MD4440-4444',1,5441),(6455,'sagittis semper. Nam',6100,'MD4440-4444',10,5467),(6456,'lacinia',4934,'MD4440-4444',10,5459),(6457,'pede nec ante',7241,'MD4440-4444',8,5421),(6458,'augue eu tellus.',1650,'MD4440-4444',3,5431),(6459,'eget varius ultrices,',9088,'MD4440-4444',10,5449),(6460,'volutpat. Nulla',4052,'MD4440-4444',6,5401),(6461,'nonummy ut,',8316,'MD4440-4444',10,5415),(6462,'Cras convallis',1119,'MD4440-4444',6,5418),(6463,'dolor. Fusce',1137,'MD4440-4444',4,5474),(6464,'sem mollis',3590,'MD4440-4444',5,5476),(6465,'amet,',2117,'MD4440-4444',6,5497),(6466,'molestie in,',4142,'MD4440-4444',1,5402),(6467,'porttitor eros',3562,'MD4440-4444',3,5412),(6468,'erat, in',9226,'MD4440-4444',5,5497),(6469,'ridiculus',8450,'MD4440-4444',5,5464),(6470,'eu, euismod',6282,'MD4440-4444',8,5421),(6471,'neque.',8019,'MD4440-4444',3,5472),(6472,'ornare. In',4901,'MD4440-4444',7,5476),(6473,'a, scelerisque',4712,'MD4440-4444',1,5462),(6474,'sem ut',8977,'MD4440-4444',1,5478),(6475,'volutpat',636,'MD4440-4444',5,5492),(6476,'lorem lorem,',3707,'MD4440-4444',10,5420),(6477,'sed',5849,'MD4440-4444',3,5457),(6478,'dui, semper et,',8332,'MD4440-4444',8,5445),(6479,'mi',5214,'MD4440-4444',10,5488),(6480,'non,',1798,'MD4440-4444',2,5441),(6481,'In nec orci.',4152,'MD4440-4444',5,5420),(6482,'ligula. Aliquam erat',3618,'MD4440-4444',5,5440),(6483,'et, lacinia',920,'MD4440-4444',2,5476),(6484,'pretium aliquet,',324,'MD4440-4444',9,5427),(6485,'molestie',7748,'MD4440-4444',2,5413),(6486,'Donec',2472,'MD4440-4444',3,5430),(6487,'Nullam enim.',3790,'MD4440-4444',2,5400),(6488,'cursus purus. Nullam',8668,'MD4440-4444',3,5463),(6489,'cursus non,',9701,'MD4440-4444',7,5419),(6490,'libero.',2384,'MD4440-4444',1,5486),(6491,'Nulla facilisi. Sed',9260,'MD4440-4444',3,5407),(6492,'facilisis eget,',5353,'MD4440-4444',6,5456),(6493,'Donec non',5325,'MD4440-4444',10,5432),(6494,'In',4631,'MD4440-4444',4,5417),(6495,'nostra, per inceptos',7151,'MD4440-4444',7,5445),(6496,'Fusce mollis. Duis',8556,'MD4440-4444',1,5445),(6497,'Suspendisse commodo tincidunt',9176,'MD4440-4444',5,5470),(6498,'diam eu dolor',1832,'MD4440-4444',7,5460),(6499,'ac mi',5435,'MD4440-4444',9,5472);

/*Table structure for table `invoiceItemSubProduct` */

DROP TABLE IF EXISTS `invoiceItemSubProduct`;

CREATE TABLE `invoiceItemSubProduct` (
  `invoiceitemsubproductId` int(11) NOT NULL AUTO_INCREMENT,
  `invoiceItemId` int(11) NOT NULL,
  `subproductName` varchar(10) NOT NULL,
  `quantity` int(11) DEFAULT NULL,
  PRIMARY KEY (`invoiceitemsubproductId`),
  KEY `invoiceItemId_idx` (`invoiceItemId`),
  KEY `subproductName_idx` (`subproductName`),
  CONSTRAINT `invoiceItemId` FOREIGN KEY (`invoiceItemId`) REFERENCES `invoiceItem` (`invoiceItemId`),
  CONSTRAINT `subproductName` FOREIGN KEY (`subproductName`) REFERENCES `subProduct` (`subproductName`)
) ENGINE=InnoDB AUTO_INCREMENT=9500 DEFAULT CHARSET=latin1;

/*Data for the table `invoiceItemSubProduct` */

insert  into `invoiceItemSubProduct`(`invoiceitemsubproductId`,`invoiceItemId`,`subproductName`,`quantity`) values (9000,6001,'APP',1),(9001,6016,'APP',2),(9002,6053,'VLAN',6),(9003,6051,'VLAN',8),(9004,6063,'VLAN',2),(9005,6004,'APP',6),(9006,6029,'APP',8),(9007,6019,'APP',7),(9008,6094,'VLAN',9),(9009,6076,'VLAN',4),(9010,6079,'VLAN',7),(9011,6095,'VLAN',7),(9012,6083,'VLAN',7),(9013,6027,'VLAN',2),(9014,6067,'VLAN',3),(9015,6058,'VLAN',3),(9016,6066,'VLAN',4),(9017,6091,'VLAN',1),(9018,6031,'VLAN',4),(9019,6032,'APP',2),(9020,6004,'VLAN',10),(9021,6032,'APP',6),(9022,6089,'VLAN',4),(9023,6079,'VLAN',1),(9024,6066,'VLAN',6),(9025,6021,'APP',8),(9026,6090,'APP',9),(9027,6009,'VLAN',1),(9028,6003,'VLAN',6),(9029,6075,'VLAN',9),(9030,6029,'VLAN',9),(9031,6050,'APP',7),(9032,6047,'APP',3),(9033,6089,'APP',8),(9034,6043,'VLAN',10),(9035,6005,'APP',6),(9036,6073,'VLAN',1),(9037,6059,'VLAN',10),(9038,6001,'APP',9),(9039,6010,'APP',8),(9040,6049,'VLAN',1),(9041,6091,'VLAN',4),(9042,6007,'VLAN',8),(9043,6035,'APP',4),(9044,6026,'APP',8),(9045,6022,'VLAN',2),(9046,6091,'VLAN',9),(9047,6021,'VLAN',2),(9048,6057,'APP',8),(9049,6059,'VLAN',6),(9050,6017,'VLAN',7),(9051,6035,'VLAN',4),(9052,6061,'VLAN',8),(9053,6078,'APP',4),(9054,6068,'APP',2),(9055,6072,'VLAN',2),(9056,6071,'VLAN',6),(9057,6045,'VLAN',1),(9058,6052,'VLAN',1),(9059,6029,'VLAN',6),(9060,6034,'APP',9),(9061,6059,'APP',8),(9062,6080,'VLAN',10),(9063,6028,'APP',7),(9064,6052,'VLAN',3),(9065,6001,'VLAN',9),(9066,6059,'APP',8),(9067,6015,'APP',8),(9068,6022,'VLAN',3),(9069,6047,'APP',1),(9070,6056,'VLAN',10),(9071,6093,'APP',9),(9072,6094,'VLAN',7),(9073,6045,'APP',9),(9074,6034,'APP',8),(9075,6071,'APP',7),(9076,6077,'VLAN',6),(9077,6018,'APP',4),(9078,6094,'APP',3),(9079,6000,'VLAN',1),(9080,6005,'VLAN',9),(9081,6024,'APP',1),(9082,6092,'VLAN',7),(9083,6031,'APP',10),(9084,6028,'VLAN',5),(9085,6028,'APP',8),(9086,6061,'APP',7),(9087,6001,'APP',2),(9088,6034,'VLAN',2),(9089,6068,'VLAN',5),(9090,6032,'APP',6),(9091,6014,'APP',4),(9092,6015,'VLAN',3),(9093,6043,'APP',6),(9094,6057,'APP',7),(9095,6036,'VLAN',2),(9096,6008,'VLAN',10),(9097,6072,'VLAN',9),(9098,6097,'APP',8),(9099,6031,'VLAN',7),(9100,6151,'APP',7),(9101,6109,'VLAN',4),(9102,6129,'APP',1),(9103,6117,'APP',7),(9104,6175,'APP',8),(9105,6114,'VLAN',3),(9106,6133,'APP',9),(9107,6105,'APP',6),(9108,6171,'APP',7),(9109,6155,'APP',9),(9110,6148,'VLAN',9),(9111,6114,'APP',8),(9112,6101,'APP',1),(9113,6122,'APP',8),(9114,6124,'VLAN',4),(9115,6108,'VLAN',1),(9116,6101,'APP',5),(9117,6180,'VLAN',7),(9118,6171,'VLAN',1),(9119,6164,'APP',2),(9120,6135,'APP',5),(9121,6101,'APP',10),(9122,6170,'APP',2),(9123,6144,'APP',2),(9124,6161,'VLAN',9),(9125,6192,'VLAN',3),(9126,6146,'APP',9),(9127,6108,'VLAN',4),(9128,6101,'APP',5),(9129,6123,'VLAN',9),(9130,6106,'VLAN',3),(9131,6128,'APP',10),(9132,6178,'APP',2),(9133,6107,'APP',2),(9134,6107,'VLAN',8),(9135,6190,'VLAN',5),(9136,6141,'APP',2),(9137,6141,'APP',10),(9138,6105,'APP',5),(9139,6171,'VLAN',4),(9140,6199,'VLAN',10),(9141,6137,'VLAN',5),(9142,6106,'VLAN',9),(9143,6196,'VLAN',5),(9144,6150,'APP',3),(9145,6128,'APP',8),(9146,6197,'VLAN',4),(9147,6133,'APP',2),(9148,6168,'VLAN',1),(9149,6102,'APP',7),(9150,6187,'APP',4),(9151,6168,'APP',5),(9152,6128,'APP',3),(9153,6187,'VLAN',4),(9154,6164,'VLAN',10),(9155,6195,'APP',9),(9156,6121,'APP',8),(9157,6147,'APP',2),(9158,6166,'VLAN',2),(9159,6110,'APP',7),(9160,6140,'VLAN',5),(9161,6192,'APP',4),(9162,6180,'VLAN',4),(9163,6147,'APP',9),(9164,6176,'APP',10),(9165,6102,'APP',1),(9166,6161,'APP',5),(9167,6187,'APP',3),(9168,6154,'APP',7),(9169,6102,'APP',10),(9170,6121,'VLAN',3),(9171,6120,'APP',3),(9172,6155,'APP',7),(9173,6153,'VLAN',3),(9174,6193,'APP',10),(9175,6192,'APP',10),(9176,6130,'APP',7),(9177,6180,'VLAN',3),(9178,6192,'APP',7),(9179,6172,'APP',8),(9180,6114,'APP',4),(9181,6186,'VLAN',5),(9182,6168,'VLAN',4),(9183,6147,'VLAN',5),(9184,6101,'APP',8),(9185,6154,'APP',1),(9186,6142,'VLAN',1),(9187,6176,'VLAN',10),(9188,6184,'APP',5),(9189,6168,'VLAN',7),(9190,6153,'VLAN',8),(9191,6115,'APP',10),(9192,6164,'VLAN',9),(9193,6135,'APP',1),(9194,6105,'APP',1),(9195,6149,'APP',3),(9196,6106,'VLAN',1),(9197,6158,'VLAN',8),(9198,6159,'VLAN',8),(9199,6101,'VLAN',3),(9200,6246,'APP',8),(9201,6241,'VLAN',3),(9202,6202,'VLAN',1),(9203,6290,'APP',8),(9204,6206,'VLAN',9),(9205,6211,'APP',7),(9206,6256,'APP',8),(9207,6239,'VLAN',2),(9208,6225,'APP',10),(9209,6250,'APP',1),(9210,6294,'APP',1),(9211,6200,'VLAN',1),(9212,6271,'VLAN',7),(9213,6237,'APP',4),(9214,6245,'APP',3),(9215,6250,'APP',1),(9216,6211,'APP',6),(9217,6242,'APP',5),(9218,6273,'VLAN',8),(9219,6233,'VLAN',9),(9220,6213,'VLAN',10),(9221,6235,'VLAN',8),(9222,6200,'VLAN',4),(9223,6264,'VLAN',1),(9224,6201,'VLAN',7),(9225,6209,'APP',8),(9226,6225,'VLAN',2),(9227,6256,'APP',4),(9228,6295,'VLAN',6),(9229,6280,'VLAN',1),(9230,6201,'VLAN',3),(9231,6207,'APP',6),(9232,6228,'APP',7),(9233,6270,'VLAN',6),(9234,6208,'APP',8),(9235,6284,'VLAN',10),(9236,6235,'VLAN',9),(9237,6237,'APP',5),(9238,6292,'APP',4),(9239,6248,'VLAN',5),(9240,6276,'VLAN',2),(9241,6277,'VLAN',7),(9242,6239,'APP',10),(9243,6274,'APP',7),(9244,6257,'VLAN',4),(9245,6267,'APP',9),(9246,6233,'APP',4),(9247,6217,'VLAN',1),(9248,6209,'VLAN',3),(9249,6272,'VLAN',6),(9250,6272,'VLAN',10),(9251,6255,'VLAN',6),(9252,6275,'APP',9),(9253,6212,'VLAN',4),(9254,6200,'APP',3),(9255,6267,'APP',3),(9256,6251,'APP',6),(9257,6224,'VLAN',9),(9258,6285,'APP',3),(9259,6230,'APP',3),(9260,6254,'APP',6),(9261,6243,'APP',7),(9262,6248,'APP',5),(9263,6236,'APP',2),(9264,6215,'APP',5),(9265,6262,'APP',1),(9266,6299,'APP',8),(9267,6216,'VLAN',7),(9268,6269,'APP',6),(9269,6257,'VLAN',5),(9270,6295,'APP',1),(9271,6246,'APP',8),(9272,6250,'APP',3),(9273,6249,'VLAN',3),(9274,6243,'APP',6),(9275,6295,'APP',4),(9276,6241,'APP',5),(9277,6246,'VLAN',1),(9278,6295,'APP',1),(9279,6252,'VLAN',8),(9280,6221,'VLAN',4),(9281,6228,'APP',5),(9282,6215,'APP',10),(9283,6293,'APP',2),(9284,6287,'VLAN',9),(9285,6240,'VLAN',3),(9286,6207,'APP',5),(9287,6289,'APP',6),(9288,6213,'VLAN',8),(9289,6200,'VLAN',3),(9290,6271,'APP',1),(9291,6214,'APP',6),(9292,6201,'APP',2),(9293,6222,'APP',4),(9294,6248,'VLAN',2),(9295,6257,'APP',6),(9296,6276,'APP',10),(9297,6216,'VLAN',6),(9298,6237,'VLAN',8),(9299,6275,'VLAN',9),(9300,6363,'VLAN',7),(9301,6345,'APP',4),(9302,6337,'VLAN',3),(9303,6343,'APP',3),(9304,6363,'VLAN',9),(9305,6368,'APP',5),(9306,6375,'APP',10),(9307,6372,'APP',6),(9308,6374,'VLAN',9),(9309,6302,'VLAN',9),(9310,6334,'VLAN',7),(9311,6319,'APP',5),(9312,6351,'VLAN',3),(9313,6350,'APP',3),(9314,6325,'APP',3),(9315,6321,'VLAN',3),(9316,6391,'APP',2),(9317,6308,'VLAN',10),(9318,6312,'VLAN',4),(9319,6304,'VLAN',10),(9320,6323,'APP',6),(9321,6331,'VLAN',2),(9322,6310,'APP',3),(9323,6364,'APP',9),(9324,6353,'APP',7),(9325,6344,'VLAN',1),(9326,6366,'APP',7),(9327,6377,'APP',9),(9328,6356,'VLAN',10),(9329,6351,'APP',4),(9330,6392,'APP',8),(9331,6363,'APP',1),(9332,6322,'APP',10),(9333,6372,'VLAN',5),(9334,6367,'VLAN',7),(9335,6371,'APP',4),(9336,6315,'VLAN',3),(9337,6337,'VLAN',8),(9338,6385,'APP',4),(9339,6347,'VLAN',4),(9340,6309,'VLAN',5),(9341,6392,'APP',6),(9342,6389,'VLAN',1),(9343,6314,'APP',1),(9344,6306,'VLAN',10),(9345,6316,'APP',6),(9346,6345,'VLAN',3),(9347,6300,'VLAN',2),(9348,6381,'APP',2),(9349,6371,'APP',3),(9350,6385,'VLAN',7),(9351,6352,'APP',3),(9352,6345,'APP',1),(9353,6388,'VLAN',7),(9354,6323,'VLAN',7),(9355,6383,'APP',2),(9356,6333,'APP',5),(9357,6359,'APP',2),(9358,6373,'VLAN',7),(9359,6325,'APP',9),(9360,6321,'APP',2),(9361,6356,'VLAN',5),(9362,6374,'APP',1),(9363,6381,'VLAN',1),(9364,6324,'VLAN',3),(9365,6320,'VLAN',2),(9366,6359,'VLAN',8),(9367,6323,'VLAN',9),(9368,6377,'VLAN',2),(9369,6338,'APP',7),(9370,6305,'APP',2),(9371,6375,'APP',3),(9372,6364,'APP',4),(9373,6397,'APP',7),(9374,6318,'VLAN',9),(9375,6371,'VLAN',6),(9376,6334,'VLAN',8),(9377,6360,'APP',4),(9378,6374,'VLAN',1),(9379,6374,'VLAN',1),(9380,6390,'VLAN',10),(9381,6331,'APP',9),(9382,6369,'APP',1),(9383,6399,'APP',7),(9384,6310,'APP',2),(9385,6356,'VLAN',9),(9386,6398,'VLAN',7),(9387,6305,'APP',6),(9388,6337,'APP',1),(9389,6305,'APP',3),(9390,6333,'APP',3),(9391,6300,'APP',5),(9392,6321,'APP',4),(9393,6363,'VLAN',5),(9394,6358,'VLAN',4),(9395,6357,'APP',7),(9396,6363,'VLAN',9),(9397,6370,'VLAN',8),(9398,6324,'VLAN',9),(9399,6366,'VLAN',4),(9400,6499,'VLAN',4),(9401,6418,'VLAN',1),(9402,6405,'APP',1),(9403,6452,'VLAN',4),(9404,6479,'VLAN',3),(9405,6456,'APP',10),(9406,6458,'VLAN',6),(9407,6455,'VLAN',7),(9408,6488,'VLAN',10),(9409,6483,'APP',6),(9410,6432,'APP',4),(9411,6494,'VLAN',6),(9412,6475,'APP',9),(9413,6471,'VLAN',6),(9414,6460,'VLAN',1),(9415,6483,'APP',8),(9416,6425,'VLAN',5),(9417,6405,'APP',10),(9418,6421,'APP',9),(9419,6419,'APP',1),(9420,6489,'VLAN',9),(9421,6411,'VLAN',8),(9422,6413,'APP',7),(9423,6458,'VLAN',4),(9424,6464,'APP',8),(9425,6468,'VLAN',1),(9426,6472,'VLAN',3),(9427,6452,'VLAN',4),(9428,6425,'APP',4),(9429,6442,'VLAN',9),(9430,6493,'VLAN',2),(9431,6432,'APP',2),(9432,6425,'VLAN',10),(9433,6414,'VLAN',8),(9434,6437,'APP',9),(9435,6440,'APP',10),(9436,6462,'VLAN',4),(9437,6439,'APP',4),(9438,6497,'VLAN',6),(9439,6480,'VLAN',8),(9440,6422,'APP',7),(9441,6451,'APP',6),(9442,6443,'VLAN',7),(9443,6432,'APP',8),(9444,6497,'VLAN',7),(9445,6479,'APP',1),(9446,6489,'VLAN',7),(9447,6462,'APP',2),(9448,6440,'APP',3),(9449,6462,'VLAN',5),(9450,6448,'VLAN',6),(9451,6444,'APP',4),(9452,6498,'VLAN',4),(9453,6420,'APP',6),(9454,6478,'VLAN',6),(9455,6486,'VLAN',1),(9456,6466,'VLAN',7),(9457,6432,'VLAN',2),(9458,6496,'APP',10),(9459,6481,'APP',3),(9460,6406,'VLAN',6),(9461,6426,'APP',8),(9462,6457,'VLAN',10),(9463,6450,'APP',4),(9464,6493,'VLAN',4),(9465,6484,'VLAN',3),(9466,6490,'APP',3),(9467,6481,'VLAN',8),(9468,6443,'VLAN',2),(9469,6430,'APP',3),(9470,6495,'APP',4),(9471,6400,'VLAN',7),(9472,6416,'APP',2),(9473,6446,'VLAN',10),(9474,6475,'APP',3),(9475,6456,'APP',5),(9476,6482,'APP',9),(9477,6461,'APP',10),(9478,6470,'VLAN',3),(9479,6457,'VLAN',3),(9480,6424,'APP',10),(9481,6412,'APP',10),(9482,6466,'VLAN',4),(9483,6486,'VLAN',4),(9484,6454,'APP',10),(9485,6405,'VLAN',7),(9486,6476,'VLAN',4),(9487,6435,'APP',4),(9488,6400,'VLAN',6),(9489,6436,'APP',3),(9490,6457,'VLAN',7),(9491,6428,'VLAN',6),(9492,6445,'APP',10),(9493,6404,'APP',6),(9494,6462,'VLAN',10),(9495,6465,'APP',2),(9496,6453,'VLAN',2),(9497,6445,'APP',6),(9498,6439,'VLAN',10),(9499,6493,'APP',4);

/*Table structure for table `invoiceMaster` */

DROP TABLE IF EXISTS `invoiceMaster`;

CREATE TABLE `invoiceMaster` (
  `status` tinyint(4) NOT NULL,
  `amount` double DEFAULT NULL,
  `custId` int(11) DEFAULT NULL,
  `custName` varchar(50) DEFAULT NULL,
  `invDate` datetime DEFAULT NULL,
  `dueDate` datetime DEFAULT NULL,
  `billTo` varchar(512) DEFAULT NULL,
  `shipTo` varchar(512) DEFAULT NULL,
  `salesRep` varchar(50) DEFAULT NULL,
  `terms` varchar(50) DEFAULT NULL,
  `createdBy` varchar(50) DEFAULT NULL,
  `discount` double DEFAULT NULL,
  `shipping` double DEFAULT NULL,
  `invId` int(11) NOT NULL AUTO_INCREMENT,
  `poNumber` varchar(50) DEFAULT NULL,
  `comments` varchar(512) DEFAULT NULL,
  `closedBy` varchar(50) DEFAULT NULL,
  PRIMARY KEY (`invId`),
  KEY `InvoiceMaster_ibfk_1` (`custId`),
  KEY `closedBy` (`closedBy`),
  KEY `createdBy` (`createdBy`),
  CONSTRAINT `invoiceMaster_ibfk_1` FOREIGN KEY (`custId`) REFERENCES `customer` (`custId`),
  CONSTRAINT `invoiceMaster_ibfk_2` FOREIGN KEY (`closedBy`) REFERENCES `userRole` (`userName`),
  CONSTRAINT `invoiceMaster_ibfk_3` FOREIGN KEY (`createdBy`) REFERENCES `userRole` (`userName`)
) ENGINE=InnoDB AUTO_INCREMENT=5500 DEFAULT CHARSET=latin1;

/*Data for the table `invoiceMaster` */

insert  into `invoiceMaster`(`status`,`amount`,`custId`,`custName`,`invDate`,`dueDate`,`billTo`,`shipTo`,`salesRep`,`terms`,`createdBy`,`discount`,`shipping`,`invId`,`poNumber`,`comments`,`closedBy`) values (0,1342,92,'Shelby','2017-07-07 00:04:03','2017-10-13 08:47:20','Maya','711-4977 Ipsum Avenue','Virginia','dignissim pharetra. Nam ac nulla. In','Benison',9,4,5000,'W3N 2L8','ultricies ligula. Nullam','Benison'),(0,243,61,'Tashya','2016-09-03 02:43:03','2016-12-31 14:59:16','Signe','398 Fringilla, Street','Mohammad','et arcu','Benison',4,63,5001,'V8B 2K0','nibh sit amet','Benison'),(0,9188,22,'Odette','2017-11-23 13:31:37','2016-07-20 22:48:15','Shay','P.O. Box 771, 9674 Dolor. Street','Drake','Nullam velit dui, semper','Benison',12,68,5002,'O5K 1F9','libero et tristique','Benison'),(0,1229,20,'Neil','2016-06-10 11:34:10','2016-11-30 11:48:23','Adena','P.O. Box 879, 1482 Dolor, Rd.','Phyllis','nisl.','Benison',46,87,5003,'Q1U 4I7','semper tellus id nunc interdum','Benison'),(0,7726,66,'Montana','2017-09-08 21:20:03','2017-10-13 19:59:58','Ciara','Ap #570-8788 Hendrerit Road','Malik','magna. Suspendisse tristique neque venenatis lacus','Benison',44,82,5004,'Q9X 3J8','tincidunt, neque vitae','Benison'),(0,4804,93,'Luke','2017-04-26 14:05:52','2018-03-30 19:50:06','Macaulay','8305 Lobortis Rd.','Bert','dolor vitae dolor. Donec fringilla. Donec feugiat ','Benison',3,78,5005,'G0Z 8T2','faucibus leo, in lobortis tellus','Benison'),(0,951,18,'Kessie','2017-05-03 03:57:53','2018-02-19 08:48:11','Lavinia','444-7432 Proin Road','Giacomo','metus facilisis lorem tristique aliquet. Phasellus','Benison',37,4,5006,'T7C 3N8','dictum','Benison'),(0,5322,52,'Alana','2017-07-01 21:15:16','2016-09-08 08:19:06','Randall','8959 Fusce Ave','Adam','risus varius orci, in consequat enim diam vel arcu','Benison',2,45,5007,'G7O 2N5','Sed id','Benison'),(0,5937,99,'Candice','2016-08-27 04:16:25','2016-11-25 17:51:49','Uma','299-5048 Ullamcorper St.','Stephen','dolor, nonummy ac, feugiat non, lobortis quis, ped','Benison',40,52,5008,'M3D 7F1','id','Benison'),(0,1393,74,'Flavia','2017-01-06 20:38:25','2018-04-16 08:17:02','Abel','168-9132 Pretium St.','Alice','Pellentesque ultricies dignissim lacus. Aliquam ru','Benison',15,38,5009,'A9R 5I6','malesuada. Integer id magna et','Benison'),(0,6466,72,'Eaton','2017-08-24 22:59:27','2017-08-17 23:40:11','Brianna','968-4029 Magnis St.','Drake','dolor dapibus gravida. Aliquam tincidunt, nunc','Benison',50,82,5010,'Q7E 8O3','Duis risus','Benison'),(0,1379,32,'Ursa','2018-02-15 21:15:46','2016-08-04 19:03:58','Odessa','Ap #943-3393 Suscipit Av.','Nola','ac','Benison',21,71,5011,'L4D 9V4','non, vestibulum','Benison'),(0,5879,55,'Rahim','2016-12-31 23:37:21','2016-11-19 23:26:07','Bevis','968-4566 Enim Rd.','Nathan','ornare. In faucibus. Morbi vehicula. Pellentesque ','Benison',11,25,5012,'K9L 2A3','eleifend non, dapibus','Benison'),(0,1233,94,'Armando','2016-11-25 01:26:08','2018-04-03 05:29:27','Ezekiel','Ap #448-5006 Ornare. Street','Brock','eu arcu. Morbi sit amet massa. Quisque porttitor','Benison',22,6,5013,'B4Y 3S7','nonummy ac, feugiat non, lobortis','Benison'),(0,8859,81,'Justine','2017-11-03 20:29:51','2018-04-20 05:38:20','Amelia','146-3617 Lectus Rd.','Lila','ut,','Benison',21,24,5014,'T7S 1L4','ultricies','Benison'),(0,2286,93,'Cassidy','2016-06-12 11:15:06','2018-02-24 00:25:11','Brady','Ap #258-5878 Mus. Rd.','Uta','arcu. Sed et libero. Proin mi. Aliquam','Benison',33,86,5015,'K7Q 0I4','laoreet,','Benison'),(0,7192,84,'Bruce','2016-07-08 20:32:35','2017-01-26 05:09:42','Kirk','305-4271 Imperdiet Ave','Geoffrey','Sed auctor odio a purus. Duis elementum, dui quis ','Benison',33,65,5016,'O7G 0W9','mauris, rhoncus id,','Benison'),(0,354,28,'Joy','2018-05-26 22:40:57','2016-07-11 22:47:24','Wylie','1547 Nibh Rd.','Bryar','eget mollis lectus pede et risus. Quisque libero l','Benison',47,16,5017,'V9W 8P6','nostra, per inceptos hymenaeos.','Benison'),(0,8178,10,'Skyler','2017-09-16 20:33:59','2016-08-19 14:48:52','Adena','1827 Libero. Avenue','Rose','a sollicitudin orci sem eget massa. Suspendisse el','Benison',30,100,5018,'L0F 1K7','a, aliquet vel, vulputate eu,','Benison'),(0,8153,62,'May','2016-11-03 04:16:56','2016-06-18 07:42:53','Keith','3312 A Street','Trevor','libero. Proin sed turpis nec mauris','Benison',21,90,5019,'D1L 2R3','feugiat. Lorem ipsum dolor sit','Benison'),(0,9105,44,'Zenia','2017-01-06 13:16:01','2017-12-25 19:01:26','Joseph','3271 Nunc. St.','Moana','elementum at, egestas','Benison',15,95,5020,'S6U 1T5','non, luctus sit amet, faucibus','Benison'),(0,9400,55,'Veda','2017-08-05 01:23:13','2017-11-21 02:32:21','Ila','7394 Vulputate, Rd.','Hiroko','magna.','Benison',9,56,5021,'S4H 6R0','a, auctor non, feugiat','Benison'),(0,4251,39,'Plato','2017-08-16 15:08:58','2017-10-15 12:52:12','Malik','Ap #515-5148 Morbi Street','Sheila','Donec felis orci, adipiscing non, luctus sit amet,','Benison',48,18,5022,'E8V 9W5','pede. Praesent','Benison'),(0,2667,92,'Palmer','2016-10-23 23:50:07','2018-02-25 22:22:39','Elizabeth','P.O. Box 763, 8651 Egestas, Street','Nicole','gravida non, sollicitudin a, malesuada id, erat. E','Benison',22,83,5023,'U6X 7B8','ac urna. Ut tincidunt','Benison'),(0,1092,20,'Allistair','2016-12-31 07:10:17','2018-04-13 22:07:50','Amela','P.O. Box 489, 9107 Sollicitudin St.','Odysseus','neque non quam. Pellentesque','Benison',6,4,5024,'I8X 6R5','lacus.','Benison'),(0,4072,47,'Caesar','2018-03-21 23:55:18','2016-08-29 11:38:18','Axel','Ap #452-5726 Donec Road','Jenna','nec,','Benison',7,11,5025,'G4P 3N1','eleifend','Benison'),(0,6401,41,'Melinda','2017-01-08 20:16:32','2018-05-24 05:12:49','Dean','P.O. Box 187, 8605 Mauris Rd.','Jana','dolor, nonummy ac, feugiat non, lobortis quis, ped','Benison',5,14,5026,'C5K 3B7','ultricies adipiscing, enim','Benison'),(0,9122,85,'Fredericka','2018-05-03 05:17:28','2016-07-21 14:57:04','Nerea','520-7435 Vulputate Avenue','Chester','Nullam nisl. Maecenas malesuada fringilla est. Mau','Benison',37,23,5027,'Q3R 7S2','mauris ut','Benison'),(0,8119,74,'Lenore','2018-01-01 20:04:05','2017-05-18 19:07:58','Caldwell','6553 Auctor Avenue','Halee','dui nec','Benison',2,92,5028,'H0N 2O0','pede ac urna. Ut tincidunt','Benison'),(0,6266,7,'Marny','2016-09-18 04:25:15','2017-08-04 03:29:15','Tatum','2462 Porttitor Rd.','Elijah','malesuada malesuada.','Benison',39,4,5029,'W0U 5E9','euismod in, dolor. Fusce','Benison'),(0,6696,100,'Kermit','2018-02-15 05:35:05','2018-06-04 08:03:55','Cameron','5371 Eleifend St.','Hammett','semper tellus id nunc interdum feugiat. Sed nec','Benison',4,5,5030,'R9P 1G8','Nullam velit dui,','Benison'),(0,6460,21,'Cleo','2016-06-10 02:48:33','2016-10-27 23:45:18','Shoshana','Ap #954-897 Tempor Av.','Candace','Fusce diam nunc, ullamcorper eu, euismod ac, ferme','Benison',25,64,5031,'G4Q 2R4','Nunc sollicitudin commodo','Benison'),(0,5602,38,'Lee','2018-03-18 22:02:25','2017-05-28 04:21:24','Mollie','Ap #995-8271 Arcu. Ave','Rooney','ultrices','Benison',25,53,5032,'V8H 6M4','id nunc interdum feugiat.','Benison'),(0,6210,53,'Shay','2018-01-03 01:54:15','2017-12-13 05:22:37','Mechelle','P.O. Box 920, 8681 Et Rd.','Simon','adipiscing, enim mi tempor lorem, eget mollis lect','Benison',35,66,5033,'T5I 5J3','Nulla tempor augue ac','Benison'),(0,4364,84,'Jane','2018-03-23 03:46:17','2016-09-01 12:11:48','September','7198 Ut Avenue','Ray','sed, facilisis vitae, orci. Phasellus dapibus quam','Benison',9,9,5034,'H8N 1I1','eu tellus eu augue','Benison'),(0,3265,64,'Marny','2018-02-26 13:28:25','2017-07-27 18:44:15','Jeremy','955-5585 Mauris St.','Clayton','Donec luctus aliquet odio. Etiam ligula','Benison',36,80,5035,'P8K 6N7','sapien.','Benison'),(0,3053,48,'Jamalia','2017-01-28 01:49:00','2017-04-14 09:04:10','Victoria','P.O. Box 157, 8524 Urna Avenue','Quentin','placerat, orci lacus vestibulum lorem, sit amet ul','Benison',5,17,5036,'T1O 3A0','et','Benison'),(0,8146,94,'Bruno','2017-12-15 14:31:20','2018-04-28 15:50:01','Zoe','4828 Nascetur St.','Cassandra','sed dolor. Fusce','Benison',26,83,5037,'I2N 3T9','nunc ac','Benison'),(0,2449,48,'Gray','2016-11-14 15:01:31','2016-10-27 18:28:48','Clarke','4553 A, St.','Blossom','ut cursus','Benison',45,14,5038,'H3O 4J0','aliquet vel, vulputate','Benison'),(0,232,65,'Orlando','2017-04-04 21:01:58','2017-04-26 14:30:15','Austin','Ap #712-3423 Et Rd.','Colette','dolor quam,','Benison',48,94,5039,'U6D 9D8','conubia nostra, per inceptos hymenaeos.','Benison'),(0,5679,80,'Audra','2016-10-11 14:16:09','2017-11-11 03:01:36','Kamal','9476 Nec, Rd.','Ferris','tortor. Integer','Benison',4,2,5040,'L4H 2A3','est tempor','Benison'),(0,4314,20,'Sonia','2017-07-04 21:46:19','2018-04-15 15:57:35','Whitney','P.O. Box 311, 8822 Cras Rd.','Gannon','non, cursus non, egestas a, dui. Cras pellentesque','Benison',6,39,5041,'T3Y 1X1','euismod est','Benison'),(0,9538,61,'Samuel','2017-05-01 01:21:58','2018-05-12 10:52:30','Irma','9296 Ipsum. Av.','Alfreda','pede nec ante blandit','Benison',43,42,5042,'K3K 2F8','arcu. Morbi sit amet massa.','Benison'),(0,5913,20,'Eaton','2018-01-24 11:38:15','2016-12-11 23:43:09','Cheyenne','389-9356 Sit Av.','Brenden','aliquet lobortis, nisi nibh lacinia','Benison',17,76,5043,'Y8E 6I4','leo elementum sem, vitae','Benison'),(0,9150,23,'Yardley','2016-08-28 14:15:49','2017-04-20 12:13:35','Kyra','Ap #567-6508 Mauris, St.','Sheila','erat nonummy ultricies ornare, elit elit fermentum','Benison',48,79,5044,'B5E 5B7','nibh dolor, nonummy ac,','Benison'),(0,6434,37,'Cailin','2017-04-11 15:55:50','2017-02-22 04:57:10','Irma','Ap #473-3346 Justo Rd.','Linda','Nullam lobortis quam a felis ullamcorper','Benison',28,23,5045,'Z4W 1R0','augue ut lacus. Nulla','Benison'),(0,9146,12,'Lara','2016-07-20 08:01:21','2016-10-19 13:01:55','Suki','Ap #587-7833 Primis Rd.','Colette','tellus eu augue porttitor interdum. Sed auctor odi','Benison',30,47,5046,'C2J 9E7','sodales nisi','Benison'),(0,8992,65,'Dora','2017-12-08 13:30:44','2017-02-03 11:06:04','Katell','P.O. Box 305, 2404 Tellus Street','Allen','suscipit nonummy.','Benison',17,53,5047,'W5W 1O4','ornare, libero at auctor','Benison'),(0,9484,90,'Gisela','2017-01-10 20:43:27','2018-02-14 12:02:09','Illana','P.O. Box 144, 4010 Euismod Ave','Conan','gravida molestie arcu. Sed eu nibh','Benison',14,16,5048,'W8M 7M9','dui.','Benison'),(0,6902,37,'Hilda','2018-04-14 18:44:47','2016-06-20 18:21:54','Wang','131-1558 Mauris Street','Selma','in sodales elit erat vitae risus. Duis a mi fringi','Benison',8,90,5049,'O1X 4R3','tincidunt tempus','Benison'),(0,4337,79,'Palmer','2017-09-10 00:44:19','2016-06-20 14:30:13','Aristotle','P.O. Box 297, 4779 Pharetra. Street','Ainsley','urna','Benison',15,31,5050,'V7F 9Y2','interdum enim non nisi.','Benison'),(0,1577,27,'Jessica','2016-11-05 00:06:28','2017-03-06 22:37:36','Cadman','422-3490 A, Av.','Serina','ultrices, mauris ipsum porta','Benison',5,38,5051,'X0F 5M8','sed libero. Proin sed','Benison'),(0,5581,5,'Lucas','2017-04-07 17:28:13','2017-11-17 16:03:11','Hayfa','1583 Nullam Rd.','Caryn','ultricies adipiscing,','Benison',22,58,5052,'B4S 1L2','nunc. In','Benison'),(0,9943,70,'Ashton','2016-08-19 00:59:49','2016-08-23 15:22:26','Blaine','8775 Lorem Avenue','Rogan','gravida','Benison',19,31,5053,'R8K 8I4','Etiam','Benison'),(0,8553,68,'Dara','2017-01-04 01:05:57','2016-06-27 13:56:35','Chiquita','Ap #527-3680 Eleifend. Av.','Kameko','consequat auctor,','Benison',5,92,5054,'U1H 8S7','quis','Benison'),(0,2267,15,'Grace','2016-07-02 02:36:22','2018-01-18 14:24:10','Jesse','P.O. Box 198, 794 Dignissim Road','Hu','diam. Pellentesque habitant morbi tristique senect','Benison',49,76,5055,'F4X 2M2','natoque penatibus et magnis','Benison'),(0,6249,68,'Lamar','2017-03-13 16:26:31','2018-05-03 01:47:30','Ray','Ap #239-1554 Dolor Road','Joy','Cras eu tellus eu augue porttitor interdum. Sed au','Benison',49,60,5056,'N2V 7J1','Ut tincidunt','Benison'),(0,2129,81,'Kiona','2017-08-29 05:42:04','2017-07-18 22:55:58','Darius','507-630 Nunc Rd.','Anastasia','natoque penatibus et magnis dis parturient montes,','Benison',6,61,5057,'F1R 7H6','adipiscing. Mauris molestie','Benison'),(0,9705,96,'Lee','2016-09-22 09:54:34','2018-04-06 21:53:36','Whitney','7672 Eu St.','Nelle','quam, elementum','Benison',49,19,5058,'P7K 8H3','Mauris','Benison'),(0,2561,55,'Wyatt','2016-09-03 08:23:34','2018-01-24 19:00:32','Mannix','P.O. Box 375, 9883 Vel Ave','Gregory','lobortis ultrices. Vivamus rhoncus. Donec','Benison',10,69,5059,'B8R 7G2','congue. In scelerisque','Benison'),(0,9867,74,'Halee','2017-11-16 00:37:01','2017-02-26 19:48:49','Shellie','Ap #425-9756 A St.','Kai','non justo. Proin non massa non ante bibendum ullam','Benison',21,63,5060,'Z9H 1J2','feugiat non,','Benison'),(0,1326,24,'Lucy','2017-04-19 02:29:46','2017-03-17 23:13:33','Yen','Ap #623-3466 Dis Rd.','Brynn','sollicitudin commodo ipsum. Suspendisse','Benison',34,81,5061,'J2U 9V9','sodales','Benison'),(0,9012,39,'Paul','2018-05-01 05:50:13','2018-01-17 10:29:23','Casey','Ap #876-2022 Feugiat St.','Cody','ut dolor dapibus gravida. Aliquam tincidunt, nunc ','Benison',33,14,5062,'S8L 9O4','Suspendisse aliquet, sem ut cursus','Benison'),(0,5806,17,'Laurel','2017-07-12 06:41:37','2016-07-17 20:08:54','Roanna','761-9154 Auctor St.','Samson','ac mattis','Benison',49,71,5063,'V2F 6Y3','justo sit amet','Benison'),(0,6269,59,'Sylvester','2018-03-19 03:37:44','2018-03-25 06:20:58','Levi','P.O. Box 214, 3830 Eget Av.','Jocelyn','leo, in lobortis tellus justo sit amet nulla. Done','Benison',38,44,5064,'O2Q 8J2','libero. Donec consectetuer','Benison'),(0,9569,37,'MacKenzie','2018-02-11 00:27:15','2017-09-28 14:56:40','Kirk','7120 Arcu. Street','Tyrone','sed leo. Cras vehicula aliquet','Benison',15,57,5065,'S4M 1Z1','amet diam eu dolor egestas','Benison'),(0,9632,76,'Judah','2016-11-14 04:24:52','2017-04-20 19:56:04','Emerald','Ap #123-2030 Montes, Rd.','Destiny','vel nisl. Quisque fringilla euismod enim. Etiam gr','Benison',46,63,5066,'M1G 0A7','vitae,','Benison'),(0,153,17,'Ori','2017-05-18 16:33:33','2017-05-26 09:01:47','Quinn','6288 Suspendisse Ave','Dana','libero est, congue a, aliquet','Benison',1,23,5067,'L2L 9K9','vel arcu eu odio','Benison'),(0,566,92,'Graiden','2017-09-21 09:34:33','2018-01-17 22:46:14','Chava','P.O. Box 666, 6616 Nulla Street','Erica','magna. Ut tincidunt orci quis lectus.','Benison',9,31,5068,'G2M 2Q6','vel turpis. Aliquam adipiscing','Benison'),(0,6132,86,'Dora','2017-07-10 00:29:41','2016-08-17 04:02:30','Talon','P.O. Box 521, 4386 Est. Av.','Caleb','lacus. Cras','Benison',38,89,5069,'T0G 5O4','erat, eget tincidunt dui augue','Benison'),(0,8310,60,'Nadine','2017-07-05 19:23:19','2016-10-17 02:18:21','Bo','1140 Condimentum. Avenue','Anastasia','eleifend nec, malesuada ut, sem. Nulla interdum. C','Benison',36,40,5070,'S0L 8W7','interdum enim non','Benison'),(0,8841,47,'Travis','2017-12-28 06:23:13','2017-11-24 21:00:07','Ainsley','Ap #333-8487 Purus Street','Sara','mattis semper, dui lectus rutrum urna, nec','Benison',31,84,5071,'P7J 3W3','lobortis. Class aptent','Benison'),(0,1765,3,'Aiko','2017-03-07 11:36:38','2017-01-21 23:24:35','Madison','Ap #727-8395 Facilisis Avenue','Desirae','convallis, ante lectus convallis est, vitae sodale','Benison',15,68,5072,'B4N 0E6','tempor lorem, eget mollis','Benison'),(0,7190,74,'Florence','2017-07-03 13:04:15','2017-02-02 06:43:58','Coby','P.O. Box 570, 7795 Mi Ave','Samuel','at','Benison',25,49,5073,'P2R 7H3','non lorem vitae odio','Benison'),(0,7932,12,'Akeem','2017-02-19 21:19:15','2016-07-04 19:33:51','Zena','P.O. Box 657, 7454 Orci Av.','Paula','lorem, vehicula et, rutrum eu, ultrices sit amet,','Benison',24,85,5074,'X2W 5L9','nec','Benison'),(0,959,71,'Jeanette','2017-02-23 15:27:41','2017-01-12 23:53:49','Owen','687-5984 Pellentesque Road','Autumn','ornare, facilisis eget,','Benison',36,47,5075,'J5S 6D8','Nam consequat dolor vitae dolor.','Benison'),(0,135,4,'Chaim','2016-10-20 17:10:45','2018-04-02 22:39:27','Walker','Ap #747-5839 Lobortis Street','Brady','a odio semper cursus. Integer mollis. Integer tinc','Benison',9,34,5076,'U2L 6Z0','nulla magna,','Benison'),(0,6698,94,'Hu','2017-07-14 04:02:12','2016-08-08 10:13:41','Driscoll','7019 Nec Road','Jerry','molestie dapibus','Benison',12,25,5077,'G5U 8L1','pede. Cum sociis natoque penatibus','Benison'),(0,5779,31,'Kadeem','2017-12-05 21:13:24','2016-11-09 06:12:20','Amanda','Ap #858-1908 Nascetur Rd.','Alisa','mollis vitae, posuere at,','Benison',12,78,5078,'T7S 8E9','sed, sapien. Nunc pulvinar','Benison'),(0,658,53,'Justine','2018-03-22 00:03:13','2018-01-12 23:51:39','Stacey','955-3420 Posuere Road','Piper','diam dictum sapien. Aenean massa. Integer vitae ni','Benison',2,58,5079,'G9H 0G0','Quisque porttitor eros nec','Benison'),(0,7181,32,'Charity','2017-10-30 11:31:47','2016-08-13 21:40:36','Mason','483-795 Dignissim Street','Bevis','ridiculus mus. Proin vel arcu eu odio tristique','Benison',32,50,5080,'L2D 5Q0','Vivamus nisi. Mauris nulla.','Benison'),(0,6271,74,'Leroy','2017-12-12 16:56:43','2016-06-25 17:07:13','Emerald','500-2810 Cursus Av.','Uma','lectus rutrum','Benison',16,34,5081,'K5G 7W3','diam. Pellentesque','Benison'),(0,2697,77,'Germaine','2017-05-10 09:21:42','2016-07-16 00:36:37','Leila','1948 Sodales Road','David','tincidunt aliquam arcu. Aliquam ultrices','Benison',36,85,5082,'S1T 5T4','Donec fringilla. Donec feugiat','Benison'),(0,1910,89,'Ashely','2017-04-13 05:05:17','2017-11-23 01:11:27','Montana','Ap #486-1429 Lorem Street','Glenna','euismod ac, fermentum vel, mauris. Integer','Benison',14,2,5083,'K0S 9D2','semper rutrum. Fusce','Benison'),(0,6500,88,'Colin','2017-12-11 21:09:57','2017-10-02 03:16:53','Miriam','5477 Vitae St.','Cody','pretium aliquet, metus urna convallis erat, eget','Benison',39,88,5084,'L4K 9N5','sit amet','Benison'),(0,5089,36,'Allegra','2017-07-14 22:33:21','2017-03-11 06:41:29','Maryam','535-2545 Diam St.','Perry','molestie','Benison',25,40,5085,'G4P 1P1','erat nonummy ultricies','Benison'),(0,8328,100,'Joseph','2017-07-25 01:26:51','2016-08-15 08:28:36','Alisa','875-8314 Elit, Rd.','Jeremy','in','Benison',39,87,5086,'D2W 1V5','euismod','Benison'),(0,9718,56,'Florence','2017-07-27 17:52:15','2017-09-09 06:38:30','Bernard','2937 Ac Rd.','Ulysses','molestie arcu. Sed eu nibh vulputate mauris sagitt','Benison',20,39,5087,'E9D 8A6','eu dui. Cum','Benison'),(0,6846,64,'Rhea','2018-03-16 21:40:20','2016-07-08 14:25:18','Raphael','1079 Vivamus Street','Astra','velit in aliquet','Benison',30,71,5088,'V6B 6O3','Vivamus rhoncus. Donec est. Nunc','Benison'),(0,2391,87,'Ainsley','2018-04-20 21:23:56','2017-06-10 09:44:52','Geoffrey','945-4018 Nisl Road','Sybil','orci, adipiscing non, luctus sit','Benison',32,86,5089,'S5Z 9L9','gravida mauris ut','Benison'),(0,2039,42,'Bree','2017-05-06 09:48:23','2017-09-24 15:51:15','Venus','Ap #464-1873 Amet, Rd.','Alea','Fusce feugiat. Lorem ipsum','Benison',11,4,5090,'L0Y 4K1','non,','Benison'),(0,3816,5,'Mark','2016-07-27 14:13:19','2017-02-20 13:18:00','Deacon','Ap #172-6460 Enim, St.','Vanna','odio.','Benison',28,52,5091,'T9J 8Z8','lacus pede sagittis augue, eu','Benison'),(0,5613,9,'Sade','2017-03-27 23:22:38','2016-11-21 09:57:18','Elton','8632 Eu St.','Gavin','velit justo nec ante. Maecenas mi','Benison',40,43,5092,'Z1N 6J4','dapibus','Benison'),(0,5655,10,'Kyla','2017-07-31 18:01:00','2016-07-26 18:05:23','Rachel','776-6436 Proin Av.','Emi','Aliquam ultrices iaculis odio. Nam interdum enim','Benison',28,44,5093,'G2N 9B5','Duis gravida.','Benison'),(0,7709,78,'Kessie','2018-01-28 07:57:28','2017-05-29 23:42:51','Kylan','P.O. Box 650, 8852 Ridiculus Rd.','Jada','tincidunt adipiscing.','Benison',40,6,5094,'B2F 3J3','feugiat placerat velit. Quisque varius.','Benison'),(0,6985,79,'Sheila','2017-02-27 00:42:41','2016-11-09 03:30:24','Mona','Ap #518-9533 Ac St.','Zenaida','dictum. Phasellus','Benison',25,35,5095,'Z5Y 5C6','eleifend non, dapibus','Benison'),(0,6732,78,'Frances','2017-03-26 03:13:39','2018-05-12 02:47:08','Juliet','3061 Nunc Rd.','Jeanette','scelerisque, lorem ipsum sodales purus, in molesti','Benison',38,5,5096,'M6M 0E3','eu metus. In lorem. Donec','Benison'),(0,7483,17,'Ryder','2017-11-09 07:19:31','2016-08-14 13:55:48','Duncan','199-5415 Sollicitudin St.','Charity','aliquet. Phasellus fermentum convallis ligula. Don','Benison',31,10,5097,'W1D 4N3','Nullam ut','Benison'),(0,6231,88,'Iris','2017-05-02 20:28:20','2016-07-15 16:25:14','Ella','7346 Eu Av.','Denise','nibh. Quisque nonummy ipsum non','Benison',9,67,5098,'F4D 1U6','Proin sed turpis nec mauris','Benison'),(0,1070,21,'Sydnee','2018-01-07 08:27:14','2017-02-01 04:42:21','Adam','Ap #843-4175 Nec, Ave','Ryder','Donec sollicitudin adipiscing ligula. Aenean gravi','Benison',14,11,5099,'R7C 0T5','magna. Phasellus dolor elit, pellentesque','Benison'),(0,9035,184,'Kelsey','2018-05-22 01:39:16','2016-07-16 00:34:53','Destiny','7464 Velit. Street','Leonard','magna.','Benison',25,53,5100,'P2C 9V1','netus et','Benison'),(0,536,163,'Charissa','2017-08-05 18:19:44','2016-07-07 03:41:24','Louis','Ap #388-9276 Nulla Avenue','Jasper','Quisque nonummy','Benison',32,65,5101,'G7G 5H6','urna suscipit nonummy.','Benison'),(0,2888,155,'Rafael','2016-08-14 02:44:19','2018-05-01 08:53:17','Buffy','Ap #969-8860 Phasellus Road','Scarlet','sapien, cursus in,','Benison',49,96,5102,'C7D 4S1','ut, pharetra sed,','Benison'),(0,4774,113,'Charity','2016-06-15 20:30:11','2018-03-26 08:40:48','Hiram','208-1207 Sed Road','Gretchen','magna a tortor.','Benison',35,6,5103,'D8D 0P1','in, dolor.','Benison'),(0,5909,197,'Bethany','2018-04-03 11:17:20','2018-04-09 08:05:52','Jocelyn','7422 Eu Road','Igor','Sed','Benison',11,28,5104,'P7A 2F9','pede, malesuada','Benison'),(0,7145,182,'Xerxes','2016-10-21 15:42:55','2016-08-12 21:09:24','Buffy','686-123 Cras St.','Callum','Vivamus rhoncus. Donec','Benison',12,85,5105,'X5A 5L4','enim','Benison'),(0,9455,179,'Quynn','2017-04-24 01:51:25','2016-08-22 10:19:31','Walter','727-5453 Metus Rd.','William','mi felis, adipiscing','Benison',15,4,5106,'V1I 5S1','vel,','Benison'),(0,2304,199,'Brandon','2017-02-14 21:15:10','2017-05-22 12:48:14','Fatima','Ap #637-6061 Purus. Rd.','Jada','pharetra','Benison',3,81,5107,'I9N 8U6','tempor erat neque','Benison'),(0,4160,199,'Zoe','2017-02-15 18:55:16','2017-08-29 22:50:03','Diana','P.O. Box 523, 6953 Arcu. Avenue','Deanna','et, eros. Proin','Benison',43,100,5108,'O7C 0G1','urna convallis','Benison'),(0,4763,162,'Galena','2016-07-14 01:49:32','2017-10-25 02:33:31','Mikayla','P.O. Box 265, 8726 Egestas. Rd.','Kelly','dictum magna. Ut','Benison',7,79,5109,'Q0G 7R3','Praesent eu dui.','Benison'),(0,3722,155,'Rhea','2017-07-12 20:06:51','2018-01-27 06:02:58','Curran','Ap #759-7390 Donec St.','Scott','euismod','Benison',37,60,5110,'E9B 3V3','metus urna convallis','Benison'),(0,321,187,'Nash','2016-12-03 10:12:12','2017-07-13 04:39:58','Miranda','P.O. Box 617, 9604 Posuere, Avenue','Callum','ut, pellentesque eget,','Benison',27,47,5111,'Y7L 3A6','lorem,','Benison'),(0,2568,161,'Andrew','2018-05-13 17:54:54','2018-01-27 12:02:40','Lacota','P.O. Box 243, 2823 Neque Rd.','Lenore','Suspendisse aliquet molestie','Benison',29,100,5112,'V2O 7R7','lectus justo','Benison'),(0,8730,201,'Lunea','2018-04-21 16:47:05','2017-01-03 16:52:12','Thomas','274-8844 Donec Avenue','Joel','imperdiet','Benison',16,71,5113,'E3G 8R5','id sapien. Cras','Benison'),(0,8914,113,'Kenneth','2016-08-10 22:43:57','2018-02-05 09:52:28','Dylan','892-9421 Tellus. Road','Jackson','Donec','Benison',40,27,5114,'L1D 6A9','egestas','Benison'),(0,7311,196,'Kylan','2017-02-11 17:52:59','2017-06-08 02:56:47','Shana','347-6967 Quis Av.','Madeline','eu, accumsan sed,','Benison',44,9,5115,'V3L 4K5','pellentesque','Benison'),(0,7017,133,'Beverly','2017-10-11 12:44:51','2016-09-09 22:49:12','Roary','P.O. Box 267, 1740 Curae; Road','Alfonso','Nunc mauris.','Benison',17,10,5116,'E8D 3R9','Integer tincidunt','Benison'),(0,6612,132,'Bernard','2018-01-16 04:24:18','2017-08-15 03:46:12','Nola','Ap #489-5795 Cursus Rd.','Jaime','Suspendisse','Benison',39,15,5117,'R5Y 9W8','Nulla interdum. Curabitur','Benison'),(0,7611,146,'Arden','2017-05-12 20:05:27','2017-07-25 07:32:20','Russell','3179 Rutrum Av.','Abdul','sapien. Cras dolor','Benison',30,12,5118,'T5P 0B5','Sed','Benison'),(0,71,182,'Robert','2017-06-03 17:50:34','2018-02-02 18:18:28','Jana','P.O. Box 667, 5235 Egestas. St.','Miriam','diam dictum sapien.','Benison',6,80,5119,'Y5Y 1B5','vel arcu. Curabitur','Benison'),(0,2151,200,'Aiko','2017-01-04 11:30:11','2017-12-06 10:07:42','Ulysses','Ap #980-8365 Volutpat. Rd.','Kylan','iaculis','Benison',32,49,5120,'F1U 2C9','euismod ac, fermentum','Benison'),(0,395,122,'Ciaran','2017-12-07 06:59:44','2016-07-02 15:11:43','Colleen','Ap #916-2527 Erat, Street','Debra','ullamcorper magna. Sed','Benison',21,39,5121,'G3T 5D9','justo','Benison'),(0,1385,104,'Selma','2016-10-26 08:45:36','2016-12-18 19:00:32','Kalia','Ap #617-2917 Suspendisse Road','Debra','fermentum','Benison',37,84,5122,'J2Q 9H9','nulla. In tincidunt','Benison'),(0,9701,172,'Whoopi','2017-01-23 06:10:19','2017-06-06 18:50:25','Aquila','6243 At Road','Vielka','lacinia. Sed','Benison',23,74,5123,'P5H 6G6','sociis natoque','Benison'),(0,457,102,'Brielle','2016-12-23 17:43:43','2016-08-25 01:02:57','Julian','7248 Orci. St.','Mona','orci tincidunt adipiscing.','Benison',9,88,5124,'L4E 0P3','adipiscing non,','Benison'),(0,240,140,'Karyn','2017-05-06 23:28:19','2017-10-25 11:11:06','Theodore','P.O. Box 417, 5825 Id Avenue','Brody','nec','Benison',36,20,5125,'D0D 2E4','velit justo nec','Benison'),(0,2037,115,'Nadine','2018-03-26 21:27:40','2017-02-10 14:58:40','Nehru','354 Quisque Ave','Neil','sed pede.','Benison',29,99,5126,'E3F 4Y0','convallis, ante lectus','Benison'),(0,5460,158,'Meredith','2017-02-02 01:50:43','2017-03-31 11:55:42','Jenette','Ap #672-2219 Quis Rd.','Jameson','sem egestas','Benison',33,36,5127,'W3W 6K0','nibh. Aliquam','Benison'),(0,3359,195,'Hamish','2017-07-08 20:18:53','2017-03-06 09:57:41','Tanisha','P.O. Box 624, 8906 Aliquet Ave','Dorothy','Quisque','Benison',22,55,5128,'N4N 7K3','Duis','Benison'),(0,2671,186,'Guinevere','2016-09-11 13:12:01','2016-11-18 02:53:08','Quamar','Ap #635-7965 Praesent Avenue','Sloane','auctor, nunc nulla','Benison',21,75,5129,'D7A 3N9','magna et ipsum','Benison'),(0,7154,192,'Hamish','2017-04-26 01:08:24','2018-03-19 23:09:32','Breanna','9097 Mauris Rd.','Eaton','tincidunt.','Benison',50,60,5130,'K8L 8G6','ornare','Benison'),(0,8631,176,'Farrah','2017-10-26 23:48:53','2016-08-04 09:02:50','Jena','8255 Porttitor St.','Demetria','eget','Benison',26,87,5131,'B9P 1X1','Phasellus','Benison'),(0,637,125,'Levi','2016-10-15 04:54:41','2017-10-30 12:20:29','Scarlett','Ap #312-7899 Consectetuer Rd.','Nelle','neque.','Benison',48,95,5132,'U0B 4U7','Nunc','Benison'),(0,9146,142,'Jasper','2017-10-13 15:30:11','2017-03-31 02:31:22','Ralph','P.O. Box 352, 9206 Diam St.','Ivor','consectetuer adipiscing','Benison',30,67,5133,'H4G 8W0','amet ultricies sem','Benison'),(0,6913,176,'Kirestin','2017-03-08 23:34:34','2017-06-04 06:19:12','Amery','3967 Quam. Av.','Skyler','Etiam laoreet,','Benison',28,97,5134,'K9T 3N8','in','Benison'),(0,5529,137,'Bert','2016-07-15 23:14:54','2017-11-20 22:18:18','Justine','898-2964 Facilisis. Rd.','Lewis','Donec','Benison',43,24,5135,'G7Z 4I0','ullamcorper. Duis at','Benison'),(0,562,133,'Colorado','2018-03-11 00:56:19','2017-04-03 00:36:23','Ann','2273 Curae; Rd.','Pascale','leo. Vivamus','Benison',3,51,5136,'K3F 1R7','Donec','Benison'),(0,4127,122,'Cody','2017-12-13 05:57:28','2016-12-12 23:33:56','Kylee','P.O. Box 100, 6274 Quam. Av.','Belle','semper','Benison',11,49,5137,'F2A 9N2','odio. Aliquam vulputate','Benison'),(0,8469,110,'Emerald','2017-06-20 06:15:12','2017-03-25 16:50:53','Rachel','8575 Cursus Rd.','Orli','diam.','Benison',26,15,5138,'B6D 0B9','quam,','Benison'),(0,9339,121,'Aretha','2017-02-01 11:31:07','2017-07-02 10:31:16','Cruz','9593 Interdum St.','Eric','nunc','Benison',1,32,5139,'Y9M 0M9','nec orci. Donec','Benison'),(0,6103,114,'Sylvester','2016-12-07 07:03:50','2016-08-14 11:15:45','Carla','P.O. Box 922, 2554 Mollis Ave','Evelyn','vitae odio sagittis','Benison',25,60,5140,'Y2C 5J7','eget, venenatis a,','Benison'),(0,2895,190,'Aretha','2017-08-28 16:51:55','2017-11-25 22:39:50','Adrian','337-2100 Quisque Street','Baker','cursus','Benison',43,55,5141,'L8R 8C5','sem elit, pharetra','Benison'),(0,2445,194,'Barbara','2017-02-01 16:30:02','2016-11-17 02:06:59','Vladimir','P.O. Box 272, 3043 Elit, Rd.','Katell','ullamcorper, nisl','Benison',48,63,5142,'A6T 3N7','et ipsum','Benison'),(0,4361,187,'Len','2017-10-16 14:57:23','2016-10-03 20:48:54','Sebastian','P.O. Box 801, 7590 Ridiculus Ave','Cade','dolor.','Benison',35,34,5143,'I8E 4H3','purus mauris a','Benison'),(0,8892,173,'Laith','2016-10-26 17:52:17','2017-05-20 23:35:49','Shoshana','P.O. Box 676, 3892 Pretium Avenue','Timon','vitae semper egestas,','Benison',39,3,5144,'N8Z 1H7','Cum sociis','Benison'),(0,1626,201,'Thane','2017-11-30 08:06:06','2017-02-12 11:51:27','Rebekah','6113 Elit Avenue','Kameko','elementum, dui quis','Benison',26,19,5145,'R3Y 4T2','augue porttitor','Benison'),(0,9115,187,'Winter','2017-02-08 07:17:48','2017-12-16 13:00:26','Tashya','1617 Pede Street','Hilel','nec, imperdiet nec,','Benison',42,17,5146,'E8X 5Q3','egestas. Aliquam','Benison'),(0,5031,177,'Winifred','2017-06-21 08:42:19','2018-01-29 19:44:01','Clementine','199-2519 Ipsum Avenue','Freya','eros nec','Benison',24,57,5147,'O9S 8Y0','et pede.','Benison'),(0,3147,140,'Daphne','2016-11-20 13:08:12','2017-03-17 00:22:11','Odessa','Ap #593-5340 Etiam Road','Alea','neque. Nullam','Benison',12,100,5148,'K5N 8J0','ligula','Benison'),(0,6772,188,'Stephen','2017-01-10 09:02:19','2017-01-08 23:05:52','Cecilia','P.O. Box 688, 750 Interdum. Street','Armando','sed pede.','Benison',50,23,5149,'D0O 2G9','Etiam ligula tortor,','Benison'),(0,2920,193,'Lael','2017-06-17 04:05:35','2016-07-28 22:42:36','Peter','P.O. Box 207, 8595 Eget St.','Audra','a, enim.','Benison',34,2,5150,'J0J 8D3','dolor quam, elementum','Benison'),(0,6845,161,'Dean','2016-08-22 21:25:11','2017-06-22 10:20:16','Jelani','518-7030 Est Ave','Adria','netus','Benison',40,85,5151,'S2Q 7A2','et magnis dis','Benison'),(0,8795,157,'Vincent','2016-08-28 06:58:12','2017-03-08 08:20:53','Lani','743-3620 Tempus, St.','Ivy','ultricies','Benison',18,81,5152,'M1V 7S3','est,','Benison'),(0,1068,123,'Camden','2018-05-17 12:32:12','2017-06-03 23:44:07','Kirsten','888-3866 Posuere Rd.','Myra','lectus','Benison',20,75,5153,'F2V 7C0','in faucibus orci','Benison'),(0,9511,112,'Jana','2017-02-07 14:53:27','2017-07-07 00:42:31','Wylie','P.O. Box 581, 7838 Ultrices. St.','Jonas','ornare egestas ligula.','Benison',12,70,5154,'J9A 3L4','non, dapibus rutrum,','Benison'),(0,4123,113,'Nita','2016-12-09 08:14:56','2018-04-02 22:13:13','Nathaniel','Ap #675-6313 Litora Avenue','Wing','ipsum dolor sit','Benison',26,86,5155,'L9S 4U6','augue id','Benison'),(0,6933,111,'Solomon','2017-11-10 11:48:10','2017-04-06 14:06:56','Latifah','168 In Av.','Lawrence','a, scelerisque','Benison',3,89,5156,'H8B 5D9','non,','Benison'),(0,8933,103,'Jordan','2017-03-14 12:50:03','2017-01-26 08:33:26','Benjamin','P.O. Box 728, 8172 Eu, Av.','Brandon','pellentesque a, facilisis','Benison',33,28,5157,'K3Z 5F8','consequat enim diam','Benison'),(0,2531,108,'Portia','2017-11-06 14:10:40','2016-11-05 16:14:30','Tara','Ap #406-1681 Aenean Road','Beverly','penatibus','Benison',7,71,5158,'J9C 6J1','Curabitur','Benison'),(0,8825,103,'Salvador','2016-07-26 17:48:22','2016-10-08 17:42:23','Otto','314-992 Erat St.','Garth','mattis. Cras eget','Benison',31,72,5159,'D6H 5V8','Donec tempus,','Benison'),(0,5286,181,'Kaden','2017-10-09 22:09:03','2018-02-26 19:49:57','Clark','5052 Magna Road','Justina','in magna.','Benison',50,51,5160,'A5Q 7P6','elementum,','Benison'),(0,9608,120,'Jeanette','2016-08-07 00:20:26','2017-03-28 03:56:18','Clinton','8648 Curabitur Rd.','Daria','nunc.','Benison',48,86,5161,'U6A 3C8','nibh dolor, nonummy','Benison'),(0,1125,187,'Margaret','2017-08-09 18:50:45','2016-08-17 04:01:55','Camden','2518 Cursus, Avenue','Taylor','tempus','Benison',28,78,5162,'S9G 9S7','sit','Benison'),(0,8052,111,'James','2017-04-23 07:17:25','2017-06-26 01:37:28','Zephr','1063 Sit Rd.','Quail','facilisis facilisis,','Benison',7,94,5163,'T5K 2Z6','non','Benison'),(0,4015,114,'Kaseem','2017-08-12 11:13:29','2016-08-29 15:05:15','Knox','P.O. Box 486, 4629 Lacinia St.','Linus','magna, malesuada vel,','Benison',27,59,5164,'D1J 8A6','non magna.','Benison'),(0,6747,168,'Allegra','2016-11-27 04:39:53','2018-05-07 20:03:41','Barclay','Ap #163-497 Tempor Street','Chloe','amet, faucibus ut,','Benison',17,60,5165,'I1Y 6M1','vulputate ullamcorper magna.','Benison'),(0,7670,155,'Sarah','2017-03-08 15:23:04','2018-01-02 08:49:32','Alyssa','P.O. Box 349, 9006 Odio Street','Ashton','facilisis','Benison',40,18,5166,'L1H 1G0','et magnis dis','Benison'),(0,5021,181,'Rudyard','2016-08-16 07:36:14','2017-03-22 06:42:29','Tara','Ap #784-119 Nunc Rd.','Jescie','ante bibendum','Benison',40,100,5167,'C0Y 1N0','id, mollis nec,','Benison'),(0,7122,187,'Judith','2017-05-29 04:04:53','2017-03-25 17:49:23','Summer','P.O. Box 631, 4824 Tempor Avenue','Sebastian','luctus','Benison',38,86,5168,'Q3T 1D7','aliquam','Benison'),(0,3094,134,'Mallory','2017-03-08 13:46:31','2018-04-13 17:51:17','Carissa','Ap #109-8316 Per Road','Warren','Cras','Benison',15,7,5169,'K0T 0Q3','consectetuer','Benison'),(0,132,200,'Grady','2017-10-27 12:22:34','2017-01-06 19:57:24','Elijah','Ap #297-9466 Mus. Road','Josephine','Ut tincidunt vehicula','Benison',27,97,5170,'C9D 0X6','posuere vulputate, lacus.','Benison'),(0,1435,114,'Leah','2017-12-25 02:18:15','2017-05-07 02:15:24','Abra','993-6476 Commodo Rd.','Myles','elit erat vitae','Benison',2,18,5171,'O9V 4U5','placerat,','Benison'),(0,6072,118,'Slade','2017-06-04 17:40:45','2017-01-03 23:00:20','Jaquelyn','Ap #893-8070 Enim. Avenue','Rhona','nulla magna,','Benison',38,55,5172,'O2L 3V7','commodo tincidunt','Benison'),(0,4279,143,'Melvin','2016-12-29 15:35:05','2018-02-13 04:51:55','Noah','402-318 Parturient Avenue','Carla','molestie','Benison',16,100,5173,'N5J 5R6','sem eget massa.','Benison'),(0,205,105,'Mollie','2017-04-05 10:22:44','2017-02-06 19:21:35','Samson','886 Aliquet Ave','Mary','sed, facilisis vitae,','Benison',50,39,5174,'J3F 6P7','posuere cubilia','Benison'),(0,7620,201,'Latifah','2016-09-26 15:38:37','2018-03-26 20:46:25','Stone','839-4955 Dignissim. Ave','Kimberly','ligula','Benison',7,86,5175,'Z7M 1H3','commodo','Benison'),(0,1828,108,'Lani','2016-08-02 04:19:08','2016-12-04 19:46:08','Avye','Ap #414-214 Donec Ave','Jessamine','arcu ac orci.','Benison',4,80,5176,'Y7M 3H8','eros non','Benison'),(0,4750,105,'Ferdinand','2017-09-07 19:07:27','2017-12-19 12:36:12','Rhoda','865-684 Eu Street','Sonya','ullamcorper, velit in','Benison',10,62,5177,'A0S 9J9','gravida sagittis.','Benison'),(0,1389,131,'Coby','2017-04-21 23:11:16','2016-06-12 03:32:38','Xanthus','984-7230 Parturient Road','Jameson','sodales.','Benison',16,86,5178,'P6V 4U4','tincidunt dui','Benison'),(0,6195,183,'Lacey','2017-03-29 02:38:07','2017-05-07 11:54:58','Marny','854-2723 Consectetuer Rd.','Yen','ac','Benison',42,89,5179,'U2A 2X2','magnis','Benison'),(0,5605,194,'Oleg','2017-07-19 14:37:02','2016-10-16 11:33:58','Callie','P.O. Box 739, 9788 Adipiscing St.','Jackson','risus. Morbi','Benison',3,93,5180,'H3K 2O2','eu','Benison'),(0,3865,122,'Tanisha','2017-08-11 10:55:07','2017-08-14 03:32:46','Baxter','Ap #431-5816 Cursus Ave','Dexter','lorem','Benison',49,31,5181,'T4Z 5C8','arcu. Vivamus sit','Benison'),(0,5953,165,'Kylan','2017-06-19 04:49:36','2017-10-27 13:54:33','Allegra','Ap #944-1275 Lobortis, St.','Bree','interdum. Curabitur dictum.','Benison',27,35,5182,'F4Y 4B6','nec','Benison'),(0,9595,151,'Vernon','2017-07-31 12:09:47','2018-05-13 18:09:22','Rhea','P.O. Box 242, 5866 Tortor, Road','Christine','aliquet','Benison',4,18,5183,'O4K 1X9','turpis. In','Benison'),(0,8766,120,'Sage','2018-05-31 06:58:45','2016-06-17 04:36:06','Chandler','P.O. Box 729, 2125 Diam Rd.','Lenore','diam','Benison',44,55,5184,'E3K 4T0','Nulla tincidunt,','Benison'),(0,9554,112,'Steven','2017-06-16 01:03:56','2017-02-25 13:09:38','Ebony','Ap #463-2574 Tempor Road','Bryar','ridiculus mus.','Benison',2,7,5185,'D4I 0Q8','nisi dictum augue','Benison'),(0,8630,146,'Jesse','2017-01-16 07:04:24','2016-11-06 18:55:58','Gillian','Ap #980-675 Placerat, St.','Hiram','faucibus','Benison',5,42,5186,'L2F 2V4','lobortis','Benison'),(0,813,180,'Inez','2016-10-30 00:33:34','2017-03-16 15:07:51','Bruce','P.O. Box 994, 1496 Elit, Avenue','Ayanna','ullamcorper. Duis','Benison',5,36,5187,'R1D 9T1','ut lacus.','Benison'),(0,2957,181,'Quinlan','2018-04-30 18:10:55','2018-01-15 17:27:56','Honorato','Ap #118-2306 Tempus Street','Merrill','tellus','Benison',6,18,5188,'X7S 0P2','auctor','Benison'),(0,2172,194,'Herman','2016-10-05 10:55:59','2017-09-12 08:51:37','Troy','8845 Dolor. Avenue','Bell','erat vitae','Benison',17,43,5189,'R5E 4Q4','lorem ut aliquam','Benison'),(0,8111,127,'Hasad','2016-12-27 20:02:19','2016-12-10 14:42:53','Sylvester','4634 Posuere St.','Isadora','mollis. Phasellus','Benison',9,90,5190,'V0V 6A6','non, egestas a,','Benison'),(0,2653,103,'Ariel','2016-08-02 10:16:29','2016-09-17 02:56:21','Whilemina','Ap #790-5691 Hendrerit Street','Lesley','elit fermentum','Benison',9,12,5191,'H5I 0B9','condimentum. Donec at','Benison'),(0,7687,201,'Nora','2017-06-09 06:09:45','2016-10-02 19:58:46','Griffith','101-5582 Dui, St.','Maryam','porttitor','Benison',18,36,5192,'R1K 0N5','magna a tortor.','Benison'),(0,4169,164,'Patrick','2017-09-16 17:23:15','2017-10-01 13:32:52','Maile','803-2165 Est Ave','Ashton','gravida nunc sed','Benison',12,32,5193,'S6V 1J0','tincidunt vehicula','Benison'),(0,3736,114,'Marny','2017-01-09 05:20:09','2017-04-03 03:56:38','Fallon','932-4661 Ut Ave','Ingrid','vel','Benison',30,46,5194,'Y9N 5X4','Aliquam erat volutpat.','Benison'),(0,4370,196,'Catherine','2017-05-18 11:09:29','2018-05-29 03:43:39','Susan','P.O. Box 712, 4824 Sodales. Street','Camilla','sit','Benison',24,41,5195,'O3M 7J9','iaculis aliquet diam.','Benison'),(0,9753,182,'Joel','2017-03-01 11:00:56','2017-03-26 03:16:21','Carl','818-8845 Eleifend. Rd.','Adria','feugiat','Benison',29,94,5196,'D8W 9J6','in','Benison'),(0,8697,201,'Jeanette','2016-12-23 14:08:47','2017-03-11 19:24:34','Remedios','243-4749 Porta St.','Nasim','sit amet','Benison',26,41,5197,'W1F 0F5','Proin','Benison'),(0,3182,129,'Kirestin','2017-03-02 05:02:05','2017-04-22 16:31:00','Quentin','263 Placerat St.','Aiko','tincidunt tempus','Benison',15,57,5198,'D5J 9Y3','imperdiet dictum magna.','Benison'),(0,6665,190,'Hop','2016-11-15 14:34:10','2017-07-12 01:56:41','Dante','7294 Donec Av.','Kenneth','natoque penatibus et','Benison',42,66,5199,'A7E 8U5','ac ipsum. Phasellus','Benison'),(0,5901,222,'Bruce','2016-08-25 01:42:09','2017-08-11 21:12:08','Guinevere','P.O. Box 213, 726 Nunc St.','Zena','Fusce aliquam,','Benison',15,38,5200,'F5T 7N2','ac arcu. Nunc','Benison'),(0,838,235,'Timothy','2018-02-15 04:33:05','2017-01-10 07:30:09','Lila','942-5690 Lobortis Street','Steven','rhoncus.','Benison',42,27,5201,'W0R 8H7','nisl elementum purus,','Benison'),(0,7581,235,'Xandra','2016-09-19 13:54:52','2017-02-21 11:53:14','Davis','Ap #902-2189 Lacus Street','Nero','fames','Benison',35,72,5202,'X1H 7T0','odio. Nam','Benison'),(0,1856,253,'Oscar','2017-02-21 06:36:02','2017-11-17 15:37:12','Raphael','Ap #980-9733 Volutpat Rd.','Bernard','commodo hendrerit. Donec','Benison',28,38,5203,'C4H 7Y3','lacus.','Benison'),(0,8937,298,'Raya','2017-04-14 02:37:06','2016-08-07 03:51:00','Sybill','5219 Auctor, Ave','Joelle','interdum. Sed','Benison',15,94,5204,'J9J 3G1','facilisis facilisis, magna','Benison'),(0,3614,221,'Myles','2016-10-03 23:55:10','2017-03-20 11:55:21','Maxine','2607 Tellus, Av.','Ivor','sem','Benison',15,90,5205,'T5R 6U4','imperdiet dictum','Benison'),(0,4302,296,'Randall','2017-12-21 10:24:09','2017-03-22 04:56:31','Regan','2402 Etiam Rd.','Jescie','Suspendisse aliquet','Benison',8,1,5206,'K7J 8T1','molestie tortor nibh','Benison'),(0,8487,286,'Cheyenne','2018-03-02 18:06:02','2017-08-24 15:56:43','Cathleen','664-6207 Magnis Av.','Stacy','ornare lectus justo','Benison',26,58,5207,'Q7V 1M3','erat vel','Benison'),(0,3885,203,'Silas','2016-12-07 22:20:06','2016-11-22 17:10:12','Dominique','P.O. Box 111, 2023 Dui, Rd.','Ella','urna. Nullam lobortis','Benison',50,54,5208,'L5K 0I6','lectus ante','Benison'),(0,1843,271,'Astra','2016-09-04 03:09:32','2016-09-04 02:07:07','Mannix','Ap #141-617 Libero Ave','Brenda','ante','Benison',12,19,5209,'Q0M 6O2','imperdiet ornare.','Benison'),(0,1748,281,'Hammett','2018-02-05 19:27:28','2017-02-28 07:49:23','Alma','Ap #581-2633 Lacus, Avenue','Maya','Aliquam','Benison',38,22,5210,'W0P 4T7','tempor,','Benison'),(0,5962,221,'Aidan','2017-02-13 01:29:55','2018-01-09 10:14:48','Len','Ap #429-9336 A Rd.','Aspen','nulla. Cras','Benison',15,89,5211,'A6N 7Z9','non justo. Proin','Benison'),(0,9084,235,'Urielle','2016-12-21 22:08:53','2016-12-11 00:37:17','Lara','Ap #792-3617 Libero St.','Hayfa','ipsum. Curabitur','Benison',22,16,5212,'T5L 5R8','ornare. In','Benison'),(0,1905,208,'Yeo','2018-05-06 04:47:37','2016-12-10 11:53:04','Lee','742-7507 Nisl. St.','Whilemina','purus gravida sagittis.','Benison',9,78,5213,'K7V 5K6','fermentum','Benison'),(0,9953,271,'Harrison','2017-03-24 01:23:41','2016-10-19 07:11:12','Kirsten','Ap #679-5810 Integer Av.','Nayda','accumsan','Benison',27,78,5214,'U4Z 5V1','at risus. Nunc','Benison'),(0,9224,265,'Cynthia','2016-10-10 07:19:09','2017-04-28 14:53:18','Hadassah','818-2669 Enim Rd.','Warren','eu odio tristique','Benison',17,48,5215,'U2L 6U4','natoque penatibus','Benison'),(0,2114,207,'Salvador','2017-11-08 10:37:54','2018-04-27 13:41:43','Shay','Ap #648-7264 Lectus, Rd.','Evelyn','mi. Aliquam','Benison',23,20,5216,'E9E 9B9','mauris, rhoncus id,','Benison'),(0,2331,296,'Ria','2018-02-07 10:22:32','2017-09-03 19:18:06','Shay','P.O. Box 787, 320 Arcu St.','Myles','non nisi.','Benison',14,73,5217,'R1D 9B1','vitae diam. Proin','Benison'),(0,7597,270,'Amal','2018-04-25 15:45:38','2016-12-10 08:19:57','Stephen','2187 Maecenas Ave','Jin','enim nisl elementum','Benison',26,83,5218,'G9A 9A6','Mauris non','Benison'),(0,9048,234,'Evan','2017-05-09 13:48:08','2017-07-23 14:04:48','Zenaida','Ap #470-7063 Sapien. Road','Hiram','dignissim','Benison',31,80,5219,'Q5Y 6Z0','consectetuer','Benison'),(0,3979,289,'Reuben','2017-03-29 04:16:48','2018-06-05 17:35:16','Rhea','P.O. Box 978, 6249 Curabitur Ave','Tana','egestas. Aliquam','Benison',19,52,5220,'P9W 1G6','facilisis,','Benison'),(0,5572,221,'Dean','2017-05-26 00:15:04','2017-01-05 01:14:55','Garrison','Ap #822-6396 Sed Ave','Hanae','ornare, elit elit','Benison',24,83,5221,'R0P 5U7','Donec feugiat metus','Benison'),(0,6932,217,'Lenore','2018-01-02 10:38:07','2016-09-21 08:21:52','Guy','P.O. Box 920, 7496 Velit St.','Phyllis','nec,','Benison',37,39,5222,'R2K 4E8','sed pede nec','Benison'),(0,4276,271,'Isaac','2016-07-25 14:23:33','2017-08-31 13:15:34','Lois','P.O. Box 281, 4992 Cras Av.','Vincent','tortor, dictum','Benison',11,55,5223,'Y7G 6O8','justo.','Benison'),(0,2263,230,'Wayne','2016-08-18 04:57:22','2016-08-05 12:27:34','Giacomo','P.O. Box 112, 562 Dictum Rd.','Erasmus','nulla. Integer','Benison',48,2,5224,'U8X 2M8','Aenean euismod','Benison'),(0,1435,215,'James','2016-07-23 18:45:41','2018-02-10 13:05:50','Winter','Ap #704-5089 Erat. Rd.','Rigel','cursus a,','Benison',25,17,5225,'F6Q 1E1','quis,','Benison'),(0,4075,225,'Stacy','2017-03-29 10:53:12','2017-12-03 05:28:39','Baxter','453-5190 At St.','Amber','vulputate eu,','Benison',22,28,5226,'P1W 6T8','ornare tortor at','Benison'),(0,1543,228,'Kylynn','2018-01-06 22:52:37','2017-06-09 05:15:48','Samson','Ap #581-8252 Etiam Avenue','Carly','tristique ac,','Benison',2,31,5227,'W5N 3G3','enim, gravida sit','Benison'),(0,2033,203,'Ava','2017-01-11 19:40:13','2016-06-19 08:09:25','Hedda','7368 Ultrices. St.','Imani','et pede.','Benison',37,32,5228,'A6R 0L8','nascetur ridiculus','Benison'),(0,1859,244,'Leo','2016-11-13 04:23:35','2017-01-07 13:25:33','Quail','Ap #903-7250 Integer Street','Akeem','facilisis','Benison',21,20,5229,'M9F 3Q9','nibh enim,','Benison'),(0,3561,260,'Caryn','2016-06-20 12:48:19','2017-01-12 03:09:41','Lee','Ap #154-8758 Ante Av.','Orson','nibh sit amet','Benison',15,35,5230,'I3I 4X9','nulla. Integer','Benison'),(0,6587,213,'Clementine','2016-10-17 02:55:09','2016-10-08 22:40:34','Gannon','Ap #190-8234 Consequat St.','Cassidy','facilisis. Suspendisse commodo','Benison',13,27,5231,'A4O 5A1','lectus. Nullam','Benison'),(0,8034,209,'Jayme','2017-01-20 11:36:56','2016-11-16 11:08:55','Alexa','2706 Aenean Street','Avye','mattis velit justo','Benison',3,69,5232,'N3B 0C1','et','Benison'),(0,6353,270,'Ingrid','2016-06-24 05:04:02','2016-07-23 21:15:17','Bevis','235-9912 Risus. St.','Venus','sed','Benison',48,13,5233,'H9K 6H9','lobortis. Class','Benison'),(0,8878,236,'Isadora','2018-02-09 21:31:53','2017-07-06 17:37:07','Karly','323-6652 Semper Road','Erich','amet, consectetuer','Benison',37,66,5234,'E3C 6M6','in,','Benison'),(0,1576,258,'Constance','2017-12-05 19:08:38','2018-02-21 05:23:47','Grace','Ap #486-1163 Duis Ave','Upton','ultrices','Benison',6,90,5235,'J4A 4X9','libero','Benison'),(0,8486,272,'Shafira','2018-04-24 22:11:01','2017-02-12 06:06:35','Whoopi','470-7346 Luctus Ave','Tatum','elit, a','Benison',50,39,5236,'O1N 0Q8','Proin vel nisl.','Benison'),(0,9779,269,'Roary','2016-09-29 18:15:54','2018-04-23 18:46:01','Zane','Ap #591-2659 Blandit. Rd.','Freya','at, velit.','Benison',38,100,5237,'F3G 6M1','Sed nunc','Benison'),(0,9110,269,'Slade','2018-05-25 13:15:38','2017-12-10 21:21:55','Abigail','773-5616 Sit Ave','Ulla','vel,','Benison',8,62,5238,'U0U 9U5','a, scelerisque','Benison'),(0,8815,247,'Britanni','2017-12-14 21:59:22','2016-09-04 22:09:05','Leroy','4126 Mattis. Street','Inga','molestie','Benison',24,35,5239,'K0X 8R8','sed consequat auctor,','Benison'),(0,6577,287,'Lionel','2017-11-29 21:29:33','2018-04-12 15:25:04','Stella','6541 Consectetuer Road','Arden','leo. Morbi','Benison',22,43,5240,'I1N 3F7','orci. Donec','Benison'),(0,7431,229,'Gay','2017-09-22 12:27:25','2016-08-28 18:25:34','Merritt','Ap #451-1751 Diam Rd.','Graiden','velit.','Benison',44,26,5241,'Q6O 1A3','diam','Benison'),(0,3471,271,'Ina','2018-04-23 14:00:02','2017-04-16 06:37:46','Selma','844-4572 Lectus. St.','Wynne','eget metus eu','Benison',8,52,5242,'Y9S 4W9','Nunc lectus','Benison'),(0,1113,270,'Jason','2017-06-26 02:14:26','2016-11-05 04:12:36','Ignacia','2731 Maecenas Av.','Ignatius','ultrices','Benison',6,27,5243,'U2L 2N1','turpis. Aliquam','Benison'),(0,7307,283,'Yvonne','2017-07-26 16:09:53','2017-10-08 14:06:10','Rosalyn','P.O. Box 798, 5874 Etiam Rd.','Keane','ac mattis semper,','Benison',48,49,5244,'Q4I 9P9','Ut tincidunt','Benison'),(0,4496,301,'Jamal','2018-04-24 11:48:26','2017-04-02 23:41:28','Piper','Ap #768-6038 Et St.','Skyler','commodo hendrerit. Donec','Benison',35,11,5245,'T1Z 8Y8','sit amet ante.','Benison'),(0,3626,213,'Rinah','2018-05-31 08:29:36','2018-01-03 20:24:25','Tamekah','P.O. Box 399, 2265 Blandit St.','Callie','lorem, auctor','Benison',33,87,5246,'U9A 1C8','fringilla. Donec','Benison'),(0,6866,204,'Haley','2017-02-16 02:34:38','2018-03-11 13:45:54','Madeline','Ap #316-6973 Nisi Road','Sade','Mauris blandit','Benison',16,59,5247,'Q6Z 0O2','sapien molestie','Benison'),(0,2407,276,'Victoria','2017-08-11 09:09:12','2017-11-17 19:21:24','Harding','P.O. Box 701, 8168 Ligula Ave','Emerson','leo. Vivamus','Benison',7,67,5248,'R6R 8Z1','Etiam bibendum fermentum','Benison'),(0,2869,291,'Breanna','2017-10-27 13:52:05','2016-08-27 02:40:21','Aspen','Ap #449-9579 Rhoncus. St.','Alisa','arcu. Vestibulum ut','Benison',23,45,5249,'H1W 3C7','felis.','Benison'),(0,4414,253,'Lysandra','2017-01-08 05:41:56','2016-09-27 01:36:06','Isaiah','Ap #803-9028 Elit, Street','Hayley','gravida nunc sed','Benison',6,16,5250,'U8I 9J5','magna. Duis','Benison'),(0,5569,260,'Rina','2017-07-14 06:02:57','2017-12-02 06:15:33','Cassidy','7325 Eget Rd.','Xanthus','amet ante.','Benison',20,46,5251,'A6V 4B3','magna. Cras convallis','Benison'),(0,5444,250,'Trevor','2018-01-22 08:04:29','2016-09-10 02:06:26','Francis','550-3426 Justo Rd.','Mikayla','nisi','Benison',28,61,5252,'F9J 9D0','purus. Maecenas','Benison'),(0,2683,230,'Velma','2016-10-06 05:17:21','2018-03-22 04:10:15','Kuame','7512 Imperdiet Street','Liberty','tristique ac,','Benison',31,22,5253,'W8D 6B9','tristique pharetra.','Benison'),(0,3877,273,'Vielka','2016-10-15 06:52:13','2017-02-12 07:48:33','Ryder','P.O. Box 803, 1641 Egestas Av.','Damian','luctus vulputate, nisi','Benison',39,31,5254,'Y2L 8F5','Donec','Benison'),(0,6984,244,'Kyle','2016-06-14 23:19:01','2016-08-19 00:20:12','Beck','6901 Duis Av.','Shelley','pede sagittis augue,','Benison',27,7,5255,'B8G 4F9','Nunc','Benison'),(0,8135,242,'Miriam','2017-03-14 00:29:09','2016-07-27 16:55:37','Keane','Ap #519-1141 Nulla. St.','Glenna','porttitor tellus non','Benison',4,55,5256,'U8I 0C1','inceptos hymenaeos. Mauris','Benison'),(0,3062,241,'Brenna','2017-04-30 23:23:03','2018-04-30 01:11:07','Brynne','652 Iaculis Rd.','Orson','ut','Benison',41,81,5257,'F4W 7G2','rhoncus. Donec est.','Benison'),(0,6127,223,'MacKenzie','2016-07-26 15:11:28','2017-02-10 10:22:07','Holmes','P.O. Box 928, 5127 Diam Rd.','Adara','augue malesuada','Benison',17,89,5258,'V0M 2C0','urna','Benison'),(0,5545,211,'Quamar','2018-04-12 00:01:08','2016-12-07 16:31:42','Finn','Ap #326-8940 Et Av.','Aurora','ipsum. Donec sollicitudin','Benison',10,82,5259,'C0O 8T0','enim, gravida','Benison'),(0,5417,275,'Brock','2016-09-29 10:19:02','2016-10-28 23:45:27','Ciaran','5129 Integer Avenue','Scarlet','dui','Benison',8,51,5260,'F2L 7M2','aliquam eros turpis','Benison'),(0,5057,208,'Wayne','2016-09-27 08:39:59','2018-03-05 02:22:52','Angelica','Ap #772-5683 Scelerisque Rd.','Libby','non dui','Benison',12,26,5261,'E5C 6N6','nibh.','Benison'),(0,5123,244,'Joelle','2017-10-15 02:37:58','2018-03-03 16:52:49','Ray','Ap #506-2398 Justo Road','Jael','aliquam,','Benison',35,63,5262,'M1A 7N6','dui,','Benison'),(0,2318,302,'Amy','2016-08-05 11:54:49','2017-07-08 23:49:17','Clayton','Ap #131-3880 Convallis Road','Aline','ac libero nec','Benison',12,18,5263,'S2X 5L1','Suspendisse','Benison'),(0,5260,261,'Anne','2017-04-24 14:40:58','2016-10-08 22:37:57','Liberty','Ap #987-7967 Praesent St.','Rahim','consectetuer, cursus et,','Benison',3,67,5264,'K3U 0Q5','ad','Benison'),(0,6718,272,'Rina','2017-07-02 06:39:51','2017-07-29 22:05:08','Colt','494-8675 Dignissim. Street','Maxwell','Duis','Benison',16,42,5265,'C3S 4V1','ut, molestie in,','Benison'),(0,5967,264,'Brynne','2017-04-08 15:00:25','2016-09-23 08:46:06','Colby','207-1660 Donec Ave','Ryder','Maecenas','Benison',16,20,5266,'H8A 0Z6','magna sed dui.','Benison'),(0,6400,298,'Arden','2016-11-30 06:02:48','2017-10-26 19:40:17','Moses','135-247 Ligula Avenue','Mohammad','netus et','Benison',30,60,5267,'P4B 5C3','Suspendisse sagittis. Nullam','Benison'),(0,9714,291,'Tobias','2017-06-18 21:41:29','2018-04-29 21:59:59','Ferris','P.O. Box 380, 9866 Nullam Ave','Keaton','Quisque tincidunt pede','Benison',23,87,5268,'C8B 9Y4','erat','Benison'),(0,4867,203,'Barrett','2016-09-19 04:46:20','2017-05-09 14:30:17','Reece','Ap #166-8254 In, St.','Desirae','lorem ipsum sodales','Benison',33,97,5269,'O7C 7N2','Suspendisse eleifend.','Benison'),(0,8247,235,'Whitney','2018-05-18 08:33:00','2016-12-04 16:13:14','Eagan','P.O. Box 534, 9633 Lobortis. Av.','Meghan','aliquam','Benison',16,46,5270,'A1P 4C2','amet,','Benison'),(0,9986,272,'Hanae','2018-06-05 00:31:12','2017-07-21 11:54:31','Cara','Ap #579-546 Ornare, Street','Xanthus','auctor non, feugiat','Benison',28,77,5271,'A0C 6F7','ac mattis semper,','Benison'),(0,7555,300,'Ursa','2017-08-24 10:08:09','2018-04-11 04:29:05','Alden','P.O. Box 642, 3235 Nullam Ave','Lane','orci.','Benison',16,7,5272,'N4F 9Y7','leo elementum sem,','Benison'),(0,4940,209,'Scarlett','2017-02-18 04:18:23','2017-09-14 13:27:43','Clinton','Ap #296-2115 Ipsum Ave','Fitzgerald','interdum','Benison',35,52,5273,'H3G 4Y2','gravida.','Benison'),(0,5694,288,'Raja','2016-09-24 10:12:20','2018-03-22 04:02:30','Aubrey','Ap #211-2477 Aliquam St.','Candace','Maecenas ornare egestas','Benison',12,21,5274,'F8K 5F0','vitae','Benison'),(0,3582,267,'Ezekiel','2017-11-01 23:08:07','2018-04-18 11:12:23','Louis','489-8460 Consectetuer, Street','Ariel','fringilla ornare placerat,','Benison',16,46,5275,'B1X 8N4','parturient montes,','Benison'),(0,9781,293,'Echo','2018-04-06 03:39:43','2017-10-10 23:02:29','Gretchen','876-2932 Netus St.','Quynn','auctor','Benison',6,47,5276,'Q7D 0G1','et magnis dis','Benison'),(0,858,276,'Brielle','2016-09-13 17:19:43','2017-08-07 17:19:55','Evelyn','1471 Sit St.','Kevin','ac','Benison',20,26,5277,'A3J 2H6','venenatis','Benison'),(0,7667,293,'Hedley','2018-03-18 16:51:08','2016-06-15 22:20:23','Dane','Ap #773-2979 Neque Ave','Reagan','nulla at sem','Benison',17,58,5278,'W9A 3Q5','Donec nibh','Benison'),(0,8288,283,'Ruby','2017-06-09 12:31:03','2016-08-14 02:55:52','Armando','Ap #655-3036 Nunc Rd.','Joy','non, luctus sit','Benison',44,59,5279,'L5Q 8L9','pede. Cras vulputate','Benison'),(0,7068,296,'Amena','2017-01-21 09:27:02','2018-02-11 07:51:19','Zorita','639-1157 Libero Ave','Galvin','Aliquam fringilla cursus','Benison',25,73,5280,'D6K 1S6','dapibus','Benison'),(0,125,295,'Shaeleigh','2016-12-17 00:08:45','2017-06-24 06:16:04','Colorado','5266 Eleifend Ave','Roary','cursus. Integer mollis.','Benison',41,89,5281,'Q8G 0W0','nunc','Benison'),(0,7447,295,'Tanisha','2016-07-17 21:24:14','2017-10-04 12:09:30','Alvin','912-9019 Sociis Street','Driscoll','a feugiat tellus','Benison',24,48,5282,'G9N 3C1','ridiculus mus. Proin','Benison'),(0,2538,289,'Declan','2017-05-29 02:10:50','2017-06-25 00:59:05','Xerxes','7167 Aliquet. Ave','Allen','feugiat.','Benison',14,35,5283,'Q1C 6X5','sit amet orci.','Benison'),(0,5796,213,'Blaine','2017-09-12 02:57:00','2016-07-01 16:49:44','George','1127 Sapien. Av.','Angelica','a, enim. Suspendisse','Benison',13,72,5284,'W7Q 1L9','velit. Quisque','Benison'),(0,7027,265,'Brody','2018-03-08 23:40:51','2016-09-26 23:40:54','Veda','Ap #375-9759 Vestibulum Ave','Sonia','In tincidunt congue','Benison',30,85,5285,'R4Q 2U5','Proin mi.','Benison'),(0,608,255,'Ali','2016-11-25 00:05:25','2016-09-21 15:38:14','Abra','528-1900 Molestie Avenue','Jordan','eros. Nam','Benison',4,17,5286,'H3B 3Q2','arcu eu odio','Benison'),(0,3153,278,'Logan','2017-12-02 18:38:44','2017-03-09 20:46:49','Cherokee','1284 Ornare St.','Allistair','congue a,','Benison',20,97,5287,'O7E 5C5','Nunc sollicitudin','Benison'),(0,3653,290,'Tara','2016-06-28 02:25:23','2017-01-03 10:58:01','Margaret','2741 Massa Road','Ginger','velit. Quisque','Benison',8,3,5288,'S6X 9S2','est,','Benison'),(0,410,213,'McKenzie','2017-03-28 17:18:45','2016-11-10 07:30:20','Rana','Ap #482-1928 Ipsum Av.','Brandon','non','Benison',26,70,5289,'V7H 8E0','Etiam','Benison'),(0,2284,263,'Vielka','2017-12-04 12:53:34','2017-11-19 05:05:47','Hyatt','Ap #651-7484 Libero Rd.','Timon','dis parturient','Benison',43,40,5290,'K1K 1K4','vel arcu.','Benison'),(0,6081,252,'Blaze','2017-04-27 10:36:42','2017-12-20 15:08:25','Merrill','P.O. Box 998, 7004 Consectetuer Ave','Josephine','a, auctor non,','Benison',14,21,5291,'V9O 7V3','mollis. Duis sit','Benison'),(0,4684,289,'Flavia','2017-03-31 14:38:23','2017-08-30 23:53:27','Garrett','1296 Facilisis St.','Dara','Donec tempus,','Benison',24,3,5292,'L0L 1G6','nibh. Donec','Benison'),(0,8969,279,'Chanda','2017-06-23 20:44:46','2016-12-08 18:57:21','Scarlet','P.O. Box 241, 3347 Fusce St.','Summer','vitae risus.','Benison',7,32,5293,'U6T 6I5','pede.','Benison'),(0,8644,271,'Victoria','2016-07-30 15:06:17','2018-03-31 22:47:25','Kenyon','139-9103 Nunc Rd.','Julie','non, lobortis quis,','Benison',30,90,5294,'O7N 5H3','vulputate ullamcorper magna.','Benison'),(0,6229,244,'Haley','2016-10-13 21:31:43','2016-06-12 08:34:13','Charissa','P.O. Box 826, 2251 Mauris Ave','Neve','mi enim, condimentum','Benison',8,79,5295,'E6X 9N2','a,','Benison'),(0,8589,257,'Ferdinand','2016-06-21 05:34:24','2017-04-25 08:36:25','Jaquelyn','P.O. Box 813, 6802 Eu Street','Oren','interdum libero dui','Benison',47,18,5296,'G3M 2W2','Sed nulla ante,','Benison'),(0,8557,220,'Dennis','2017-05-14 00:43:46','2016-08-16 20:13:14','Ronan','952 Dolor. Rd.','Wing','vestibulum. Mauris','Benison',42,22,5297,'S0T 4T5','euismod ac, fermentum','Benison'),(0,6490,267,'Jasper','2017-10-19 07:04:14','2016-09-23 10:52:28','Roth','1764 Sit Road','Olympia','natoque','Benison',13,62,5298,'G5C 4C7','lectus','Benison'),(0,1932,276,'Eugenia','2016-10-18 07:06:16','2018-02-18 00:31:34','Janna','758-4033 Aenean Av.','Madeline','imperdiet','Benison',2,3,5299,'H8N 0P7','lorem','Benison'),(0,1405,342,'Bell','2018-04-25 23:51:43','2017-07-03 02:05:11','Laura','7851 Feugiat Street','Adrienne','porttitor tellus non','Benison',37,35,5300,'V2N 0F1','nec,','Benison'),(0,7780,397,'Whoopi','2017-02-02 17:16:27','2017-12-27 15:29:40','Libby','668-213 Erat Avenue','Kasper','rhoncus. Nullam','Benison',32,32,5301,'E6X 6V2','placerat, orci','Benison'),(0,3946,347,'Laura','2016-07-26 11:44:04','2016-12-23 20:48:21','Adrian','P.O. Box 748, 2477 Felis. Ave','Quinn','ornare tortor at','Benison',47,36,5302,'Z2D 5D8','Quisque nonummy','Benison'),(0,9071,306,'Alfreda','2016-11-03 20:48:10','2016-11-14 16:16:38','Jamal','P.O. Box 205, 3369 Ornare St.','Tad','velit in','Benison',7,39,5303,'E8X 9Z8','id,','Benison'),(0,2158,341,'Charity','2018-02-10 22:02:04','2016-11-13 12:45:35','Laura','881-307 Dis Avenue','Jocelyn','mattis.','Benison',23,41,5304,'L7D 4P1','lacinia mattis.','Benison'),(0,2841,307,'Donna','2016-08-31 09:22:06','2017-11-17 20:49:38','Margaret','Ap #358-6315 Donec St.','Donovan','Donec est. Nunc','Benison',19,10,5305,'N5F 2N4','Proin velit. Sed','Benison'),(0,6338,368,'Yetta','2016-10-27 00:03:14','2018-01-12 22:22:10','Hadassah','P.O. Box 456, 7117 Donec Rd.','Nasim','mus.','Benison',38,29,5306,'I1O 2Z9','consectetuer euismod est','Benison'),(0,2638,353,'Dylan','2017-10-30 14:03:38','2017-02-21 15:59:03','Rhona','766-1883 Ridiculus Street','Lynn','ipsum.','Benison',10,3,5307,'B4C 8F6','dapibus quam quis','Benison'),(0,3274,400,'Charlotte','2017-05-02 00:58:02','2017-07-29 20:09:10','Leilani','P.O. Box 100, 5104 Donec St.','McKenzie','vel quam dignissim','Benison',35,54,5308,'J6A 4W3','nec, mollis vitae,','Benison'),(0,5737,327,'Carly','2016-12-12 14:03:46','2018-03-05 06:53:23','Macaulay','Ap #835-5674 Pellentesque. Ave','Sawyer','sodales purus, in','Benison',49,41,5309,'X0H 8Z5','Fusce dolor','Benison'),(0,409,388,'Cara','2016-07-10 03:48:20','2016-11-29 10:02:52','Rhonda','Ap #414-7790 Erat. Rd.','Karleigh','in aliquet','Benison',7,24,5310,'C5S 5A0','scelerisque','Benison'),(0,3508,357,'Illiana','2016-12-30 18:39:20','2016-08-04 06:19:19','Lana','3978 Ante St.','Martina','dictum magna. Ut','Benison',34,27,5311,'L6E 9A4','in sodales elit','Benison'),(0,1322,351,'Gage','2017-08-19 13:23:51','2018-05-28 14:38:37','April','Ap #585-6601 Nulla. Avenue','Rana','purus','Benison',42,46,5312,'H5N 3N4','rutrum','Benison'),(0,4204,305,'Dieter','2017-07-25 19:50:31','2017-09-13 10:24:27','Oprah','Ap #101-5639 Nulla. Street','Kay','Praesent interdum','Benison',44,22,5313,'Z8C 1P7','eget ipsum.','Benison'),(0,7009,395,'Macon','2016-12-30 18:44:09','2017-08-15 14:53:33','Sierra','P.O. Box 579, 6090 Non, Avenue','Nathaniel','ac mi eleifend','Benison',41,17,5314,'M2A 6S6','risus. Nunc ac','Benison'),(0,5907,326,'Echo','2016-08-16 05:03:19','2017-01-11 12:28:02','Eden','Ap #488-2105 Molestie Street','Kirk','vitae','Benison',5,62,5315,'A8T 3B0','imperdiet','Benison'),(0,1029,344,'Jorden','2018-04-14 02:02:21','2017-11-18 09:47:51','Tallulah','6637 A, Rd.','Drew','ultricies sem','Benison',50,84,5316,'I4W 4V0','enim, condimentum','Benison'),(0,138,315,'Bryar','2017-11-30 06:30:48','2016-09-03 02:12:03','Breanna','Ap #761-7449 Vehicula Road','Quin','ipsum leo elementum','Benison',3,18,5317,'X0Y 1V0','nulla vulputate dui,','Benison'),(0,9336,374,'Ella','2018-01-08 09:23:03','2017-04-02 07:11:39','Zephr','Ap #812-679 Turpis Road','Tanya','aliquam','Benison',10,33,5318,'B0D 6G4','amet lorem semper','Benison'),(0,5111,394,'Camden','2017-06-29 07:28:16','2016-10-24 06:10:08','Anjolie','P.O. Box 970, 6614 Sed St.','Knox','In nec','Benison',46,19,5319,'S7P 9R9','pede, malesuada','Benison'),(0,2343,328,'Timon','2017-08-12 21:09:14','2018-04-14 09:30:30','Quin','P.O. Box 885, 5544 Tempus St.','Noah','vitae','Benison',1,65,5320,'K5D 6A0','non justo.','Benison'),(0,6004,341,'Noel','2016-06-23 04:57:18','2016-10-25 15:44:57','Kennan','P.O. Box 247, 9161 Auctor. Ave','Cairo','aliquet molestie','Benison',35,18,5321,'C4P 4I4','neque','Benison'),(0,5611,325,'Orson','2017-06-26 09:51:45','2016-06-18 08:42:19','Vivien','P.O. Box 657, 1100 Mauris Rd.','Jermaine','hendrerit consectetuer,','Benison',46,93,5322,'Q0T 9F5','mi pede,','Benison'),(0,2507,330,'Lee','2016-09-19 21:00:32','2016-07-19 04:43:03','Timothy','135-1591 Neque. Ave','Orli','nulla. Integer urna.','Benison',5,99,5323,'U2B 3W4','Nulla','Benison'),(0,8486,352,'Mallory','2016-07-31 23:05:12','2016-08-29 02:14:46','Martina','P.O. Box 662, 2384 Euismod Street','Norman','dui augue','Benison',17,55,5324,'C3X 9A4','ut','Benison'),(0,3662,339,'Shafira','2017-09-02 12:16:00','2018-03-18 21:19:58','Basia','Ap #895-9072 Vehicula. Street','Mira','elit,','Benison',22,24,5325,'E3F 7N8','Duis','Benison'),(0,1180,394,'Gannon','2016-09-14 04:38:25','2017-01-15 21:29:11','Murphy','Ap #493-8709 Iaculis Avenue','Maisie','nulla vulputate','Benison',46,46,5326,'R2Y 0E7','velit justo','Benison'),(0,3606,328,'Jenette','2017-12-07 00:24:52','2017-02-06 20:19:27','Patience','P.O. Box 184, 1298 Et, Av.','Evangeline','Quisque','Benison',40,68,5327,'G5S 0W4','ut nisi','Benison'),(0,3357,334,'Cullen','2016-11-25 01:06:11','2018-04-11 17:15:46','Hadassah','P.O. Box 719, 5717 In Ave','Jasmine','vitae velit egestas','Benison',33,88,5328,'X5Q 4O2','massa lobortis','Benison'),(0,5753,336,'Ulla','2017-07-12 05:53:54','2016-12-20 03:22:49','Jared','503-5432 Arcu. St.','Emi','Nam interdum enim','Benison',32,23,5329,'S1Q 3Z3','egestas.','Benison'),(0,1325,329,'Barrett','2016-11-23 10:24:19','2018-03-10 13:51:57','Alisa','307-5275 Enim, Ave','Jade','augue porttitor interdum.','Benison',46,83,5330,'M9A 2V7','suscipit, est','Benison'),(0,2550,310,'Reese','2016-12-19 09:21:53','2018-03-16 11:59:27','Lyle','P.O. Box 927, 6453 Aliquet. Rd.','Maris','posuere','Benison',17,18,5331,'I3P 0A7','nibh','Benison'),(0,693,368,'Grady','2017-08-20 15:50:34','2017-02-03 11:49:05','Yen','3648 Conubia Street','Lana','Nunc quis arcu','Benison',16,73,5332,'M9I 1M1','ante, iaculis nec,','Benison'),(0,6414,332,'Hilel','2017-07-11 23:46:18','2017-12-16 01:43:22','Judith','4361 Sem Rd.','Zachery','nunc sed pede.','Benison',6,98,5333,'A1T 7O5','Mauris magna. Duis','Benison'),(0,4026,318,'Mollie','2017-03-20 15:18:30','2018-04-18 09:46:32','Dieter','Ap #344-3780 Lacus Rd.','Charles','ligula. Nullam','Benison',9,94,5334,'Z6L 2K3','pede. Cras','Benison'),(0,5887,394,'Daphne','2018-01-05 12:47:50','2016-06-28 02:18:48','Cassandra','857-6368 Sem, Rd.','Keefe','Nam','Benison',36,59,5335,'O1X 7Y8','mus.','Benison'),(0,8640,377,'Harriet','2016-10-01 12:52:41','2017-04-27 21:05:30','Eleanor','549 Curabitur Ave','Cailin','quis accumsan convallis,','Benison',31,80,5336,'E5E 5M0','ante. Nunc mauris','Benison'),(0,6957,393,'Roary','2017-04-11 12:19:53','2017-03-05 10:26:50','Porter','7998 Cursus St.','Lydia','tincidunt vehicula risus.','Benison',48,92,5337,'T4G 5U4','feugiat metus sit','Benison'),(0,5323,307,'Fiona','2016-07-20 17:30:09','2017-01-01 04:41:23','Armando','723-5986 Mauris Road','Yetta','netus','Benison',47,62,5338,'L8A 6Z2','Phasellus dapibus quam','Benison'),(0,9917,396,'Germane','2017-01-16 03:54:34','2018-04-01 23:31:26','Venus','9465 Ornare, St.','Breanna','elit. Nulla','Benison',44,88,5339,'M5S 2R9','arcu imperdiet ullamcorper.','Benison'),(0,8074,386,'Tiger','2018-01-05 07:06:08','2017-08-18 20:15:33','Cyrus','7397 Imperdiet Ave','Echo','vitae, erat. Vivamus','Benison',15,77,5340,'A0K 9W8','blandit enim','Benison'),(0,827,323,'Callum','2018-04-24 03:13:56','2016-06-10 01:23:35','Venus','219-5451 Nisi. Rd.','Sacha','in magna. Phasellus','Benison',3,14,5341,'K7V 4X5','semper egestas,','Benison'),(0,4857,391,'Riley','2018-04-17 16:43:52','2018-03-09 12:56:56','Isabelle','Ap #913-6360 Ut, St.','Karina','malesuada id,','Benison',37,93,5342,'F2L 7A8','tristique','Benison'),(0,8127,363,'Blake','2017-11-01 02:39:46','2018-02-18 02:00:16','Colin','4878 Donec Avenue','Naomi','tristique','Benison',46,93,5343,'R9Y 8Y6','Curabitur ut odio','Benison'),(0,3201,336,'Yael','2017-04-22 21:53:54','2017-08-08 21:54:15','Guinevere','8974 Sollicitudin St.','Addison','justo eu arcu.','Benison',39,27,5344,'U1Q 6C9','lorem fringilla ornare','Benison'),(0,9376,375,'Otto','2016-10-27 09:52:46','2018-03-11 13:49:22','Ryan','1948 Lorem Street','Neil','conubia nostra, per','Benison',26,97,5345,'U3X 7G5','posuere vulputate, lacus.','Benison'),(0,9710,404,'Liberty','2017-04-09 04:17:06','2018-05-04 15:23:34','Abbot','1582 In Road','Kitra','sit amet','Benison',47,19,5346,'J5P 1N2','Sed','Benison'),(0,8638,332,'Dale','2017-05-18 08:28:24','2017-02-11 15:33:17','Avram','7957 Mauris St.','Carly','aliquet,','Benison',8,51,5347,'B1H 0M3','Donec','Benison'),(0,6374,331,'Alisa','2018-04-27 17:05:11','2017-05-28 09:33:35','Eugenia','264-3893 Adipiscing Ave','Francis','tincidunt, neque vitae','Benison',46,8,5348,'P5A 8Z3','odio sagittis','Benison'),(0,8695,305,'Zephr','2017-04-18 02:39:08','2016-12-07 15:19:24','Cameron','781-3957 Vivamus Rd.','Aristotle','elementum','Benison',12,7,5349,'Z5N 1O0','iaculis nec, eleifend','Benison'),(0,8463,361,'Prescott','2016-07-30 07:32:52','2017-03-13 08:49:16','Demetrius','396-5528 Tincidunt Rd.','Otto','fermentum convallis','Benison',45,47,5350,'Z3M 6F8','venenatis vel, faucibus','Benison'),(0,8912,357,'Elizabeth','2016-10-23 20:52:01','2016-11-13 12:06:18','Rebekah','563-9488 Lobortis St.','Yuli','volutpat ornare,','Benison',5,34,5351,'T4J 2A6','Integer','Benison'),(0,4236,401,'Grady','2017-05-22 20:54:50','2017-05-23 00:14:29','Alice','P.O. Box 212, 8673 Non Rd.','Selma','Proin vel','Benison',7,21,5352,'Q8L 5P3','nisi dictum augue','Benison'),(0,4058,396,'Joshua','2018-02-19 10:01:52','2018-02-24 12:18:13','Evan','P.O. Box 156, 6526 Phasellus Road','Ashton','id enim. Curabitur','Benison',20,26,5353,'H3A 1U9','mauris erat eget','Benison'),(0,9940,332,'Adele','2017-10-29 12:37:25','2017-02-16 09:33:05','Wade','299-8568 Proin Ave','Ariana','penatibus','Benison',39,81,5354,'J6D 8E3','nibh','Benison'),(0,3458,357,'Quemby','2016-12-20 11:08:26','2017-08-04 08:07:07','Deirdre','Ap #236-1152 Dolor. St.','Tatum','urna,','Benison',44,35,5355,'S2A 5A1','at sem molestie','Benison'),(0,1141,320,'Kennan','2016-09-22 22:52:53','2017-03-19 04:31:25','Elizabeth','175-9450 Nonummy Av.','Matthew','a','Benison',22,20,5356,'Q7M 4E0','consequat dolor','Benison'),(0,4516,393,'Ima','2017-12-02 10:50:30','2017-11-09 21:40:33','Quintessa','Ap #448-9629 Pellentesque St.','Amy','Sed id','Benison',16,68,5357,'T5E 7S6','eget','Benison'),(0,7748,364,'Galena','2016-10-21 19:13:32','2016-10-10 07:51:00','Hasad','624 Orci St.','Charity','dui.','Benison',8,33,5358,'G3P 4O4','placerat,','Benison'),(0,2889,308,'Plato','2017-05-18 16:03:14','2016-11-02 17:50:28','Felix','P.O. Box 159, 5751 Phasellus St.','Shaeleigh','cubilia Curae;','Benison',28,34,5359,'L9M 0L8','nisi a','Benison'),(0,6859,314,'Lane','2017-04-25 22:45:52','2017-09-03 15:43:30','Clinton','984-1868 Fermentum Avenue','Zenaida','in felis.','Benison',44,61,5360,'Q8A 1B1','dui augue','Benison'),(0,9203,309,'Quentin','2017-12-21 08:27:31','2016-09-26 20:23:06','Nola','163-1138 Pede Rd.','Diana','ut cursus','Benison',46,90,5361,'R8E 3R9','neque','Benison'),(0,6380,367,'Hayfa','2016-08-25 20:15:38','2016-10-04 06:24:09','Wade','P.O. Box 563, 8859 Interdum Rd.','Kimberley','rutrum','Benison',4,34,5362,'J0V 9N2','Donec','Benison'),(0,9691,404,'Martha','2017-02-26 20:42:05','2016-12-31 16:15:18','Skyler','163 Neque Street','Virginia','felis orci,','Benison',22,73,5363,'J6G 7H5','Cum sociis','Benison'),(0,2209,391,'Theodore','2016-10-04 15:04:03','2017-05-01 23:56:11','Risa','1203 Malesuada Avenue','Warren','diam at','Benison',3,5,5364,'W0Z 7S7','ac turpis','Benison'),(0,3089,341,'Dana','2018-05-31 06:25:01','2016-07-06 02:17:30','Willow','731-8698 Sociosqu Av.','Mercedes','Etiam','Benison',19,27,5365,'U1Q 7R3','convallis','Benison'),(0,5993,339,'Tad','2017-02-21 21:20:26','2017-12-29 08:56:47','Jolene','4785 Phasellus Road','Kermit','sit','Benison',33,96,5366,'L2Q 4D4','Aliquam nec enim.','Benison'),(0,3803,337,'Hermione','2018-05-22 05:54:36','2018-03-01 23:27:48','Keaton','7289 Eget, Road','Dana','dictum','Benison',28,1,5367,'X1S 4Q1','laoreet','Benison'),(0,340,328,'Jaquelyn','2017-07-26 02:55:17','2017-08-25 13:13:11','Joshua','189-6921 Orci Rd.','Alyssa','Etiam vestibulum','Benison',32,97,5368,'S9G 2J1','convallis,','Benison'),(0,9687,305,'Darrel','2016-12-02 22:21:14','2018-02-05 09:40:01','Joy','616-7267 Phasellus Av.','Demetrius','lobortis quam','Benison',29,92,5369,'G1Q 1Y5','lacus. Ut nec','Benison'),(0,5300,313,'Katell','2016-12-01 00:08:59','2017-02-14 04:37:40','Marcia','Ap #267-4374 Amet Rd.','Salvador','Nunc mauris','Benison',39,65,5370,'S1K 0O9','orci, adipiscing non,','Benison'),(0,7440,325,'Jamal','2017-05-01 11:56:23','2016-10-26 18:23:30','Gray','685-2856 Et Av.','Tara','mauris','Benison',31,20,5371,'O6A 8X1','eget ipsum.','Benison'),(0,3580,376,'Cheryl','2016-11-11 12:37:52','2017-04-14 15:43:47','Abel','P.O. Box 782, 4343 Pede Rd.','Leslie','Nullam suscipit,','Benison',3,6,5372,'W7H 8N6','rutrum','Benison'),(0,1936,390,'Octavius','2017-09-27 11:44:29','2017-01-11 17:48:56','Justin','P.O. Box 584, 2585 Et, Street','Evelyn','aliquam, enim','Benison',4,64,5373,'Z4J 0C1','tristique neque','Benison'),(0,9636,335,'Yael','2017-09-01 12:15:05','2017-06-30 10:30:53','Lance','678-5147 Egestas Road','Fallon','ipsum leo','Benison',12,51,5374,'E6E 2X7','tincidunt. Donec vitae','Benison'),(0,2799,390,'Elaine','2016-12-26 10:45:05','2017-02-28 06:56:54','Dennis','P.O. Box 108, 5560 Sit St.','Stella','ipsum cursus vestibulum.','Benison',20,35,5375,'G5Z 6N5','tellus. Suspendisse sed','Benison'),(0,9040,374,'Brenden','2017-04-13 07:44:04','2017-03-31 00:33:04','Alfonso','364-6665 Vitae St.','Neil','purus','Benison',19,17,5376,'C8F 5E2','sed','Benison'),(0,1225,352,'Clinton','2018-03-16 11:07:06','2016-09-22 02:22:26','Tucker','6569 Metus Street','Graiden','mus.','Benison',39,24,5377,'Z5T 7S2','bibendum sed,','Benison'),(0,1779,404,'Len','2018-02-21 08:03:40','2017-09-18 15:54:57','Savannah','P.O. Box 811, 6133 Mollis. St.','Astra','a, malesuada id,','Benison',16,4,5378,'X9I 4S5','Donec','Benison'),(0,5048,368,'Isabella','2017-01-17 02:53:47','2016-10-12 22:31:02','Abdul','Ap #446-3722 Suspendisse Rd.','Hollee','sociis natoque penatibus','Benison',16,27,5379,'S7H 3M4','odio. Etiam ligula','Benison'),(0,4843,344,'Daquan','2017-05-30 07:45:58','2016-10-21 01:19:58','Dara','9910 Cursus. Av.','Jayme','justo. Proin','Benison',37,51,5380,'E4Y 6Z1','est','Benison'),(0,230,319,'Aretha','2016-10-26 19:29:12','2016-11-19 21:29:12','Ginger','896-1733 Mauris. Rd.','Anika','in magna. Phasellus','Benison',15,99,5381,'R0W 2S2','amet orci. Ut','Benison'),(0,147,395,'Hop','2016-08-14 23:53:23','2018-05-14 06:29:03','Desirae','Ap #813-4832 Dui. St.','Kelsey','scelerisque neque. Nullam','Benison',16,11,5382,'L9Y 6D8','Fusce aliquam,','Benison'),(0,1544,316,'Alden','2018-04-15 04:27:59','2016-12-18 12:30:16','Dustin','Ap #396-5150 Taciti Avenue','Yetta','nec ante.','Benison',9,89,5383,'V9E 2A3','vitae velit egestas','Benison'),(0,3540,359,'Conan','2017-01-12 22:41:19','2017-02-15 20:16:36','Felix','746-1392 Dui, Av.','Malcolm','Etiam ligula','Benison',50,27,5384,'B4R 9D9','et,','Benison'),(0,8803,376,'Julian','2016-07-24 13:32:50','2017-02-16 01:38:10','Reuben','Ap #550-2819 Libero St.','Joan','Quisque ac','Benison',8,40,5385,'Y8A 7I5','eros. Proin ultrices.','Benison'),(0,7319,356,'Maite','2018-06-06 17:57:53','2017-04-29 01:20:57','Edward','288-8967 Fringilla St.','Uriah','Nam consequat dolor','Benison',1,97,5386,'Y0D 8P1','Maecenas libero','Benison'),(0,5159,346,'Buckminster','2017-01-30 17:12:17','2016-06-16 15:10:24','Paki','Ap #512-7176 Facilisis. Road','Serena','sit','Benison',49,3,5387,'F2F 1M1','non, egestas a,','Benison'),(0,8362,397,'Wyoming','2018-04-20 19:20:49','2017-05-17 04:04:36','Nayda','3184 Vitae, Ave','Kameko','aliquet,','Benison',44,29,5388,'Q4E 5N2','mollis dui,','Benison'),(0,5241,396,'Jennifer','2016-09-07 04:00:01','2018-02-06 21:08:38','Lacey','Ap #882-5902 Vivamus Street','Otto','tellus id nunc','Benison',46,31,5389,'P8L 4X2','facilisis eget,','Benison'),(0,5752,337,'Jasper','2017-02-28 20:37:41','2017-03-11 14:56:19','Vance','4964 Accumsan Rd.','Elizabeth','ante dictum cursus.','Benison',45,82,5390,'K6I 6E7','parturient','Benison'),(0,1760,329,'Linus','2017-10-26 03:01:35','2017-05-05 12:25:14','Brady','548-8196 Gravida Avenue','Beverly','parturient','Benison',40,52,5391,'O5K 2P1','massa. Suspendisse','Benison'),(0,9607,324,'Damian','2017-09-02 18:50:08','2017-11-29 12:22:11','Honorato','P.O. Box 279, 8099 Vel, St.','Zephr','condimentum','Benison',5,53,5392,'E6L 3K3','scelerisque dui. Suspendisse','Benison'),(0,3912,355,'Colette','2017-01-21 17:21:29','2017-10-06 08:32:51','Eliana','112-717 Dis Av.','Amber','nonummy ultricies','Benison',11,79,5393,'I7M 7V8','orci lobortis augue','Benison'),(0,2758,367,'Sandra','2018-02-20 09:46:28','2018-06-03 18:51:31','Kennan','872-8573 Quam Avenue','Urielle','dolor elit,','Benison',40,44,5394,'H5C 9W1','commodo','Benison'),(0,6239,315,'Carter','2018-05-25 13:51:17','2017-03-15 11:58:51','Dominic','3209 Amet, Avenue','Carl','Suspendisse','Benison',40,90,5395,'U2A 9E7','sem ut dolor','Benison'),(0,3327,386,'Otto','2017-06-22 22:59:32','2017-04-18 02:59:03','Steel','2695 Lorem St.','Mercedes','non','Benison',4,12,5396,'C8P 0B1','tellus id nunc','Benison'),(0,5869,381,'Brendan','2017-03-12 03:07:12','2017-06-13 17:22:10','Nigel','306-2092 Morbi St.','Merritt','odio','Benison',48,46,5397,'N0L 7B4','Pellentesque habitant','Benison'),(0,8038,395,'Colleen','2016-08-01 02:41:59','2016-07-26 17:22:58','Cheryl','Ap #858-243 Dictum Rd.','Norman','eu dolor','Benison',37,79,5398,'J7Z 4Z9','dolor. Quisque','Benison'),(0,1559,368,'Dieter','2017-05-28 14:13:29','2017-06-23 13:36:56','Joy','4334 Tellus St.','Germane','ad litora torquent','Benison',47,91,5399,'L7B 7J7','eget,','Benison'),(0,2379,446,'Raymond','2017-10-09 13:23:01','2016-07-17 19:09:19','Xantha','Ap #734-9118 At Street','Whitney','et netus et','Benison',47,41,5400,'W2E 8A3','Integer','Benison'),(0,4598,437,'Frances','2016-12-24 14:45:34','2017-06-03 17:05:19','Rana','Ap #683-2558 Auctor. Av.','Tatum','mi','Benison',43,95,5401,'L2W 0P1','dis parturient montes,','Benison'),(0,9808,406,'Ursa','2017-10-27 09:23:57','2017-03-03 03:28:46','Daphne','4480 Tellus Rd.','Kevin','nisl.','Benison',2,34,5402,'C5V 9N6','orci.','Benison'),(0,6613,494,'Jerry','2016-10-23 08:17:12','2017-05-20 13:35:28','Devin','P.O. Box 837, 3302 Risus St.','Vincent','eget magna. Suspendisse','Benison',18,19,5403,'S8K 6S2','amet','Benison'),(0,5241,502,'Genevieve','2017-10-25 21:13:54','2018-04-03 19:29:56','Amena','P.O. Box 598, 1987 Eget Street','Kiara','Integer vitae nibh.','Benison',12,53,5404,'J6W 7C2','Aliquam erat volutpat.','Benison'),(0,9177,472,'Larissa','2017-05-05 13:12:47','2018-04-21 10:30:58','Casey','P.O. Box 829, 7158 Ac Ave','Zenia','ante blandit viverra.','Benison',39,67,5405,'E8C 7N7','Sed molestie. Sed','Benison'),(0,7882,453,'Reese','2016-06-29 10:21:39','2017-10-27 12:12:11','Preston','580 Sed Road','Ruth','diam at','Benison',29,58,5406,'S3Q 0J6','Phasellus','Benison'),(0,1514,435,'Kuame','2017-02-14 01:36:45','2018-05-30 01:22:24','Shafira','Ap #190-1101 Purus St.','Abraham','Pellentesque ut','Benison',50,83,5407,'C6A 8Y3','elit. Nulla','Benison'),(0,5540,496,'Randall','2017-10-03 22:10:25','2017-08-31 15:55:35','Cooper','504-5978 Amet Av.','Ray','eu tellus','Benison',15,72,5408,'D4A 2K5','lorem','Benison'),(0,5103,411,'Mannix','2017-09-25 12:27:51','2016-10-17 21:02:08','Dawn','4532 Semper, Avenue','Hayes','sapien,','Benison',48,83,5409,'K4N 6U7','pede, ultrices','Benison'),(0,8468,496,'Victoria','2018-05-16 05:47:13','2017-04-02 10:28:18','Dakota','746-4179 Eu Av.','Vance','montes,','Benison',44,31,5410,'S9F 7B6','auctor,','Benison'),(0,132,485,'Minerva','2018-03-20 22:32:23','2016-07-29 12:59:37','Myles','117 Vehicula Road','Kamal','dolor, tempus','Benison',13,37,5411,'I2Q 2H1','neque non','Benison'),(0,5134,415,'Keefe','2018-01-24 13:50:51','2017-09-08 00:46:13','Lydia','726-7888 Pharetra Road','Deirdre','euismod','Benison',2,41,5412,'Z3X 6V4','ipsum primis','Benison'),(0,1589,463,'Montana','2016-10-23 08:53:02','2018-04-20 08:23:07','Ava','P.O. Box 416, 6604 Sit Street','Delilah','Donec at','Benison',30,58,5413,'B2Y 3W9','egestas. Duis','Benison'),(0,670,447,'Owen','2017-07-17 08:17:17','2017-03-15 08:18:23','Dawn','1678 Non Rd.','Dennis','egestas rhoncus. Proin','Benison',42,43,5414,'V7C 0C0','dignissim','Benison'),(0,235,490,'Aiko','2017-08-17 04:48:25','2018-03-21 00:51:31','Mira','P.O. Box 693, 5032 Curabitur St.','Ezra','in, dolor. Fusce','Benison',30,53,5415,'A7O 7D5','a, magna. Lorem','Benison'),(0,8511,432,'Perry','2017-02-19 20:04:47','2016-11-05 23:16:28','Rhea','677-9719 Quis, St.','Griffith','porttitor tellus','Benison',41,53,5416,'O3Q 2Y8','Nullam','Benison'),(0,3395,444,'Upton','2017-12-28 23:21:06','2017-02-18 20:22:55','Wang','7448 Massa. St.','Seth','Mauris','Benison',23,80,5417,'W2O 1U9','dictum placerat, augue.','Benison'),(0,7597,437,'Yoko','2017-11-12 04:51:53','2018-04-24 05:27:11','George','3567 Vivamus Rd.','Gwendolyn','eros','Benison',28,77,5418,'E4U 3J6','Donec','Benison'),(0,2825,478,'Libby','2017-07-17 16:38:59','2017-04-05 09:22:36','Shafira','P.O. Box 182, 8647 A Street','Shoshana','facilisis facilisis,','Benison',27,26,5419,'L9P 1H6','molestie pharetra nibh.','Benison'),(0,7852,505,'Naida','2017-08-23 18:29:08','2016-08-20 12:07:08','Colleen','9029 Diam. St.','Clinton','ante','Benison',4,19,5420,'A8Z 2Q9','mattis. Cras eget','Benison'),(0,9726,473,'Jocelyn','2018-03-21 10:46:32','2017-10-26 10:37:17','Irma','8420 Purus. Ave','Kessie','non, cursus non,','Benison',7,50,5421,'G6Z 5H1','scelerisque neque.','Benison'),(0,9513,433,'Hope','2018-04-27 01:43:55','2017-08-11 10:54:59','Chase','P.O. Box 495, 4845 Fringilla Street','Drake','enim.','Benison',11,82,5422,'F4A 9O7','lacinia vitae,','Benison'),(0,422,435,'Macon','2016-08-07 06:12:58','2016-09-11 17:03:07','Risa','1213 Et Avenue','Halee','pulvinar','Benison',20,29,5423,'E6R 1Y1','leo. Cras vehicula','Benison'),(0,1627,505,'Nayda','2016-11-30 05:21:12','2016-07-20 05:47:46','Erin','6435 Pretium Avenue','Martin','arcu. Vivamus','Benison',35,75,5424,'P6H 3G1','amet metus.','Benison'),(0,2950,461,'Quin','2017-09-04 23:28:48','2017-09-15 06:41:58','Bruce','153-509 Leo, Road','Matthew','sit','Benison',49,95,5425,'Z4I 8Z0','magna nec quam.','Benison'),(0,5573,462,'Hope','2017-09-15 15:43:39','2016-07-03 01:50:46','Candace','Ap #853-5698 In Avenue','Hayley','Donec consectetuer mauris','Benison',32,55,5426,'I6B 9W9','nibh. Aliquam ornare,','Benison'),(0,6803,456,'Grant','2017-11-01 00:44:43','2017-09-13 15:27:18','Amber','Ap #511-9457 Laoreet Road','Leslie','lobortis augue scelerisque','Benison',38,94,5427,'Y0G 8K0','risus. Donec','Benison'),(0,1336,463,'Nash','2018-05-30 00:29:05','2018-03-06 16:05:45','Hedda','762-1486 Ac St.','Alfonso','sagittis semper. Nam','Benison',21,71,5428,'T8H 1M8','vel, convallis','Benison'),(0,6792,445,'Libby','2017-11-16 19:50:07','2018-04-09 06:03:13','Candice','7345 Ipsum Rd.','Cassady','lacus pede sagittis','Benison',6,38,5429,'V9W 8K2','scelerisque neque sed','Benison'),(0,5342,430,'Anika','2017-01-18 03:55:31','2016-07-12 14:42:50','Helen','700-6017 Cursus. Rd.','Violet','dui quis','Benison',9,53,5430,'D6P 5V7','tellus non','Benison'),(0,4253,407,'Judith','2018-02-13 12:52:24','2017-06-09 21:41:17','Scarlet','P.O. Box 916, 4002 Morbi St.','Naomi','ullamcorper, velit in','Benison',29,77,5431,'P4Y 1Z9','sollicitudin orci','Benison'),(0,4903,461,'Jade','2018-01-25 10:56:16','2017-06-22 18:43:48','Stone','4944 Primis Road','Donna','urna, nec luctus','Benison',15,15,5432,'C3J 5W6','facilisis non,','Benison'),(0,4994,452,'Reece','2016-06-29 01:23:52','2017-02-02 05:37:42','Bert','Ap #107-496 Massa Street','Madison','diam at','Benison',41,26,5433,'H4E 0X8','Morbi vehicula. Pellentesque','Benison'),(0,7038,413,'Cheryl','2017-07-20 19:20:42','2017-02-21 01:14:49','Russell','P.O. Box 388, 3269 Pede. Street','Ishmael','lorem semper','Benison',18,85,5434,'C7I 5W9','Phasellus dapibus','Benison'),(0,14,450,'Hermione','2017-07-23 02:46:22','2017-03-22 16:36:00','Julian','P.O. Box 766, 6401 Ultrices, Avenue','Daryl','Nulla','Benison',27,25,5435,'X9F 5F0','luctus aliquet odio.','Benison'),(0,3768,503,'Holmes','2017-06-09 12:31:21','2017-01-20 06:58:01','Jaime','P.O. Box 662, 1651 Cursus Rd.','Malcolm','risus. Donec','Benison',33,83,5436,'Z5E 5E9','Nulla facilisi.','Benison'),(0,6102,466,'Kylan','2017-03-31 02:15:23','2018-04-11 04:13:10','Fredericka','211-8023 Nisl Av.','Quinn','in','Benison',14,95,5437,'K3V 8B8','parturient','Benison'),(0,5966,471,'Thaddeus','2016-08-28 07:16:05','2017-07-05 08:06:02','Paul','4095 Malesuada St.','Harrison','lorem, luctus','Benison',18,43,5438,'S3M 0F0','enim.','Benison'),(0,6583,436,'Guinevere','2016-11-19 09:11:07','2016-11-10 23:29:23','Carla','P.O. Box 291, 8013 Dictum Av.','Kimberly','eros.','Benison',17,9,5439,'E2M 5G4','Proin velit. Sed','Benison'),(0,4674,482,'Melyssa','2018-01-19 17:25:26','2016-12-03 08:58:53','Eden','P.O. Box 338, 1280 Dictum Av.','Cathleen','lorem ut aliquam','Benison',3,72,5440,'V7F 8V5','Nullam ut','Benison'),(0,1541,450,'Bruno','2018-04-29 22:34:52','2017-10-30 04:15:18','Jason','729-601 At, Rd.','Paula','lorem lorem, luctus','Benison',8,44,5441,'K4H 7C9','luctus et','Benison'),(0,2312,416,'Jermaine','2017-06-23 23:05:53','2017-03-07 22:31:14','Steel','P.O. Box 861, 8771 Facilisis Av.','Erin','ultricies ornare, elit','Benison',25,71,5442,'K9F 2M0','tristique','Benison'),(0,2239,428,'Cairo','2017-12-18 04:19:44','2016-12-04 05:36:04','Adara','Ap #909-2776 Ac, Street','Troy','nunc.','Benison',49,42,5443,'Q5S 8D4','vitae nibh.','Benison'),(0,9494,504,'Lucian','2017-05-22 15:05:48','2017-08-01 07:14:13','Flavia','963-4335 Justo Rd.','Patrick','odio sagittis','Benison',34,67,5444,'Z4O 0X8','interdum.','Benison'),(0,8376,467,'Kermit','2018-03-09 18:17:04','2016-08-01 23:20:15','September','564-1221 Ut, Road','Alexandra','aliquet. Phasellus fermentum','Benison',17,52,5445,'F0T 1C3','lorem semper auctor.','Benison'),(0,8122,466,'Nomlanga','2017-09-08 05:22:54','2017-06-12 21:06:37','Bell','Ap #534-6928 Varius. Road','Nola','elit','Benison',25,42,5446,'T8L 5U7','Phasellus dapibus quam','Benison'),(0,1977,488,'Myles','2017-09-24 15:42:25','2018-01-10 23:14:28','Hu','P.O. Box 999, 9899 Sed St.','Ali','Fusce mollis.','Benison',29,46,5447,'S7N 5Q1','nascetur ridiculus','Benison'),(0,6476,459,'Belle','2016-08-24 11:31:26','2017-05-05 04:49:33','Ciaran','Ap #602-9036 Consequat Street','Signe','sed,','Benison',36,12,5448,'P8A 7I0','auctor, velit eget','Benison'),(0,1804,486,'Hiroko','2017-04-03 11:03:12','2017-01-21 23:34:04','George','8898 Magna Av.','Kyla','egestas a,','Benison',26,66,5449,'X1L 5K2','Nunc laoreet lectus','Benison'),(0,150,463,'Sade','2018-02-01 21:13:35','2018-03-30 12:21:08','Erasmus','P.O. Box 109, 415 Non St.','Mona','Aenean sed pede','Benison',4,67,5450,'N9D 7O5','massa lobortis ultrices.','Benison'),(0,238,439,'Noble','2016-09-15 06:23:48','2016-10-29 06:06:02','Daryl','191-8473 Etiam St.','Lewis','erat. Etiam vestibulum','Benison',34,18,5451,'W1P 8Q5','Nullam scelerisque','Benison'),(0,7138,465,'Risa','2017-09-14 00:31:35','2017-08-17 05:04:58','Murphy','P.O. Box 338, 4587 Ridiculus Street','Hedwig','tincidunt aliquam arcu.','Benison',40,10,5452,'K8C 7C8','erat, eget','Benison'),(0,7250,490,'Ashton','2016-06-19 23:02:53','2017-07-21 04:36:32','Joy','Ap #285-1409 Gravida Ave','Quon','scelerisque','Benison',5,88,5453,'I7X 4U1','placerat, orci lacus','Benison'),(0,167,468,'Sopoline','2017-03-19 21:20:35','2017-02-05 22:48:12','Audra','311-7632 Dapibus St.','Jermaine','dictum','Benison',24,85,5454,'O3B 7L8','amet','Benison'),(0,7019,461,'Martin','2017-07-16 06:42:19','2017-11-15 07:45:47','Carl','P.O. Box 103, 2767 Tristique Av.','Katelyn','volutpat','Benison',30,19,5455,'K6P 8H6','malesuada fames ac','Benison'),(0,2326,498,'Sloane','2017-06-08 20:48:29','2018-05-11 15:06:30','Belle','2089 Nibh. St.','Sebastian','a, facilisis non,','Benison',8,48,5456,'Z1H 6T4','dolor quam,','Benison'),(0,689,480,'Bo','2018-05-09 18:05:30','2016-08-27 12:11:21','Kaye','5443 Ultricies St.','Stephanie','In','Benison',26,28,5457,'D3A 8O3','nunc. In','Benison'),(0,8815,440,'Maggie','2017-04-23 23:36:22','2016-12-15 19:23:49','Tad','P.O. Box 433, 3580 Eu Rd.','Leandra','mi','Benison',18,41,5458,'G3Q 9Q0','eu','Benison'),(0,7378,436,'Suki','2017-11-06 11:07:36','2017-05-30 13:32:12','Tyrone','Ap #881-5373 Lorem, Street','Hollee','Nullam ut','Benison',3,28,5459,'N5L 7N9','Nullam velit','Benison'),(0,4522,443,'Calista','2017-01-28 02:34:34','2017-01-25 22:25:12','Nyssa','135-4793 Posuere Rd.','Madeline','mauris. Integer','Benison',12,7,5460,'M1G 7K3','semper cursus. Integer','Benison'),(0,7648,504,'Briar','2018-04-01 16:24:00','2017-03-17 06:25:45','Asher','Ap #128-4279 Lectus Road','Ina','vel','Benison',30,24,5461,'R1Q 2U7','ut cursus','Benison'),(0,2762,455,'Cassady','2017-04-05 02:02:21','2018-03-20 14:41:28','Kareem','Ap #689-2571 Eros Road','Wing','dolor sit','Benison',18,50,5462,'W5T 9K4','erat vitae risus.','Benison'),(0,7549,485,'Ashely','2016-09-28 15:01:37','2017-07-17 04:01:04','Susan','P.O. Box 757, 8632 In Street','Buckminster','vitae,','Benison',45,35,5463,'F5D 6V0','tincidunt pede ac','Benison'),(0,2662,471,'Kelsey','2016-12-16 20:51:59','2017-12-06 23:56:53','Carl','321-7042 Risus. Ave','Caldwell','Nunc','Benison',8,99,5464,'R4Z 1N9','adipiscing','Benison'),(0,9014,501,'Brooke','2017-03-21 16:07:00','2017-05-14 12:43:33','Erasmus','3089 Odio. Av.','Chanda','justo sit amet','Benison',18,44,5465,'A2A 7T2','nisl.','Benison'),(0,1467,427,'Rose','2017-10-20 13:36:35','2016-08-13 14:26:13','Hop','P.O. Box 727, 3014 Nec Ave','Oprah','arcu. Nunc','Benison',30,2,5466,'W0V 5W5','hendrerit','Benison'),(0,5079,418,'Tatiana','2017-08-30 14:28:14','2017-04-18 08:50:22','Ali','P.O. Box 650, 748 Ut, Street','Noelle','in,','Benison',10,70,5467,'W3H 4P7','erat.','Benison'),(0,7317,450,'Miranda','2018-04-15 18:19:36','2018-04-02 11:56:25','Maite','908 Amet St.','Mikayla','arcu iaculis','Benison',28,39,5468,'P0Z 9L5','consectetuer, cursus','Benison'),(0,8286,493,'Ainsley','2017-03-18 14:53:46','2017-08-17 02:14:27','William','8676 Lacinia. Rd.','Roth','non enim. Mauris','Benison',9,60,5469,'M4H 2S3','imperdiet','Benison'),(0,9741,406,'Micah','2017-07-23 20:48:34','2016-11-09 19:18:11','Hanna','5967 Dictum. Street','Roary','adipiscing elit.','Benison',33,36,5470,'S6K 7A2','Quisque varius. Nam','Benison'),(0,7226,446,'Clare','2017-06-06 15:25:47','2017-04-05 08:45:00','Destiny','2115 Sed, Avenue','Gray','tristique pellentesque,','Benison',28,54,5471,'X1D 6G1','pede, nonummy','Benison'),(0,4949,426,'Nadine','2017-11-15 16:16:21','2017-08-18 14:32:18','Flynn','Ap #381-4647 Fusce Rd.','Jelani','sit','Benison',10,41,5472,'C2Q 7I3','interdum','Benison'),(0,3415,423,'Bert','2016-10-03 22:51:19','2017-07-11 05:12:12','Armand','P.O. Box 243, 2443 Sed St.','Zoe','imperdiet, erat nonummy','Benison',14,82,5473,'E3V 5U4','vitae nibh.','Benison'),(0,4796,499,'Gregory','2017-09-13 17:18:23','2018-02-17 15:20:42','Catherine','7656 Donec Ave','Lee','sit','Benison',20,100,5474,'K6K 0X8','odio.','Benison'),(0,3799,427,'Constance','2017-05-12 07:40:36','2016-10-26 21:34:00','Yasir','697 Nisi. Av.','Phoebe','Nunc ullamcorper,','Benison',13,56,5475,'W1U 7A2','interdum','Benison'),(0,6613,483,'Adele','2017-02-10 15:37:29','2016-08-05 21:49:39','Elaine','816-9698 Feugiat Av.','Hu','molestie dapibus ligula.','Benison',29,59,5476,'P1V 6S6','a, malesuada id,','Benison'),(0,842,485,'Carissa','2018-05-01 21:13:20','2017-08-06 08:45:34','Garrison','P.O. Box 435, 1498 Felis Street','Lavinia','ipsum dolor sit','Benison',31,49,5477,'L6B 9G9','nec orci.','Benison'),(0,1173,410,'Frances','2017-06-19 04:31:58','2017-03-12 04:49:10','Jarrod','578-2781 Consequat Avenue','Marsden','Donec felis orci,','Benison',20,12,5478,'W0H 1K7','blandit','Benison'),(0,2043,473,'Michelle','2018-04-29 22:52:44','2018-05-28 12:43:03','Idola','282-5966 Consectetuer Av.','Steel','netus et malesuada','Benison',33,100,5479,'R1X 4V3','sit amet','Benison'),(0,1377,503,'Hyatt','2016-06-29 20:19:24','2016-08-15 11:32:05','Jasmine','P.O. Box 370, 5233 Odio Street','Karyn','fermentum','Benison',8,43,5480,'N3J 8A7','tincidunt,','Benison'),(0,4743,420,'Castor','2016-08-19 06:01:31','2017-06-05 02:23:42','Callie','P.O. Box 175, 8063 Egestas. St.','Kiara','odio sagittis semper.','Benison',31,40,5481,'E6B 3N3','id','Benison'),(0,7373,504,'Russell','2018-03-08 00:11:28','2017-06-08 20:46:00','Declan','479-9682 Urna. Street','Glenna','augue malesuada','Benison',46,86,5482,'L6I 8X4','rutrum urna, nec','Benison'),(0,9543,422,'Aquila','2017-10-24 22:06:39','2017-03-01 06:29:58','Addison','1758 Tellus. St.','Randall','cursus luctus, ipsum','Benison',27,69,5483,'K1N 8E3','in faucibus orci','Benison'),(0,6012,437,'Indigo','2017-01-21 12:59:07','2017-04-30 16:15:50','Vaughan','225-4916 Vel, Street','Calista','molestie tortor','Benison',27,74,5484,'Z5S 9V3','fames ac','Benison'),(0,8740,460,'Ivan','2017-06-26 21:52:44','2017-02-26 13:06:45','Ivana','Ap #203-8481 Etiam Avenue','Leroy','Pellentesque ut ipsum','Benison',4,47,5485,'C0L 4M9','metus','Benison'),(0,1379,474,'Christen','2016-12-18 08:34:07','2016-10-30 23:32:05','Reese','P.O. Box 771, 2470 Cursus Rd.','Sybill','Mauris vel','Benison',46,10,5486,'B2O 5B2','magna. Duis dignissim','Benison'),(0,2106,407,'Rhiannon','2017-12-21 20:02:43','2018-04-03 16:44:43','Cairo','Ap #110-9419 Congue Rd.','Aimee','libero est,','Benison',10,21,5487,'D8A 4X6','ac','Benison'),(0,627,452,'Griffith','2017-10-19 09:39:04','2018-05-12 04:04:24','Amir','P.O. Box 410, 3201 Cursus Street','Adam','tellus. Suspendisse sed','Benison',41,32,5488,'A1U 5E7','sed','Benison'),(0,177,406,'Quon','2018-06-04 13:54:43','2017-12-11 16:54:58','Fallon','P.O. Box 288, 501 Magna. Ave','Aidan','sem. Pellentesque ut','Benison',24,29,5489,'S1E 7X2','sem ut','Benison'),(0,1232,485,'Nora','2016-08-14 21:02:47','2016-12-29 15:27:01','Uta','3056 Mi Ave','Timon','quis arcu vel','Benison',29,6,5490,'A7Q 8K7','elementum','Benison'),(0,2554,494,'Kameko','2016-09-23 12:45:20','2016-08-05 22:37:51','Mariko','P.O. Box 720, 7494 Vel, Avenue','Mufutau','consequat, lectus','Benison',34,25,5491,'A9R 1R8','mauris eu elit.','Benison'),(0,9060,482,'Jada','2016-12-26 17:26:54','2016-10-07 12:47:23','Avye','P.O. Box 183, 7517 Facilisis Rd.','Quincy','netus','Benison',38,5,5492,'Q3A 2Y4','Suspendisse sed','Benison'),(0,4407,405,'Hayfa','2017-11-23 10:43:56','2017-03-11 09:40:48','Quon','9888 Integer Av.','Georgia','Donec','Benison',40,88,5493,'B6P 9E3','metus.','Benison'),(0,71,448,'Christopher','2016-08-31 00:39:59','2017-11-11 12:32:42','Tashya','698-8213 Sagittis St.','Belle','ac turpis egestas.','Benison',41,19,5494,'B9E 4V2','convallis ligula.','Benison'),(0,4309,462,'Ryder','2017-07-22 17:45:51','2016-09-22 17:44:45','Linda','7990 Consectetuer St.','Madeline','sapien. Nunc','Benison',49,53,5495,'Z6K 1H6','orci quis','Benison'),(0,6879,472,'Kermit','2017-10-03 22:51:54','2017-05-08 05:19:56','Holmes','883-778 Non, Street','Brian','sem','Benison',21,20,5496,'N0F 4E5','neque sed','Benison'),(0,9860,434,'Darryl','2017-03-27 17:38:31','2016-09-06 11:28:19','Hillary','165-7436 Ac Ave','Jarrod','dolor.','Benison',19,76,5497,'M3Y 1H5','Sed eget','Benison'),(0,9725,475,'Amelia','2016-11-17 11:36:32','2017-08-03 09:54:04','Abigail','P.O. Box 907, 9541 Elementum Ave','Camden','dolor.','Benison',32,60,5498,'E3L 2X1','eget massa.','Benison'),(0,2809,421,'Kyle','2017-01-07 15:42:05','2017-07-03 03:47:08','Nerea','P.O. Box 763, 3013 Nec Street','Gillian','fermentum vel,','Benison',42,60,5499,'T9A 0D4','amet risus.','Benison');

/*Table structure for table `invoicePayment` */

DROP TABLE IF EXISTS `invoicePayment`;

CREATE TABLE `invoicePayment` (
  `payId` int(11) NOT NULL AUTO_INCREMENT,
  `amount` double DEFAULT NULL,
  `invId` int(11) DEFAULT NULL,
  `notes` varchar(255) DEFAULT NULL,
  `payDate` datetime DEFAULT NULL,
  `rpId` int(11) DEFAULT NULL,
  PRIMARY KEY (`payId`),
  KEY `invId` (`invId`),
  KEY `rpId` (`rpId`),
  CONSTRAINT `invoicePayment_ibfk_1` FOREIGN KEY (`invId`) REFERENCES `invoiceMaster` (`invId`),
  CONSTRAINT `invoicePayment_ibfk_2` FOREIGN KEY (`rpId`) REFERENCES `rawPayment` (`rpId`)
) ENGINE=InnoDB DEFAULT CHARSET=latin1;

/*Data for the table `invoicePayment` */

/*Table structure for table `invoiceTrackingList` */

DROP TABLE IF EXISTS `invoiceTrackingList`;

CREATE TABLE `invoiceTrackingList` (
  `invId` int(11) DEFAULT NULL,
  `carrier` varchar(50) NOT NULL,
  `trackingNumber` varchar(80) NOT NULL,
  `trackId` int(11) NOT NULL AUTO_INCREMENT,
  `shipId` int(11) DEFAULT NULL,
  PRIMARY KEY (`trackId`),
  KEY `SHIPID` (`shipId`),
  KEY `invId` (`invId`),
  CONSTRAINT `invoiceTrackingList_ibfk_1` FOREIGN KEY (`shipId`) REFERENCES `shipMaster` (`shipId`),
  CONSTRAINT `invoiceTrackingList_ibfk_2` FOREIGN KEY (`invId`) REFERENCES `invoiceMaster` (`invId`)
) ENGINE=InnoDB DEFAULT CHARSET=latin1;

/*Data for the table `invoiceTrackingList` */

/*Table structure for table `jobItem` */

DROP TABLE IF EXISTS `jobItem`;

CREATE TABLE `jobItem` (
  `jobItemId` int(11) NOT NULL AUTO_INCREMENT,
  `invoiceItemId` int(11) DEFAULT NULL,
  `quantity` int(11) DEFAULT NULL,
  `jobId` int(11) DEFAULT NULL,
  PRIMARY KEY (`jobItemId`),
  KEY `jobId` (`jobId`),
  KEY `modelId` (`invoiceItemId`),
  CONSTRAINT `JobItem_FK_1` FOREIGN KEY (`jobId`) REFERENCES `jobMaster` (`jobId`),
  CONSTRAINT `jobItem_ibfk_1` FOREIGN KEY (`invoiceItemId`) REFERENCES `invoiceItem` (`invoiceItemId`)
) ENGINE=InnoDB AUTO_INCREMENT=14500 DEFAULT CHARSET=latin1;

/*Data for the table `jobItem` */

insert  into `jobItem`(`jobItemId`,`invoiceItemId`,`quantity`,`jobId`) values (14000,6021,7,12079),(14001,6052,9,12075),(14002,6093,4,12032),(14003,6066,1,12059),(14004,6065,5,12052),(14005,6024,5,12081),(14006,6032,9,12036),(14007,6000,3,12030),(14008,6048,3,12034),(14009,6062,3,12099),(14010,6010,5,12006),(14011,6036,5,12035),(14012,6057,9,12087),(14013,6045,3,12054),(14014,6064,2,12043),(14015,6020,5,12009),(14016,6006,8,12084),(14017,6028,5,12096),(14018,6004,7,12014),(14019,6069,2,12028),(14020,6042,10,12060),(14021,6099,3,12051),(14022,6099,10,12036),(14023,6012,2,12079),(14024,6067,10,12093),(14025,6024,10,12079),(14026,6006,4,12015),(14027,6065,3,12040),(14028,6053,2,12070),(14029,6060,10,12099),(14030,6032,4,12041),(14031,6066,2,12032),(14032,6067,4,12064),(14033,6017,9,12042),(14034,6000,6,12021),(14035,6056,4,12066),(14036,6085,4,12084),(14037,6097,2,12077),(14038,6034,4,12076),(14039,6013,8,12083),(14040,6050,6,12045),(14041,6083,2,12024),(14042,6070,6,12080),(14043,6059,8,12052),(14044,6035,4,12082),(14045,6092,2,12032),(14046,6095,7,12006),(14047,6002,8,12005),(14048,6079,8,12077),(14049,6066,3,12078),(14050,6006,2,12075),(14051,6028,5,12075),(14052,6085,3,12083),(14053,6054,7,12007),(14054,6027,5,12026),(14055,6094,1,12004),(14056,6078,3,12023),(14057,6079,10,12094),(14058,6036,6,12080),(14059,6059,8,12069),(14060,6027,6,12072),(14061,6083,5,12095),(14062,6055,6,12026),(14063,6065,9,12044),(14064,6074,2,12033),(14065,6068,6,12067),(14066,6046,1,12017),(14067,6074,8,12053),(14068,6068,6,12050),(14069,6017,5,12051),(14070,6094,4,12008),(14071,6079,6,12029),(14072,6093,10,12036),(14073,6050,2,12030),(14074,6084,8,12058),(14075,6031,7,12075),(14076,6008,2,12086),(14077,6027,7,12064),(14078,6009,7,12057),(14079,6098,7,12034),(14080,6068,4,12013),(14081,6069,4,12053),(14082,6081,5,12067),(14083,6038,6,12051),(14084,6071,2,12076),(14085,6019,3,12098),(14086,6077,5,12037),(14087,6006,8,12010),(14088,6055,1,12017),(14089,6048,9,12003),(14090,6076,3,12039),(14091,6085,8,12078),(14092,6004,7,12095),(14093,6042,1,12088),(14094,6012,8,12033),(14095,6082,1,12085),(14096,6039,2,12085),(14097,6042,2,12080),(14098,6072,2,12059),(14099,6022,3,12053),(14100,6135,1,12137),(14101,6150,3,12158),(14102,6110,4,12105),(14103,6101,5,12120),(14104,6127,3,12146),(14105,6142,1,12127),(14106,6190,8,12106),(14107,6151,9,12116),(14108,6173,5,12144),(14109,6120,6,12192),(14110,6102,3,12156),(14111,6178,2,12158),(14112,6168,6,12159),(14113,6130,1,12140),(14114,6132,10,12152),(14115,6173,9,12104),(14116,6117,4,12154),(14117,6197,3,12184),(14118,6193,3,12141),(14119,6140,2,12120),(14120,6131,5,12164),(14121,6185,5,12164),(14122,6162,4,12155),(14123,6112,4,12118),(14124,6172,9,12147),(14125,6148,2,12161),(14126,6180,7,12159),(14127,6162,6,12103),(14128,6192,3,12151),(14129,6152,9,12157),(14130,6152,9,12148),(14131,6185,6,12158),(14132,6127,7,12138),(14133,6124,3,12146),(14134,6127,2,12138),(14135,6149,4,12126),(14136,6198,2,12134),(14137,6197,4,12153),(14138,6132,10,12133),(14139,6121,9,12126),(14140,6108,9,12146),(14141,6191,6,12193),(14142,6102,9,12187),(14143,6115,1,12181),(14144,6106,2,12102),(14145,6192,10,12116),(14146,6186,8,12106),(14147,6128,8,12177),(14148,6173,6,12109),(14149,6102,8,12117),(14150,6136,2,12156),(14151,6181,7,12127),(14152,6159,5,12139),(14153,6177,2,12161),(14154,6178,5,12191),(14155,6178,5,12127),(14156,6105,3,12178),(14157,6185,4,12107),(14158,6117,7,12184),(14159,6149,5,12108),(14160,6167,1,12112),(14161,6136,1,12102),(14162,6106,8,12192),(14163,6115,6,12153),(14164,6187,5,12132),(14165,6160,1,12148),(14166,6185,8,12158),(14167,6112,6,12133),(14168,6199,1,12115),(14169,6139,6,12107),(14170,6181,7,12173),(14171,6147,7,12166),(14172,6143,8,12104),(14173,6157,10,12149),(14174,6106,5,12188),(14175,6114,6,12134),(14176,6137,6,12127),(14177,6124,8,12167),(14178,6135,9,12175),(14179,6171,7,12168),(14180,6192,8,12162),(14181,6143,1,12193),(14182,6148,7,12101),(14183,6138,7,12110),(14184,6155,8,12132),(14185,6170,1,12110),(14186,6181,3,12165),(14187,6148,2,12110),(14188,6114,9,12155),(14189,6119,5,12196),(14190,6175,7,12160),(14191,6134,1,12126),(14192,6180,10,12104),(14193,6172,1,12183),(14194,6146,8,12173),(14195,6133,9,12168),(14196,6118,1,12126),(14197,6161,3,12184),(14198,6127,9,12180),(14199,6136,6,12123),(14200,6213,3,12232),(14201,6259,3,12242),(14202,6298,3,12215),(14203,6272,5,12216),(14204,6278,7,12262),(14205,6215,3,12202),(14206,6256,3,12256),(14207,6249,3,12236),(14208,6263,5,12232),(14209,6280,6,12235),(14210,6252,2,12272),(14211,6240,9,12276),(14212,6224,1,12279),(14213,6272,4,12263),(14214,6217,10,12240),(14215,6270,9,12274),(14216,6202,5,12238),(14217,6252,6,12235),(14218,6247,4,12212),(14219,6285,6,12260),(14220,6297,10,12275),(14221,6293,10,12292),(14222,6293,6,12255),(14223,6221,1,12200),(14224,6285,3,12295),(14225,6267,2,12230),(14226,6257,7,12254),(14227,6282,4,12287),(14228,6254,5,12269),(14229,6219,9,12214),(14230,6274,8,12287),(14231,6269,1,12212),(14232,6224,1,12236),(14233,6262,5,12220),(14234,6298,6,12262),(14235,6251,2,12270),(14236,6227,9,12239),(14237,6269,1,12257),(14238,6280,1,12212),(14239,6232,7,12278),(14240,6267,3,12209),(14241,6242,5,12252),(14242,6208,2,12291),(14243,6279,3,12203),(14244,6241,2,12207),(14245,6251,8,12241),(14246,6251,4,12291),(14247,6216,5,12219),(14248,6218,7,12227),(14249,6246,5,12246),(14250,6226,10,12296),(14251,6238,8,12296),(14252,6220,10,12203),(14253,6257,1,12244),(14254,6256,10,12227),(14255,6235,8,12259),(14256,6213,9,12289),(14257,6288,9,12243),(14258,6206,1,12232),(14259,6238,5,12251),(14260,6277,4,12288),(14261,6217,6,12211),(14262,6269,10,12218),(14263,6293,8,12294),(14264,6287,8,12200),(14265,6222,2,12248),(14266,6255,10,12208),(14267,6299,2,12270),(14268,6203,1,12219),(14269,6230,10,12236),(14270,6290,1,12243),(14271,6229,3,12209),(14272,6236,2,12201),(14273,6204,9,12255),(14274,6238,5,12262),(14275,6279,1,12264),(14276,6207,6,12222),(14277,6232,7,12232),(14278,6289,4,12226),(14279,6262,5,12218),(14280,6226,1,12237),(14281,6299,4,12221),(14282,6263,3,12215),(14283,6275,6,12262),(14284,6282,3,12263),(14285,6219,1,12211),(14286,6230,9,12235),(14287,6219,7,12258),(14288,6282,1,12236),(14289,6284,8,12239),(14290,6285,8,12233),(14291,6225,2,12283),(14292,6260,1,12263),(14293,6277,1,12228),(14294,6278,7,12278),(14295,6247,9,12217),(14296,6248,2,12291),(14297,6214,1,12276),(14298,6228,2,12282),(14299,6297,2,12200),(14300,6377,3,12392),(14301,6373,8,12397),(14302,6316,8,12303),(14303,6308,4,12313),(14304,6387,9,12315),(14305,6399,3,12308),(14306,6362,6,12323),(14307,6399,8,12303),(14308,6313,9,12329),(14309,6310,2,12399),(14310,6332,6,12320),(14311,6375,8,12365),(14312,6338,1,12338),(14313,6328,5,12349),(14314,6387,1,12371),(14315,6355,4,12326),(14316,6377,3,12323),(14317,6397,10,12318),(14318,6302,3,12388),(14319,6349,9,12399),(14320,6364,6,12371),(14321,6310,9,12320),(14322,6326,3,12344),(14323,6362,8,12359),(14324,6381,10,12311),(14325,6383,5,12306),(14326,6328,5,12382),(14327,6345,1,12312),(14328,6317,1,12356),(14329,6329,7,12365),(14330,6321,7,12306),(14331,6345,4,12345),(14332,6389,2,12306),(14333,6396,4,12332),(14334,6356,9,12322),(14335,6328,7,12304),(14336,6310,8,12308),(14337,6309,3,12398),(14338,6329,7,12383),(14339,6312,4,12351),(14340,6334,8,12398),(14341,6330,9,12348),(14342,6330,3,12341),(14343,6316,3,12377),(14344,6309,4,12363),(14345,6339,7,12380),(14346,6358,1,12390),(14347,6328,4,12309),(14348,6361,10,12323),(14349,6344,9,12349),(14350,6337,2,12300),(14351,6349,3,12336),(14352,6373,2,12370),(14353,6316,4,12309),(14354,6371,8,12317),(14355,6367,3,12332),(14356,6340,7,12398),(14357,6351,3,12320),(14358,6325,7,12377),(14359,6384,4,12378),(14360,6364,6,12372),(14361,6391,2,12330),(14362,6371,5,12381),(14363,6382,4,12306),(14364,6302,10,12356),(14365,6314,7,12331),(14366,6307,1,12315),(14367,6351,2,12392),(14368,6316,7,12340),(14369,6330,4,12387),(14370,6322,6,12363),(14371,6331,9,12328),(14372,6380,6,12387),(14373,6337,3,12317),(14374,6337,7,12347),(14375,6371,3,12352),(14376,6362,7,12341),(14377,6328,5,12355),(14378,6329,4,12349),(14379,6307,10,12396),(14380,6317,1,12379),(14381,6355,10,12327),(14382,6372,1,12379),(14383,6311,10,12393),(14384,6384,8,12325),(14385,6329,9,12345),(14386,6369,5,12399),(14387,6368,2,12377),(14388,6337,5,12392),(14389,6392,5,12384),(14390,6349,7,12324),(14391,6395,4,12356),(14392,6337,3,12365),(14393,6327,8,12348),(14394,6367,10,12321),(14395,6350,7,12353),(14396,6339,4,12383),(14397,6377,3,12390),(14398,6372,3,12306),(14399,6377,3,12386),(14400,6497,5,12453),(14401,6431,8,12411),(14402,6483,9,12412),(14403,6401,9,12461),(14404,6429,2,12487),(14405,6431,1,12488),(14406,6437,1,12424),(14407,6498,4,12417),(14408,6453,7,12431),(14409,6406,2,12402),(14410,6478,1,12477),(14411,6422,6,12478),(14412,6403,7,12480),(14413,6491,8,12408),(14414,6480,8,12447),(14415,6467,4,12407),(14416,6418,3,12439),(14417,6420,10,12482),(14418,6448,6,12495),(14419,6413,4,12411),(14420,6426,6,12410),(14421,6413,6,12444),(14422,6405,6,12471),(14423,6466,6,12480),(14424,6421,9,12424),(14425,6449,7,12488),(14426,6487,6,12451),(14427,6463,4,12420),(14428,6428,5,12465),(14429,6420,1,12460),(14430,6433,9,12430),(14431,6498,6,12447),(14432,6490,10,12479),(14433,6424,6,12438),(14434,6431,9,12456),(14435,6465,1,12447),(14436,6434,10,12456),(14437,6427,1,12486),(14438,6486,3,12416),(14439,6438,10,12449),(14440,6445,5,12496),(14441,6404,2,12496),(14442,6425,7,12496),(14443,6455,7,12470),(14444,6407,9,12432),(14445,6471,1,12444),(14446,6461,1,12494),(14447,6423,4,12431),(14448,6433,8,12445),(14449,6460,4,12441),(14450,6456,6,12413),(14451,6456,8,12489),(14452,6432,9,12454),(14453,6456,9,12427),(14454,6431,5,12422),(14455,6480,10,12472),(14456,6495,7,12404),(14457,6428,6,12498),(14458,6427,3,12472),(14459,6447,2,12486),(14460,6481,7,12455),(14461,6450,6,12404),(14462,6498,5,12426),(14463,6481,3,12406),(14464,6444,6,12483),(14465,6417,5,12482),(14466,6425,4,12464),(14467,6492,6,12466),(14468,6416,9,12400),(14469,6442,8,12413),(14470,6455,10,12475),(14471,6414,3,12473),(14472,6430,7,12452),(14473,6453,2,12497),(14474,6490,8,12449),(14475,6434,10,12474),(14476,6417,8,12460),(14477,6449,1,12486),(14478,6405,6,12488),(14479,6406,10,12422),(14480,6410,3,12431),(14481,6415,8,12497),(14482,6468,1,12481),(14483,6413,1,12468),(14484,6498,9,12465),(14485,6478,6,12487),(14486,6499,4,12407),(14487,6484,6,12496),(14488,6438,8,12486),(14489,6411,8,12404),(14490,6407,10,12493),(14491,6452,2,12497),(14492,6454,4,12456),(14493,6451,5,12453),(14494,6489,3,12471),(14495,6441,6,12456),(14496,6427,8,12440),(14497,6430,7,12491),(14498,6453,10,12409),(14499,6441,10,12451);

/*Table structure for table `jobItemSubProduct` */

DROP TABLE IF EXISTS `jobItemSubProduct`;

CREATE TABLE `jobItemSubProduct` (
  `jobitemsubproductId` int(11) NOT NULL AUTO_INCREMENT,
  `jobItemId` int(11) NOT NULL,
  `invoiceitemsubproductId` int(11) NOT NULL,
  PRIMARY KEY (`jobitemsubproductId`),
  KEY `jobItemId_idx` (`jobItemId`),
  KEY `invoiceItemSubProductId_idx` (`invoiceitemsubproductId`),
  CONSTRAINT `invoiceitemsubproductId` FOREIGN KEY (`invoiceitemsubproductId`) REFERENCES `invoiceItemSubProduct` (`invoiceitemsubproductId`),
  CONSTRAINT `jobItemId` FOREIGN KEY (`jobItemId`) REFERENCES `jobItem` (`jobItemId`)
) ENGINE=InnoDB AUTO_INCREMENT=16504 DEFAULT CHARSET=latin1;

/*Data for the table `jobItemSubProduct` */

insert  into `jobItemSubProduct`(`jobitemsubproductId`,`jobItemId`,`invoiceitemsubproductId`) values (16000,14053,9026),(16001,14017,9048),(16002,14033,9048),(16003,14076,9023),(16004,14031,9071),(16005,14056,9021),(16006,14001,9002),(16007,14035,9011),(16008,14091,9092),(16009,14081,9024),(16010,14079,9089),(16011,14080,9061),(16012,14088,9023),(16013,14056,9023),(16014,14055,9036),(16015,14008,9046),(16016,14025,9004),(16017,14091,9088),(16018,14007,9042),(16019,14045,9091),(16020,14003,9016),(16021,14034,9046),(16022,14023,9063),(16023,14094,9093),(16024,14073,9048),(16026,14026,9006),(16027,14018,9056),(16028,14018,9002),(16029,14017,9045),(16030,14030,9024),(16031,14073,9064),(16032,14013,9002),(16033,14094,9060),(16034,14071,9049),(16035,14019,9065),(16036,14043,9048),(16037,14043,9032),(16038,14054,9014),(16039,14076,9060),(16040,14099,9094),(16042,14098,9071),(16043,14082,9079),(16044,14096,9073),(16045,14043,9094),(16046,14003,9086),(16047,14003,9094),(16048,14077,9056),(16049,14096,9063),(16050,14073,9001),(16051,14061,9006),(16052,14069,9014),(16053,14029,9065),(16054,14039,9068),(16055,14031,9075),(16056,14093,9043),(16057,14021,9042),(16058,14026,9077),(16059,14045,9095),(16060,14046,9032),(16061,14059,9038),(16062,14083,9092),(16063,14076,9069),(16064,14069,9053),(16065,14046,9024),(16066,14054,9045),(16067,14082,9096),(16068,14068,9085),(16069,14021,9092),(16070,14007,9093),(16071,14054,9065),(16072,14038,9035),(16073,14015,9059),(16074,14054,9012),(16075,14079,9092),(16076,14019,9092),(16077,14005,9034),(16078,14058,9046),(16079,14043,9002),(16080,14010,9046),(16081,14051,9071),(16082,14038,9005),(16083,14046,9007),(16084,14023,9038),(16085,14048,9014),(16086,14001,9021),(16087,14095,9046),(16088,14039,9074),(16089,14052,9053),(16090,14033,9041),(16091,14062,9099),(16092,14027,9046),(16093,14033,9064),(16094,14020,9085),(16095,14007,9042),(16096,14007,9061),(16097,14072,9053),(16098,14093,9036),(16099,14055,9062),(16100,14128,9180),(16101,14136,9197),(16102,14174,9143),(16103,14119,9102),(16104,14139,9179),(16105,14102,9168),(16106,14192,9176),(16107,14120,9193),(16108,14115,9160),(16109,14172,9179),(16110,14176,9110),(16111,14107,9141),(16112,14135,9189),(16113,14161,9146),(16114,14172,9110),(16115,14189,9169),(16116,14122,9168),(16117,14198,9192),(16118,14178,9174),(16119,14100,9195),(16120,14102,9155),(16121,14184,9117),(16122,14167,9183),(16123,14154,9107),(16124,14171,9178),(16125,14159,9123),(16126,14161,9159),(16127,14157,9168),(16128,14135,9152),(16129,14191,9108),(16130,14191,9113),(16131,14104,9169),(16132,14190,9123),(16133,14123,9152),(16134,14152,9133),(16135,14142,9101),(16136,14159,9179),(16137,14122,9171),(16138,14179,9192),(16139,14120,9154),(16140,14102,9154),(16141,14154,9182),(16142,14149,9196),(16143,14151,9135),(16144,14115,9136),(16145,14144,9119),(16146,14104,9101),(16147,14125,9183),(16148,14114,9100),(16149,14122,9148),(16150,14169,9196),(16151,14145,9143),(16152,14165,9122),(16153,14199,9164),(16154,14153,9165),(16155,14109,9110),(16156,14122,9184),(16157,14151,9124),(16158,14118,9146),(16159,14172,9175),(16160,14159,9141),(16161,14122,9151),(16162,14161,9174),(16163,14133,9108),(16164,14175,9155),(16165,14171,9190),(16166,14128,9124),(16167,14120,9178),(16168,14140,9107),(16169,14186,9158),(16170,14152,9175),(16171,14102,9144),(16172,14126,9180),(16173,14146,9147),(16174,14158,9192),(16175,14187,9161),(16176,14145,9182),(16177,14176,9193),(16178,14117,9109),(16179,14131,9168),(16180,14178,9174),(16181,14192,9178),(16182,14198,9127),(16183,14199,9104),(16184,14167,9176),(16185,14184,9166),(16186,14106,9101),(16187,14176,9157),(16188,14110,9152),(16189,14126,9122),(16190,14162,9142),(16191,14136,9151),(16192,14191,9131),(16193,14132,9122),(16194,14184,9147),(16195,14157,9115),(16196,14198,9183),(16197,14184,9178),(16198,14156,9101),(16199,14172,9199),(16200,14232,9211),(16201,14274,9298),(16202,14294,9292),(16203,14245,9242),(16204,14233,9294),(16205,14297,9239),(16206,14249,9200),(16207,14206,9217),(16208,14254,9232),(16209,14243,9215),(16210,14223,9220),(16211,14270,9224),(16212,14272,9216),(16213,14222,9281),(16214,14224,9216),(16215,14269,9242),(16216,14200,9271),(16217,14209,9290),(16218,14209,9275),(16219,14268,9297),(16220,14276,9275),(16221,14264,9285),(16222,14205,9217),(16223,14295,9207),(16224,14261,9258),(16225,14245,9217),(16226,14276,9208),(16227,14288,9221),(16228,14296,9278),(16229,14262,9260),(16230,14228,9296),(16231,14250,9222),(16232,14204,9297),(16233,14289,9261),(16234,14226,9290),(16235,14232,9284),(16236,14250,9203),(16237,14242,9272),(16238,14227,9244),(16239,14280,9232),(16240,14249,9223),(16241,14249,9222),(16242,14272,9277),(16243,14264,9203),(16244,14278,9202),(16245,14225,9245),(16246,14250,9263),(16247,14299,9218),(16248,14239,9253),(16249,14249,9296),(16250,14226,9295),(16251,14214,9215),(16252,14214,9201),(16253,14263,9292),(16254,14214,9293),(16255,14250,9282),(16256,14262,9227),(16257,14259,9215),(16258,14208,9280),(16259,14289,9229),(16260,14293,9212),(16261,14223,9228),(16262,14294,9234),(16263,14298,9252),(16264,14259,9249),(16265,14281,9260),(16266,14200,9245),(16267,14248,9260),(16268,14261,9264),(16269,14296,9217),(16270,14204,9219),(16271,14269,9213),(16272,14223,9277),(16273,14296,9226),(16274,14284,9237),(16275,14251,9202),(16276,14272,9288),(16277,14260,9283),(16278,14298,9217),(16279,14204,9256),(16280,14243,9240),(16281,14277,9201),(16282,14270,9261),(16283,14253,9203),(16284,14258,9225),(16285,14231,9239),(16286,14224,9295),(16287,14252,9285),(16288,14217,9260),(16289,14276,9250),(16290,14273,9273),(16291,14254,9263),(16292,14206,9257),(16293,14246,9225),(16294,14242,9252),(16295,14220,9277),(16296,14233,9294),(16297,14234,9228),(16298,14225,9227),(16299,14218,9206),(16300,14311,9351),(16301,14372,9334),(16302,14313,9391),(16303,14382,9321),(16304,14368,9397),(16305,14363,9321),(16306,14351,9373),(16307,14381,9374),(16308,14351,9353),(16309,14324,9360),(16310,14361,9348),(16311,14386,9349),(16312,14399,9376),(16313,14379,9331),(16314,14330,9334),(16315,14361,9319),(16316,14345,9342),(16317,14304,9383),(16318,14345,9317),(16319,14347,9315),(16320,14330,9337),(16321,14323,9345),(16322,14346,9324),(16323,14368,9358),(16324,14343,9384),(16325,14319,9304),(16326,14303,9389),(16327,14310,9381),(16328,14322,9315),(16329,14316,9358),(16330,14316,9360),(16331,14349,9335),(16332,14393,9326),(16333,14301,9369),(16334,14321,9343),(16335,14319,9397),(16336,14373,9371),(16337,14356,9380),(16338,14379,9399),(16339,14385,9344),(16340,14311,9379),(16341,14366,9351),(16342,14368,9364),(16343,14370,9392),(16344,14387,9343),(16345,14372,9359),(16346,14361,9383),(16347,14316,9356),(16348,14304,9370),(16349,14392,9304),(16350,14385,9387),(16351,14358,9374),(16352,14327,9360),(16353,14330,9348),(16354,14331,9312),(16355,14323,9318),(16356,14360,9350),(16357,14362,9341),(16358,14383,9344),(16359,14380,9383),(16360,14316,9350),(16361,14357,9399),(16362,14370,9304),(16363,14361,9304),(16364,14343,9334),(16365,14372,9367),(16366,14370,9316),(16367,14320,9378),(16368,14345,9397),(16369,14367,9341),(16370,14372,9361),(16371,14365,9331),(16372,14375,9316),(16373,14333,9378),(16374,14344,9355),(16375,14328,9379),(16376,14335,9330),(16377,14330,9333),(16378,14371,9372),(16379,14330,9353),(16380,14362,9359),(16381,14382,9358),(16382,14335,9388),(16383,14323,9301),(16384,14366,9316),(16385,14340,9312),(16386,14398,9373),(16387,14359,9311),(16388,14360,9313),(16389,14359,9366),(16390,14347,9375),(16391,14356,9380),(16392,14372,9312),(16393,14387,9318),(16394,14362,9353),(16395,14388,9389),(16396,14328,9307),(16397,14391,9373),(16398,14301,9379),(16399,14376,9372),(16400,14467,9465),(16401,14468,9493),(16402,14434,9403),(16403,14401,9471),(16404,14417,9466),(16405,14445,9449),(16406,14444,9471),(16407,14410,9459),(16408,14442,9420),(16409,14417,9497),(16410,14479,9479),(16411,14426,9425),(16412,14429,9445),(16413,14462,9483),(16414,14475,9408),(16415,14417,9446),(16416,14436,9492),(16417,14403,9400),(16418,14451,9478),(16419,14479,9451),(16420,14480,9408),(16421,14491,9414),(16422,14412,9471),(16423,14425,9427),(16424,14498,9445),(16425,14411,9410),(16426,14483,9485),(16427,14425,9458),(16428,14487,9406),(16429,14402,9467),(16430,14405,9423),(16431,14426,9494),(16432,14446,9420),(16433,14408,9497),(16434,14402,9469),(16435,14411,9477),(16436,14475,9482),(16437,14407,9486),(16438,14468,9433),(16439,14440,9487),(16440,14400,9447),(16441,14412,9408),(16442,14444,9468),(16443,14446,9461),(16444,14416,9428),(16445,14458,9460),(16446,14405,9402),(16447,14436,9411),(16448,14405,9457),(16449,14498,9493),(16450,14444,9448),(16451,14480,9478),(16452,14421,9482),(16453,14431,9408),(16454,14450,9488),(16455,14415,9444),(16456,14410,9464),(16457,14492,9479),(16458,14486,9435),(16459,14446,9400),(16460,14402,9470),(16461,14406,9493),(16462,14480,9408),(16463,14463,9464),(16464,14472,9498),(16465,14473,9472),(16466,14425,9475),(16467,14487,9461),(16468,14460,9468),(16469,14413,9468),(16470,14489,9457),(16471,14402,9443),(16472,14423,9425),(16473,14442,9497),(16474,14454,9487),(16475,14436,9488),(16476,14447,9488),(16477,14477,9417),(16478,14429,9411),(16479,14473,9454),(16480,14458,9447),(16481,14449,9480),(16482,14470,9483),(16483,14429,9488),(16484,14480,9408),(16485,14427,9454),(16486,14405,9453),(16487,14488,9411),(16488,14488,9465),(16489,14489,9424),(16490,14408,9441),(16491,14437,9484),(16492,14466,9402),(16493,14442,9469),(16494,14426,9431),(16495,14419,9487),(16496,14418,9460),(16497,14424,9431),(16498,14473,9468),(16499,14429,9489),(16502,14089,9058),(16503,14089,9067);

/*Table structure for table `jobMaster` */

DROP TABLE IF EXISTS `jobMaster`;

CREATE TABLE `jobMaster` (
  `invId` int(11) NOT NULL,
  `jobId` int(11) NOT NULL AUTO_INCREMENT,
  `state` varchar(32) NOT NULL,
  `created` timestamp NOT NULL DEFAULT '0000-00-00 00:00:00',
  `acknowledged` timestamp NULL DEFAULT NULL,
  `finished` timestamp NULL DEFAULT NULL,
  `needBy` timestamp NULL DEFAULT NULL,
  `ackFinishBy` timestamp NULL DEFAULT NULL,
  `createdBy` varchar(50) DEFAULT NULL,
  `ackBy` varchar(50) DEFAULT NULL,
  PRIMARY KEY (`jobId`),
  KEY `CREATEDBY` (`createdBy`),
  KEY `ackBy` (`ackBy`),
  KEY `invId` (`invId`),
  CONSTRAINT `jobMaster_ibfk_1` FOREIGN KEY (`createdBy`) REFERENCES `userRole` (`userName`),
  CONSTRAINT `jobMaster_ibfk_3` FOREIGN KEY (`createdBy`) REFERENCES `userRole` (`userName`),
  CONSTRAINT `jobMaster_ibfk_4` FOREIGN KEY (`ackBy`) REFERENCES `userRole` (`userName`),
  CONSTRAINT `jobMaster_ibfk_6` FOREIGN KEY (`invId`) REFERENCES `invoiceMaster` (`invId`)
) ENGINE=InnoDB AUTO_INCREMENT=12500 DEFAULT CHARSET=latin1;

/*Data for the table `jobMaster` */

insert  into `jobMaster`(`invId`,`jobId`,`state`,`created`,`acknowledged`,`finished`,`needBy`,`ackFinishBy`,`createdBy`,`ackBy`) values (5098,12000,'finished','2018-05-09 00:00:00','2018-05-10 00:00:00','2018-05-10 00:00:00','2017-03-31 00:00:00','2018-02-03 00:00:00','Benison','Benison'),(5014,12001,'created','2017-06-04 03:49:20','2016-09-23 05:14:26','2017-11-21 05:33:58','2017-11-11 23:40:08','2017-09-20 22:40:17','Benison','Benison'),(5091,12002,'created','2018-04-21 18:51:43','2016-09-29 16:05:19','2017-11-12 17:16:44','2016-07-08 13:06:31','2017-03-15 18:57:28','Benison','Benison'),(5035,12003,'finished','2017-10-25 00:00:00','2018-05-21 00:00:00','2018-05-21 00:00:00','2017-06-04 00:00:00','2017-10-10 00:00:00','Benison','Benison'),(5079,12004,'created','2018-02-11 06:06:21','2018-05-30 03:18:50','2017-04-06 11:53:15','2018-03-25 23:25:35','2016-08-16 04:47:59','Benison','Benison'),(5029,12005,'created','2016-12-27 12:13:04','2017-09-15 01:43:09','2018-05-22 23:45:10','2017-02-01 17:46:20','2017-06-25 18:44:33','Benison','Benison'),(5029,12006,'created','2016-11-24 09:09:01','2017-02-19 08:07:53','2017-11-04 11:29:44','2016-08-15 10:56:14','2017-08-10 10:31:06','Benison','Benison'),(5040,12007,'created','2016-12-11 07:21:19','2016-08-08 19:21:11','2016-11-07 22:47:09','2018-05-23 21:50:24','2016-08-02 08:51:44','Benison','Benison'),(5079,12008,'created','2018-04-08 22:07:50','2016-08-31 02:33:51','2017-11-13 02:20:57','2016-08-05 12:34:38','2017-05-23 00:13:14','Benison','Benison'),(5086,12009,'created','2017-04-27 07:34:59','2017-02-12 14:45:24','2018-06-04 02:10:18','2017-05-04 23:06:11','2017-04-05 14:29:25','Benison','Benison'),(5015,12010,'created','2016-07-28 11:30:14','2016-07-18 00:23:25','2018-04-04 09:34:48','2017-05-21 22:06:48','2017-04-19 05:17:04','Benison','Benison'),(5009,12011,'created','2018-04-13 06:37:46','2017-08-12 06:42:48','2017-02-10 03:19:09','2017-01-19 05:22:08','2017-10-05 19:15:01','Benison','Benison'),(5095,12012,'created','2017-09-12 04:58:10','2016-10-12 19:53:57','2017-03-04 23:56:58','2018-01-12 00:41:29','2016-09-20 05:55:07','Benison','Benison'),(5041,12013,'created','2018-05-27 16:50:00','2017-10-30 14:15:21','2018-04-05 19:24:44','2017-09-04 20:04:45','2018-05-29 03:50:39','Benison','Benison'),(5049,12014,'created','2016-11-07 18:51:31','2016-08-02 06:12:58','2017-03-03 03:14:42','2017-12-20 18:51:53','2016-08-24 02:31:14','Benison','Benison'),(5021,12015,'created','2018-02-26 16:39:58','2017-06-11 00:51:33','2016-06-15 00:31:09','2016-10-31 04:37:47','2016-06-16 15:35:19','Benison','Benison'),(5077,12016,'created','2017-09-28 19:13:24','2018-03-17 10:56:48','2017-10-06 06:01:30','2017-11-09 09:38:54','2017-04-20 20:56:13','Benison','Benison'),(5039,12017,'created','2017-03-13 05:47:51','2016-07-05 21:13:26','2016-09-12 09:41:36','2018-01-11 14:01:23','2017-11-18 01:01:27','Benison','Benison'),(5015,12018,'created','2017-01-16 06:24:16','2018-03-13 09:37:58','2017-08-08 06:00:49','2016-12-30 13:09:06','2017-08-22 15:17:45','Benison','Benison'),(5036,12019,'created','2017-05-12 18:33:21','2018-01-30 14:20:43','2017-06-08 07:10:27','2017-10-01 07:51:55','2017-02-18 02:12:32','Benison','Benison'),(5066,12020,'created','2016-10-03 09:49:43','2017-05-04 13:57:32','2018-05-25 11:43:49','2018-02-14 19:25:53','2017-06-24 23:31:53','Benison','Benison'),(5028,12021,'created','2017-06-22 03:32:57','2018-03-02 07:35:18','2016-09-23 13:50:00','2017-02-19 07:01:04','2017-04-10 17:12:32','Benison','Benison'),(5053,12022,'created','2018-06-11 00:31:56','2016-09-04 14:25:42','2016-12-24 13:52:02','2017-01-25 14:20:29','2017-08-07 01:47:05','Benison','Benison'),(5008,12023,'created','2016-09-01 08:15:37','2016-12-21 18:34:57','2017-02-04 12:06:54','2017-07-22 08:32:26','2017-04-17 23:57:30','Benison','Benison'),(5014,12024,'created','2017-10-06 02:29:59','2017-03-23 06:36:12','2017-08-25 03:52:04','2017-11-05 09:52:25','2018-01-23 09:21:33','Benison','Benison'),(5035,12025,'created','2017-02-04 10:58:08','2017-12-31 00:41:21','2018-03-26 00:21:48','2018-02-02 07:21:51','2017-02-08 16:24:40','Benison','Benison'),(5079,12026,'created','2018-05-28 02:32:10','2017-10-13 01:29:44','2016-08-12 16:45:07','2017-09-09 00:32:11','2017-09-24 19:30:41','Benison','Benison'),(5066,12027,'created','2017-11-15 13:40:19','2017-05-09 06:40:04','2017-10-26 20:28:22','2018-04-16 17:47:27','2017-01-07 07:36:24','Benison','Benison'),(5077,12028,'created','2016-12-07 22:00:07','2016-12-04 02:57:29','2017-03-07 07:53:14','2017-08-09 18:01:47','2016-09-24 12:20:21','Benison','Benison'),(5074,12029,'created','2017-02-11 04:11:46','2017-10-26 06:34:00','2018-03-11 08:05:18','2016-09-08 14:31:47','2017-04-12 18:36:58','Benison','Benison'),(5067,12030,'created','2017-10-04 08:14:31','2018-04-01 21:54:07','2017-01-30 06:13:23','2018-05-01 07:33:33','2016-10-01 04:13:48','Benison','Benison'),(5043,12031,'created','2016-08-05 08:10:00','2016-08-06 11:48:21','2018-02-12 07:34:53','2017-06-05 00:36:17','2017-03-15 07:44:26','Benison','Benison'),(5031,12032,'created','2018-02-11 02:27:05','2017-09-23 21:29:21','2018-02-21 03:02:31','2017-04-21 02:40:49','2017-07-20 00:34:09','Benison','Benison'),(5030,12033,'created','2017-09-11 17:56:48','2017-12-02 19:29:29','2018-02-06 08:37:02','2016-12-08 21:11:49','2018-03-10 12:25:10','Benison','Benison'),(5007,12034,'created','2017-11-20 02:50:24','2016-11-19 13:08:35','2017-03-24 11:22:42','2017-05-25 12:55:12','2018-04-11 15:59:50','Benison','Benison'),(5059,12035,'created','2017-08-14 11:41:14','2018-01-20 11:21:30','2017-01-27 16:54:23','2017-07-20 05:46:44','2016-10-03 00:21:18','Benison','Benison'),(5091,12036,'created','2017-08-30 10:07:34','2017-01-02 10:25:31','2017-01-12 13:25:52','2017-06-18 22:44:50','2017-01-22 15:58:48','Benison','Benison'),(5094,12037,'created','2017-01-03 17:22:52','2016-12-03 11:38:38','2018-02-18 00:34:53','2017-06-21 23:10:07','2018-03-20 05:23:15','Benison','Benison'),(5031,12038,'created','2017-08-11 19:00:40','2017-09-18 18:10:52','2016-12-24 09:34:02','2017-06-27 19:23:28','2018-02-27 16:35:11','Benison','Benison'),(5076,12039,'created','2016-11-17 16:16:10','2018-01-25 02:58:35','2017-09-15 09:19:18','2018-04-26 14:29:22','2017-08-23 08:32:46','Benison','Benison'),(5000,12040,'created','2017-09-02 05:17:41','2017-04-23 18:25:55','2017-02-23 10:09:37','2016-08-03 14:44:58','2018-04-26 22:02:40','Benison','Benison'),(5046,12041,'created','2017-09-03 07:35:36','2016-08-05 12:36:02','2018-06-07 16:13:05','2017-08-25 10:52:30','2017-10-06 23:00:23','Benison','Benison'),(5042,12042,'created','2016-06-21 12:40:43','2017-02-03 00:59:35','2018-02-11 07:42:45','2016-10-13 14:56:58','2018-03-21 21:33:55','Benison','Benison'),(5092,12043,'created','2016-11-25 17:25:59','2017-07-21 19:17:49','2017-01-28 21:19:34','2017-02-19 09:12:44','2018-04-15 19:24:37','Benison','Benison'),(5047,12044,'created','2017-10-26 15:52:38','2017-07-22 17:47:39','2017-07-19 19:54:11','2016-12-14 06:52:40','2017-11-10 16:58:32','Benison','Benison'),(5007,12045,'created','2016-07-06 13:55:50','2017-03-09 03:25:50','2017-10-18 05:42:19','2016-11-27 02:20:26','2016-08-20 23:11:14','Benison','Benison'),(5015,12046,'created','2018-01-30 07:17:27','2016-10-02 03:13:46','2017-01-10 14:10:00','2016-10-02 01:55:15','2016-10-30 10:01:12','Benison','Benison'),(5006,12047,'created','2016-09-19 14:12:45','2016-08-18 12:07:26','2018-03-05 00:53:46','2016-07-24 14:45:09','2018-03-04 01:18:20','Benison','Benison'),(5024,12048,'created','2016-07-27 02:51:06','2018-05-12 00:17:39','2017-12-27 20:07:25','2018-05-07 22:32:06','2017-07-08 23:22:17','Benison','Benison'),(5015,12049,'created','2017-05-18 18:44:12','2016-11-30 06:52:47','2018-01-06 10:21:22','2017-03-28 23:10:25','2018-04-16 11:23:24','Benison','Benison'),(5052,12050,'created','2017-03-08 21:11:21','2017-04-29 04:06:59','2017-11-05 17:36:32','2016-09-22 06:28:11','2018-04-18 20:11:14','Benison','Benison'),(5009,12051,'created','2017-01-22 09:29:38','2016-08-22 16:53:03','2018-01-31 15:29:26','2017-12-20 08:45:48','2018-01-07 12:57:48','Benison','Benison'),(5034,12052,'created','2016-09-22 20:23:24','2017-05-09 17:36:29','2017-01-14 20:39:02','2018-01-21 17:26:52','2017-01-31 22:53:41','Benison','Benison'),(5001,12053,'created','2018-05-15 05:42:45','2018-03-29 15:25:32','2017-05-28 20:27:11','2017-09-20 12:09:31','2018-01-24 05:13:50','Benison','Benison'),(5002,12054,'created','2017-04-23 00:52:23','2017-02-06 02:18:00','2016-11-05 23:17:22','2018-04-18 06:47:18','2017-01-23 23:04:14','Benison','Benison'),(5052,12055,'created','2017-07-20 13:45:34','2017-01-05 05:52:42','2017-05-13 00:00:14','2018-04-09 06:51:53','2018-02-10 08:54:48','Benison','Benison'),(5073,12056,'created','2017-08-22 12:54:06','2018-01-26 12:14:48','2018-05-24 11:18:15','2017-01-27 16:53:11','2017-07-30 02:27:16','Benison','Benison'),(5077,12057,'created','2017-05-10 23:56:16','2017-11-03 12:06:37','2017-11-01 17:26:42','2016-08-15 21:07:00','2016-09-30 00:14:23','Benison','Benison'),(5089,12058,'created','2016-12-21 21:49:13','2016-12-29 14:52:14','2018-02-06 13:28:58','2017-12-30 06:02:58','2018-04-08 18:19:37','Benison','Benison'),(5036,12059,'created','2016-09-10 03:16:41','2018-03-10 16:28:16','2016-08-23 21:59:48','2017-07-23 11:21:40','2017-05-25 22:40:52','Benison','Benison'),(5059,12060,'created','2017-12-21 11:24:16','2018-02-07 08:25:44','2017-10-25 02:51:51','2017-08-05 00:53:21','2018-01-22 20:08:28','Benison','Benison'),(5045,12061,'created','2018-01-24 14:39:02','2016-08-01 18:03:38','2017-06-13 17:45:51','2018-03-04 06:45:00','2017-11-16 07:17:41','Benison','Benison'),(5096,12062,'created','2017-04-14 02:39:28','2016-08-02 01:40:21','2017-06-28 06:39:47','2018-04-09 06:37:27','2018-05-15 08:44:02','Benison','Benison'),(5096,12063,'created','2017-04-09 02:03:00','2016-10-11 06:09:37','2017-08-23 07:36:23','2016-10-23 02:41:30','2017-07-16 20:14:53','Benison','Benison'),(5081,12064,'created','2016-11-14 11:37:33','2016-08-14 00:04:30','2018-02-14 07:59:32','2018-06-06 23:46:48','2017-09-30 11:27:38','Benison','Benison'),(5068,12065,'created','2018-03-01 00:07:39','2016-08-05 09:55:27','2016-10-25 20:10:39','2017-06-26 21:34:27','2018-03-12 15:36:16','Benison','Benison'),(5008,12066,'created','2016-08-13 10:39:25','2017-03-07 09:51:03','2017-05-02 16:50:19','2016-07-20 12:02:21','2018-03-12 05:23:05','Benison','Benison'),(5062,12067,'created','2016-11-23 18:14:51','2016-09-05 08:43:20','2016-09-17 02:42:06','2017-12-10 04:43:12','2016-10-18 21:14:21','Benison','Benison'),(5013,12068,'created','2017-05-21 17:15:16','2016-06-23 03:49:16','2016-11-30 01:57:55','2016-06-27 21:54:52','2016-08-06 23:19:35','Benison','Benison'),(5051,12069,'created','2017-01-03 13:03:20','2018-01-06 01:00:07','2017-04-28 00:03:10','2016-07-24 07:14:08','2016-10-25 17:58:00','Benison','Benison'),(5028,12070,'created','2018-05-26 22:37:57','2018-01-01 12:45:36','2017-12-29 11:05:22','2017-06-21 08:25:07','2018-04-22 12:40:23','Benison','Benison'),(5025,12071,'created','2017-05-17 16:21:00','2017-02-22 14:46:58','2018-01-30 17:15:58','2017-01-15 15:00:58','2016-10-17 07:00:36','Benison','Benison'),(5024,12072,'created','2016-11-02 18:45:28','2016-06-21 17:09:14','2018-03-23 03:39:49','2017-07-05 04:34:26','2017-03-07 18:00:31','Benison','Benison'),(5085,12073,'created','2017-04-20 08:23:57','2017-01-03 10:54:17','2016-08-07 12:18:28','2018-03-03 18:40:24','2016-07-04 01:16:18','Benison','Benison'),(5007,12074,'created','2016-09-19 07:32:15','2018-06-05 13:53:56','2017-10-23 14:42:31','2018-01-25 03:43:26','2016-11-11 03:47:53','Benison','Benison'),(5029,12075,'created','2016-10-25 12:35:27','2017-09-14 14:43:29','2016-11-15 02:59:09','2018-06-04 04:18:11','2017-01-28 18:25:11','Benison','Benison'),(5048,12076,'created','2017-02-24 00:49:52','2016-07-29 12:48:25','2017-09-25 22:01:00','2018-05-22 20:57:38','2017-06-04 23:05:55','Benison','Benison'),(5099,12077,'created','2017-03-05 12:50:27','2017-09-25 21:41:41','2016-09-05 06:47:12','2016-11-10 08:06:14','2017-07-27 19:31:06','Benison','Benison'),(5050,12078,'created','2018-05-22 09:09:02','2016-06-16 06:03:54','2017-10-27 13:12:51','2017-04-12 05:42:24','2017-01-02 19:33:39','Benison','Benison'),(5054,12079,'created','2018-04-15 20:12:17','2017-10-15 05:30:07','2017-01-22 12:35:10','2018-02-03 19:20:23','2018-03-19 13:28:41','Benison','Benison'),(5059,12080,'created','2016-09-11 00:30:25','2017-04-28 18:25:55','2017-08-29 17:53:45','2017-08-29 06:53:08','2017-01-19 03:49:04','Benison','Benison'),(5035,12081,'created','2016-11-15 20:38:55','2017-02-10 02:55:28','2017-02-09 14:47:29','2018-03-11 04:44:44','2017-01-12 17:56:15','Benison','Benison'),(5036,12082,'created','2017-01-19 11:43:19','2016-10-22 06:32:24','2018-06-09 21:50:16','2017-04-10 05:39:57','2017-07-16 07:36:09','Benison','Benison'),(5093,12083,'created','2016-11-07 03:06:43','2017-03-02 05:01:06','2018-04-20 17:28:05','2017-02-15 20:40:03','2018-04-19 08:09:46','Benison','Benison'),(5081,12084,'created','2017-05-29 20:20:40','2016-08-06 21:53:57','2017-10-16 08:53:36','2017-09-27 19:58:10','2016-08-27 09:02:31','Benison','Benison'),(5099,12085,'created','2017-10-01 12:00:43','2016-10-22 00:30:19','2017-04-11 07:09:34','2016-06-12 14:27:01','2016-07-23 04:48:54','Benison','Benison'),(5008,12086,'created','2016-06-17 09:30:20','2016-07-13 08:00:10','2017-05-22 20:59:32','2018-02-23 01:16:02','2016-10-20 23:22:57','Benison','Benison'),(5070,12087,'created','2016-11-30 13:53:26','2016-08-13 03:32:12','2017-08-10 19:27:53','2017-03-17 09:40:34','2018-02-01 04:41:01','Benison','Benison'),(5066,12088,'created','2017-09-19 08:02:59','2017-12-05 03:30:03','2018-01-05 09:36:37','2017-05-07 20:56:14','2016-12-04 12:48:47','Benison','Benison'),(5077,12089,'created','2017-05-03 21:08:43','2016-12-15 23:04:37','2017-09-02 01:40:32','2017-01-28 07:23:56','2017-05-01 17:32:35','Benison','Benison'),(5041,12090,'created','2018-02-02 15:08:52','2016-07-07 16:45:07','2018-02-11 06:10:27','2016-06-23 01:50:19','2017-11-19 22:24:36','Benison','Benison'),(5014,12091,'created','2018-04-16 11:19:59','2016-12-24 16:36:01','2017-03-12 05:45:31','2016-09-16 06:57:27','2016-07-10 19:48:54','Benison','Benison'),(5098,12092,'created','2016-07-28 15:13:47','2016-08-15 14:32:09','2017-08-22 00:59:12','2017-05-15 11:38:01','2017-03-24 03:30:05','Benison','Benison'),(5044,12093,'created','2017-01-08 00:31:50','2017-07-30 07:37:50','2018-04-22 23:50:36','2017-11-27 19:57:10','2017-02-25 20:24:31','Benison','Benison'),(5050,12094,'created','2017-04-06 02:39:16','2017-04-24 01:31:59','2018-06-09 05:43:05','2017-10-28 15:15:04','2016-11-27 09:36:56','Benison','Benison'),(5062,12095,'created','2017-01-01 20:55:52','2017-09-06 07:59:04','2017-09-21 20:30:02','2018-04-20 05:31:34','2016-11-10 10:48:13','Benison','Benison'),(5066,12096,'created','2017-07-18 13:19:21','2016-09-23 18:00:42','2018-05-10 00:00:12','2016-10-06 08:02:28','2018-04-30 20:42:33','Benison','Benison'),(5006,12097,'created','2017-02-17 04:07:38','2017-09-15 01:07:37','2017-12-10 07:33:12','2018-06-02 19:49:17','2017-07-14 13:13:41','Benison','Benison'),(5089,12098,'created','2017-09-21 03:57:24','2017-10-15 23:24:50','2016-11-09 00:52:30','2017-04-23 10:03:33','2018-01-13 03:35:40','Benison','Benison'),(5059,12099,'created','2018-04-25 12:11:31','2017-04-21 15:42:04','2017-04-16 05:57:46','2016-06-27 06:54:28','2017-01-10 13:59:20','Benison','Benison'),(5130,12100,'created','2017-07-05 12:31:02','2016-11-28 04:37:01','2018-03-17 20:35:46','2017-01-14 16:19:11','2017-04-19 06:53:14','Benison','Benison'),(5145,12101,'created','2017-07-04 17:04:01','2017-02-26 08:10:52','2018-06-10 12:46:00','2018-01-18 16:32:38','2017-07-05 16:17:54','Benison','Benison'),(5173,12102,'created','2017-05-14 13:13:00','2017-06-02 02:53:00','2017-11-20 09:35:54','2016-11-07 16:26:15','2017-02-27 20:01:17','Benison','Benison'),(5112,12103,'created','2018-05-09 20:18:29','2017-04-28 17:34:16','2017-09-21 21:32:54','2018-05-20 17:10:22','2017-07-12 20:05:08','Benison','Benison'),(5193,12104,'created','2018-02-26 16:02:38','2017-11-07 05:08:35','2017-12-12 15:06:01','2017-09-06 15:27:36','2016-09-04 12:14:54','Benison','Benison'),(5183,12105,'created','2018-04-30 17:11:36','2017-02-17 03:07:37','2017-09-20 06:18:50','2016-06-23 18:21:42','2018-01-11 21:26:54','Benison','Benison'),(5153,12106,'created','2017-12-08 06:23:44','2018-01-15 06:08:11','2018-04-03 02:10:54','2016-12-28 18:10:28','2017-03-13 23:10:46','Benison','Benison'),(5175,12107,'created','2018-05-20 20:22:51','2016-08-26 04:17:01','2017-02-14 08:28:58','2017-05-15 06:31:30','2017-02-21 20:34:45','Benison','Benison'),(5167,12108,'created','2018-03-25 20:47:32','2017-10-21 01:20:28','2017-03-25 08:10:06','2018-03-14 20:33:04','2017-12-31 15:13:50','Benison','Benison'),(5177,12109,'created','2016-09-06 18:05:34','2017-07-23 09:29:09','2017-12-13 23:34:48','2017-10-04 04:07:24','2017-03-24 14:51:58','Benison','Benison'),(5180,12110,'created','2017-10-08 02:59:27','2016-10-10 13:57:20','2018-02-15 12:34:12','2017-05-16 23:33:34','2017-05-12 08:00:56','Benison','Benison'),(5178,12111,'created','2017-09-17 01:21:09','2017-03-22 22:16:49','2017-01-26 12:58:16','2017-04-10 03:56:32','2017-07-16 05:49:30','Benison','Benison'),(5105,12112,'created','2016-08-03 00:13:25','2018-03-13 14:08:06','2018-01-16 10:17:33','2017-08-28 20:15:43','2017-03-30 18:10:07','Benison','Benison'),(5159,12113,'created','2017-01-13 06:12:11','2016-11-26 02:38:40','2017-08-26 17:01:49','2018-04-29 00:41:24','2017-04-19 21:57:25','Benison','Benison'),(5173,12114,'created','2017-11-16 10:34:41','2016-11-04 13:51:32','2017-10-22 22:23:03','2018-05-31 15:15:46','2017-10-29 08:54:03','Benison','Benison'),(5149,12115,'created','2016-07-05 07:49:54','2017-05-19 05:23:31','2017-05-01 13:21:09','2018-02-27 21:06:04','2017-03-20 10:30:59','Benison','Benison'),(5197,12116,'created','2016-07-12 03:58:36','2016-12-01 19:15:35','2018-05-19 10:50:12','2016-11-07 22:43:48','2016-07-22 14:11:41','Benison','Benison'),(5184,12117,'created','2018-06-01 15:55:03','2016-07-29 14:29:12','2018-01-06 09:33:09','2017-11-15 09:05:44','2017-03-14 04:50:14','Benison','Benison'),(5165,12118,'created','2018-05-11 05:54:53','2016-07-16 22:12:13','2016-06-24 22:25:53','2016-12-15 14:49:48','2017-11-09 18:47:42','Benison','Benison'),(5158,12119,'created','2017-05-28 02:31:13','2018-05-26 16:19:51','2016-08-12 15:24:47','2018-05-19 21:38:34','2018-03-05 14:59:00','Benison','Benison'),(5182,12120,'created','2017-10-27 03:56:39','2018-02-07 01:35:36','2018-04-30 07:18:27','2017-08-30 08:44:25','2017-07-07 00:24:11','Benison','Benison'),(5166,12121,'created','2017-07-19 23:53:11','2018-05-21 17:34:49','2018-01-19 14:56:21','2017-04-03 15:19:29','2017-06-11 05:19:49','Benison','Benison'),(5172,12122,'created','2016-12-27 18:24:09','2017-02-08 21:45:47','2017-04-03 15:21:44','2017-11-12 13:45:59','2016-11-27 06:15:47','Benison','Benison'),(5118,12123,'created','2017-10-14 14:08:34','2017-01-21 20:43:42','2017-05-29 17:57:31','2018-02-15 11:47:02','2016-12-27 02:01:20','Benison','Benison'),(5176,12124,'created','2017-04-11 14:52:51','2017-09-16 01:08:31','2018-02-18 15:02:12','2016-09-25 11:29:06','2016-12-23 15:53:15','Benison','Benison'),(5128,12125,'created','2017-01-28 22:54:09','2016-12-26 08:36:52','2016-08-22 17:14:46','2016-10-01 15:07:20','2017-10-06 03:18:02','Benison','Benison'),(5167,12126,'created','2017-01-26 14:10:49','2017-04-14 23:25:13','2016-10-24 09:02:04','2018-05-01 10:24:06','2017-02-07 10:03:55','Benison','Benison'),(5161,12127,'created','2017-07-28 21:56:48','2017-03-20 00:06:15','2017-03-03 07:51:25','2018-04-07 22:33:46','2016-09-23 09:24:48','Benison','Benison'),(5134,12128,'created','2017-10-16 13:00:14','2017-11-19 17:52:10','2017-11-10 21:49:05','2017-09-06 17:11:43','2016-07-31 10:36:17','Benison','Benison'),(5158,12129,'created','2017-02-08 13:20:41','2017-05-16 14:20:50','2017-08-22 09:25:00','2017-06-01 14:39:35','2018-02-16 19:59:19','Benison','Benison'),(5163,12130,'created','2018-02-15 07:26:08','2016-08-04 14:30:25','2017-02-05 15:43:58','2017-03-01 20:45:18','2017-12-13 03:50:03','Benison','Benison'),(5106,12131,'created','2017-12-30 10:13:18','2016-11-26 12:55:09','2016-10-19 01:40:02','2017-08-20 18:20:30','2017-02-02 15:53:01','Benison','Benison'),(5111,12132,'created','2016-11-24 07:28:14','2018-04-30 12:17:21','2017-11-20 13:42:35','2016-12-05 00:46:13','2016-10-06 10:09:25','Benison','Benison'),(5110,12133,'created','2017-09-02 20:49:53','2018-05-09 02:40:57','2016-11-04 13:01:57','2016-06-22 21:17:42','2016-08-25 09:25:17','Benison','Benison'),(5155,12134,'created','2017-01-16 07:23:28','2017-02-02 15:34:08','2017-02-04 12:49:32','2016-09-01 05:58:28','2017-06-06 06:11:02','Benison','Benison'),(5133,12135,'created','2016-11-07 04:52:59','2017-08-22 13:18:40','2017-06-20 23:40:53','2017-08-31 09:50:21','2017-08-16 15:09:03','Benison','Benison'),(5187,12136,'created','2018-01-27 16:37:39','2017-01-30 06:40:35','2016-12-03 06:20:59','2017-07-05 21:56:39','2016-12-10 19:27:00','Benison','Benison'),(5155,12137,'created','2017-08-06 20:20:42','2018-04-01 16:50:50','2016-11-08 07:31:26','2017-04-17 16:47:43','2016-09-11 10:02:47','Benison','Benison'),(5167,12138,'created','2017-03-17 15:48:23','2017-04-15 22:36:52','2017-07-10 16:42:35','2016-10-10 06:30:27','2017-01-28 23:32:51','Benison','Benison'),(5152,12139,'created','2017-02-25 15:01:48','2017-02-06 06:41:39','2018-01-16 21:18:53','2018-05-13 17:43:50','2018-06-11 02:43:15','Benison','Benison'),(5116,12140,'created','2018-01-03 12:35:43','2017-04-10 23:37:09','2017-06-22 06:08:56','2018-02-06 13:58:02','2017-09-03 05:58:13','Benison','Benison'),(5106,12141,'created','2018-05-02 06:57:40','2018-02-20 02:33:37','2016-06-14 05:06:27','2017-04-14 06:17:41','2016-11-28 04:37:52','Benison','Benison'),(5103,12142,'created','2017-02-24 04:05:01','2017-03-01 15:46:48','2016-08-09 21:48:36','2017-11-22 01:18:45','2017-06-25 02:42:44','Benison','Benison'),(5160,12143,'created','2017-11-15 23:04:18','2017-06-12 08:11:46','2017-09-21 17:35:33','2017-08-02 21:41:34','2018-01-31 10:07:40','Benison','Benison'),(5130,12144,'created','2016-07-17 23:11:47','2017-04-02 21:23:20','2016-10-13 14:57:58','2018-04-03 03:31:35','2016-11-12 13:56:23','Benison','Benison'),(5131,12145,'created','2017-07-26 13:07:06','2018-04-07 05:22:10','2017-12-17 20:37:46','2018-05-03 04:58:10','2018-05-26 20:12:24','Benison','Benison'),(5105,12146,'created','2016-07-31 09:17:22','2017-01-28 00:34:29','2017-11-20 08:34:13','2017-01-13 09:29:38','2016-12-29 08:45:36','Benison','Benison'),(5107,12147,'created','2016-12-05 15:40:58','2017-06-09 18:05:33','2018-02-05 18:47:35','2018-03-02 19:54:19','2018-04-12 20:24:30','Benison','Benison'),(5158,12148,'created','2017-11-16 00:20:49','2018-04-03 12:09:22','2016-06-26 11:58:16','2016-08-27 05:42:08','2017-12-28 15:21:23','Benison','Benison'),(5187,12149,'created','2016-09-17 11:09:48','2017-06-28 20:29:31','2016-12-29 20:23:40','2017-11-10 06:17:44','2017-02-24 18:51:37','Benison','Benison'),(5100,12150,'created','2017-10-27 20:14:33','2018-03-23 15:35:58','2017-02-21 06:49:47','2016-08-31 12:34:48','2017-12-18 06:22:40','Benison','Benison'),(5148,12151,'created','2017-12-06 16:05:30','2017-02-15 18:22:28','2017-05-11 13:52:09','2016-07-15 17:37:44','2017-12-27 00:40:24','Benison','Benison'),(5170,12152,'created','2017-11-05 22:34:43','2017-05-10 14:02:39','2016-09-28 07:29:53','2017-12-25 23:19:21','2016-07-17 09:34:03','Benison','Benison'),(5169,12153,'created','2017-09-02 03:52:45','2018-02-06 02:32:08','2018-04-28 12:06:29','2017-01-10 06:06:51','2017-02-18 17:18:44','Benison','Benison'),(5119,12154,'created','2017-03-26 19:10:09','2018-04-25 18:28:01','2018-06-06 23:27:46','2018-01-07 16:11:55','2017-12-20 22:37:28','Benison','Benison'),(5196,12155,'created','2017-06-01 00:37:10','2017-10-27 10:13:17','2018-03-28 16:39:55','2017-10-01 16:59:43','2017-06-10 15:29:11','Benison','Benison'),(5172,12156,'created','2017-12-19 23:51:20','2018-05-09 17:00:18','2018-03-04 21:51:02','2016-10-09 06:29:27','2017-02-25 08:51:45','Benison','Benison'),(5107,12157,'created','2016-07-24 15:40:57','2017-03-19 08:01:53','2017-02-11 20:35:19','2016-09-24 13:44:09','2018-06-03 20:33:58','Benison','Benison'),(5109,12158,'created','2017-04-20 00:49:53','2016-07-14 17:29:55','2017-03-09 19:42:25','2017-09-02 11:32:18','2017-12-04 18:28:28','Benison','Benison'),(5161,12159,'created','2017-02-25 02:06:49','2017-02-09 02:09:48','2017-10-13 15:36:59','2017-12-03 11:53:16','2017-07-31 14:12:01','Benison','Benison'),(5143,12160,'created','2017-09-26 01:26:22','2017-08-12 03:23:52','2017-05-11 22:08:05','2016-07-19 02:29:33','2017-07-05 06:46:34','Benison','Benison'),(5101,12161,'created','2017-07-23 01:19:31','2016-09-20 11:26:47','2017-05-06 06:50:33','2016-09-30 00:38:04','2017-02-26 21:40:45','Benison','Benison'),(5121,12162,'created','2016-12-22 05:02:06','2016-10-21 13:53:36','2018-05-19 08:12:22','2018-03-06 18:37:36','2018-05-07 14:57:40','Benison','Benison'),(5140,12163,'created','2016-09-22 13:02:16','2018-01-31 14:03:07','2017-06-17 12:06:34','2017-09-04 05:45:02','2017-09-11 20:13:41','Benison','Benison'),(5156,12164,'created','2018-05-07 05:01:15','2016-09-04 23:21:38','2016-11-26 19:36:15','2017-03-11 08:39:44','2017-04-20 16:21:34','Benison','Benison'),(5176,12165,'created','2017-07-12 18:15:52','2018-01-30 01:01:15','2017-06-16 23:18:05','2017-06-21 21:06:57','2017-11-01 08:29:16','Benison','Benison'),(5166,12166,'created','2018-05-23 11:03:20','2017-03-22 10:39:29','2016-08-30 14:42:16','2017-08-02 18:17:02','2017-06-09 09:16:16','Benison','Benison'),(5173,12167,'created','2017-06-12 07:09:07','2018-01-30 09:00:20','2016-12-23 13:12:47','2017-12-01 10:08:32','2017-04-23 03:31:36','Benison','Benison'),(5154,12168,'created','2016-12-26 14:40:29','2017-11-03 06:53:51','2017-09-22 11:13:41','2016-10-03 10:52:53','2016-10-15 14:59:38','Benison','Benison'),(5193,12169,'created','2017-09-11 17:14:01','2017-03-04 09:04:02','2016-12-08 13:38:07','2016-06-14 02:51:20','2017-04-10 14:04:55','Benison','Benison'),(5149,12170,'created','2018-04-16 09:10:34','2017-10-24 00:14:04','2017-08-26 18:20:18','2016-06-24 19:36:18','2016-12-14 17:23:13','Benison','Benison'),(5117,12171,'created','2018-05-29 22:54:31','2018-01-25 01:37:18','2018-04-15 09:47:34','2016-12-24 09:38:38','2017-09-21 08:36:49','Benison','Benison'),(5102,12172,'created','2017-06-08 08:49:33','2016-12-09 15:06:54','2017-11-05 23:53:26','2016-11-04 06:17:47','2018-02-12 23:03:29','Benison','Benison'),(5155,12173,'created','2017-07-23 00:37:01','2017-12-23 09:37:42','2017-02-11 11:18:34','2017-07-07 11:59:19','2017-08-18 15:10:59','Benison','Benison'),(5195,12174,'created','2017-12-20 02:26:29','2017-10-22 19:21:16','2016-12-21 04:51:42','2017-06-25 11:53:03','2017-05-21 10:59:00','Benison','Benison'),(5117,12175,'created','2017-01-23 16:48:15','2016-08-08 03:26:14','2018-04-04 08:34:33','2017-12-26 09:26:28','2018-05-06 09:27:08','Benison','Benison'),(5173,12176,'created','2017-03-23 06:28:55','2017-01-16 07:31:18','2018-04-18 10:10:46','2017-01-31 23:51:32','2017-09-05 17:12:33','Benison','Benison'),(5120,12177,'created','2018-04-08 03:46:21','2017-09-06 16:33:24','2017-01-13 18:18:55','2018-06-04 09:57:44','2017-05-23 22:40:00','Benison','Benison'),(5176,12178,'created','2017-01-09 19:42:27','2017-07-13 16:52:53','2018-03-19 08:06:43','2017-04-03 02:28:56','2016-10-16 04:55:36','Benison','Benison'),(5166,12179,'created','2017-05-06 12:11:53','2017-03-23 08:45:29','2017-01-03 15:51:00','2017-10-17 21:55:50','2017-01-14 23:42:51','Benison','Benison'),(5116,12180,'created','2017-01-12 20:21:48','2017-07-10 09:32:07','2018-04-25 04:45:26','2017-08-16 22:53:05','2017-06-18 05:17:23','Benison','Benison'),(5104,12181,'created','2016-12-26 08:28:19','2017-03-31 12:11:55','2018-05-03 02:48:52','2018-01-05 00:07:01','2017-09-29 00:53:17','Benison','Benison'),(5161,12182,'created','2018-05-03 22:00:27','2017-08-25 23:57:08','2016-06-30 07:38:02','2016-07-18 10:59:11','2016-11-29 04:13:42','Benison','Benison'),(5105,12183,'created','2016-06-23 10:25:00','2016-11-25 14:00:22','2017-03-12 04:28:39','2018-02-04 18:54:54','2017-12-26 05:22:18','Benison','Benison'),(5155,12184,'created','2017-08-22 05:24:22','2018-05-31 01:38:02','2018-06-06 14:11:04','2017-06-01 16:04:23','2016-12-17 10:28:50','Benison','Benison'),(5109,12185,'created','2017-06-04 15:04:06','2016-12-04 18:06:41','2016-12-13 06:32:12','2017-07-16 10:57:43','2017-06-02 18:26:44','Benison','Benison'),(5181,12186,'created','2017-03-22 01:32:57','2017-04-04 17:18:56','2016-09-22 07:09:04','2018-06-03 13:52:53','2016-07-31 08:55:24','Benison','Benison'),(5107,12187,'created','2017-09-01 04:58:59','2016-12-13 02:01:18','2016-11-27 12:13:19','2016-11-11 06:09:42','2017-03-27 04:31:26','Benison','Benison'),(5140,12188,'created','2018-04-23 15:40:34','2017-07-31 07:26:23','2018-05-19 22:21:14','2018-02-25 10:39:12','2016-10-05 00:02:23','Benison','Benison'),(5139,12189,'created','2016-08-29 09:02:42','2016-06-22 05:42:00','2017-09-02 23:35:32','2016-12-13 05:53:47','2016-10-01 02:40:07','Benison','Benison'),(5125,12190,'created','2016-09-15 09:25:50','2016-06-26 23:40:39','2017-10-16 11:08:02','2017-06-26 07:19:17','2017-03-30 13:10:49','Benison','Benison'),(5120,12191,'created','2017-08-25 05:16:45','2018-04-20 19:55:51','2017-12-01 21:27:30','2017-01-18 04:38:32','2017-10-29 05:16:55','Benison','Benison'),(5137,12192,'created','2016-08-12 06:21:09','2018-03-05 22:23:51','2017-11-27 16:23:43','2017-09-05 04:46:15','2017-08-17 05:59:07','Benison','Benison'),(5194,12193,'created','2016-12-31 00:56:11','2017-02-17 01:29:09','2017-01-07 09:59:09','2017-04-14 11:33:52','2017-05-16 17:35:20','Benison','Benison'),(5179,12194,'created','2016-10-29 03:23:57','2018-05-05 14:45:13','2018-05-13 19:12:19','2018-02-17 03:38:46','2018-02-18 01:07:36','Benison','Benison'),(5120,12195,'created','2017-10-15 12:46:34','2018-05-05 06:16:48','2018-05-11 22:14:55','2018-05-17 01:29:36','2017-05-26 10:33:04','Benison','Benison'),(5143,12196,'created','2017-07-04 12:11:04','2018-03-05 17:00:05','2016-06-16 01:31:58','2017-04-17 15:23:23','2017-08-04 17:16:29','Benison','Benison'),(5145,12197,'created','2016-06-23 06:04:58','2017-09-15 14:06:17','2016-10-20 20:16:51','2016-07-19 09:16:40','2017-08-12 11:15:30','Benison','Benison'),(5137,12198,'created','2017-06-08 22:59:44','2017-03-20 07:03:33','2017-03-27 07:28:37','2017-12-05 17:36:38','2018-04-30 10:30:35','Benison','Benison'),(5175,12199,'created','2017-02-10 11:32:57','2017-11-06 06:44:19','2018-06-11 02:11:02','2017-12-10 19:30:54','2016-09-22 20:03:14','Benison','Benison'),(5247,12200,'created','2017-10-05 07:26:03','2017-11-17 20:48:46','2018-05-20 04:03:32','2018-03-04 07:27:33','2018-05-10 00:10:17','Benison','Benison'),(5292,12201,'created','2017-12-04 06:21:38','2018-03-10 15:36:50','2017-10-06 06:52:06','2017-02-19 03:17:03','2017-06-24 08:28:11','Benison','Benison'),(5260,12202,'created','2018-05-02 19:32:35','2017-08-11 01:13:15','2017-07-29 21:03:38','2018-03-11 18:05:41','2016-10-29 13:22:42','Benison','Benison'),(5275,12203,'created','2016-08-26 03:12:12','2017-03-23 01:55:52','2017-08-11 04:51:25','2016-10-19 04:45:50','2016-08-16 04:20:32','Benison','Benison'),(5223,12204,'created','2018-03-04 02:29:27','2017-05-14 06:17:33','2016-08-14 01:01:18','2017-03-17 06:47:16','2017-01-28 20:17:49','Benison','Benison'),(5296,12205,'created','2017-01-13 23:51:01','2016-09-08 08:43:51','2017-05-17 14:43:40','2018-01-13 04:30:18','2017-03-20 05:19:08','Benison','Benison'),(5217,12206,'created','2018-02-21 11:41:52','2016-12-17 03:17:33','2016-07-14 16:35:21','2017-08-25 20:56:48','2016-08-28 17:42:10','Benison','Benison'),(5291,12207,'created','2018-03-03 00:11:23','2017-08-26 12:10:01','2017-03-23 13:52:33','2018-02-15 00:48:18','2018-03-09 02:13:24','Benison','Benison'),(5262,12208,'created','2017-03-31 01:48:56','2017-12-28 19:13:47','2017-10-20 00:13:34','2017-06-09 10:02:07','2016-10-10 15:39:44','Benison','Benison'),(5254,12209,'created','2016-07-17 15:04:43','2018-05-23 19:55:31','2018-05-28 13:05:07','2017-09-18 00:54:25','2018-02-13 23:28:40','Benison','Benison'),(5295,12210,'created','2017-03-27 08:10:18','2016-08-25 07:42:56','2017-01-18 19:23:18','2018-01-11 14:22:37','2018-05-05 16:46:59','Benison','Benison'),(5203,12211,'created','2018-02-09 09:40:45','2017-08-30 22:56:03','2017-05-24 21:32:16','2017-09-27 08:08:45','2017-06-30 14:35:18','Benison','Benison'),(5286,12212,'created','2018-01-18 10:52:40','2017-06-24 02:55:20','2016-07-21 08:04:57','2016-08-24 22:03:16','2016-12-06 19:14:47','Benison','Benison'),(5253,12213,'created','2018-01-21 03:36:37','2017-01-31 05:05:43','2016-07-22 16:02:51','2016-12-25 11:14:39','2018-04-21 04:32:59','Benison','Benison'),(5277,12214,'created','2016-09-28 09:52:35','2018-06-06 13:35:46','2017-02-11 14:16:34','2017-11-29 13:40:35','2016-12-18 09:02:15','Benison','Benison'),(5296,12215,'created','2017-03-02 21:45:37','2017-09-22 20:32:37','2016-12-14 11:34:20','2018-05-12 04:00:24','2017-07-26 12:30:36','Benison','Benison'),(5266,12216,'created','2016-10-10 20:51:07','2017-05-22 23:20:59','2017-08-26 01:46:59','2018-04-30 15:23:23','2018-03-18 09:42:36','Benison','Benison'),(5233,12217,'created','2016-12-23 19:06:26','2017-01-26 03:47:21','2017-03-28 15:28:31','2016-10-07 00:36:38','2017-08-28 00:37:33','Benison','Benison'),(5232,12218,'created','2018-03-02 03:46:23','2017-02-04 14:22:20','2018-04-12 03:30:32','2017-03-05 15:43:16','2017-07-29 01:41:00','Benison','Benison'),(5257,12219,'created','2018-02-24 03:25:02','2017-11-11 21:10:33','2017-12-30 05:32:06','2017-06-08 23:12:28','2018-05-04 17:07:50','Benison','Benison'),(5279,12220,'created','2018-06-09 14:18:38','2017-06-18 19:48:27','2016-07-24 16:17:21','2016-09-11 03:06:48','2018-05-15 08:22:33','Benison','Benison'),(5291,12221,'created','2018-05-13 15:27:27','2016-09-07 04:57:02','2016-09-15 09:24:53','2016-09-27 15:07:50','2017-12-25 02:54:08','Benison','Benison'),(5254,12222,'created','2016-09-22 13:35:26','2017-02-26 13:40:04','2017-02-27 13:26:37','2017-07-31 21:42:38','2018-06-11 01:13:23','Benison','Benison'),(5281,12223,'created','2017-10-06 07:57:32','2018-05-08 10:55:53','2017-09-28 17:02:03','2016-09-18 15:28:54','2016-10-09 09:21:58','Benison','Benison'),(5240,12224,'created','2016-10-29 09:24:09','2017-10-18 14:43:32','2017-10-23 01:30:05','2017-02-12 06:40:21','2017-05-29 07:25:55','Benison','Benison'),(5236,12225,'created','2016-11-27 21:50:07','2016-12-04 23:52:09','2016-09-22 08:52:42','2017-10-11 22:45:07','2016-09-27 17:02:15','Benison','Benison'),(5205,12226,'created','2017-12-21 10:59:03','2017-04-19 12:15:15','2016-06-26 10:33:50','2018-02-11 03:37:53','2018-05-31 08:46:50','Benison','Benison'),(5291,12227,'created','2018-03-01 11:37:32','2016-10-07 07:14:26','2016-12-21 03:35:28','2017-05-02 10:39:53','2017-03-28 07:41:15','Benison','Benison'),(5292,12228,'created','2017-09-05 21:59:54','2018-06-09 04:21:45','2016-11-23 19:38:42','2016-07-05 08:28:31','2016-06-26 08:16:05','Benison','Benison'),(5286,12229,'created','2017-01-08 18:36:58','2016-11-02 04:27:52','2017-12-19 01:40:58','2018-03-20 20:39:06','2018-03-17 19:21:12','Benison','Benison'),(5273,12230,'created','2017-05-14 04:20:04','2018-05-30 06:12:51','2017-03-02 10:23:52','2018-04-29 15:34:59','2018-03-27 23:44:14','Benison','Benison'),(5259,12231,'created','2017-05-26 07:41:35','2016-10-17 05:19:43','2016-08-12 14:29:28','2016-08-20 02:27:39','2017-05-04 10:14:05','Benison','Benison'),(5229,12232,'created','2017-10-18 02:59:18','2017-12-29 06:18:07','2018-01-01 16:50:28','2017-07-29 07:10:17','2016-11-23 08:24:35','Benison','Benison'),(5264,12233,'created','2017-01-22 05:58:37','2017-08-17 09:21:29','2017-01-05 05:37:43','2016-09-28 03:37:51','2016-08-05 06:07:51','Benison','Benison'),(5218,12234,'created','2017-12-20 10:15:26','2017-02-19 13:20:24','2016-08-04 23:11:37','2018-02-01 14:58:04','2016-08-04 16:02:06','Benison','Benison'),(5244,12235,'created','2017-10-11 06:13:57','2017-07-02 03:20:05','2017-10-11 04:45:35','2017-10-17 14:55:29','2016-08-17 07:52:43','Benison','Benison'),(5226,12236,'created','2017-01-08 11:37:12','2017-01-25 09:39:39','2017-10-23 00:38:39','2016-10-30 18:12:23','2017-08-21 19:55:20','Benison','Benison'),(5202,12237,'created','2017-04-12 13:32:29','2017-10-03 20:00:49','2017-01-09 20:58:07','2016-11-20 06:21:27','2017-12-18 01:25:51','Benison','Benison'),(5220,12238,'created','2016-08-26 13:13:18','2017-04-19 10:59:20','2016-06-13 01:31:52','2018-05-11 14:28:15','2017-04-06 05:01:27','Benison','Benison'),(5201,12239,'created','2016-10-04 11:21:54','2017-05-21 03:20:26','2017-05-06 18:04:40','2016-07-10 23:25:15','2016-09-15 21:11:22','Benison','Benison'),(5247,12240,'created','2017-09-12 16:19:25','2018-03-14 10:19:19','2016-06-16 18:16:18','2018-01-22 03:34:15','2017-04-28 22:33:10','Benison','Benison'),(5268,12241,'created','2017-04-29 08:05:18','2016-07-17 11:22:33','2017-09-29 13:06:31','2016-10-20 06:11:50','2016-10-12 13:15:15','Benison','Benison'),(5256,12242,'created','2017-02-26 00:14:26','2017-03-13 20:41:48','2017-07-20 04:35:33','2017-08-21 04:47:08','2016-08-03 05:22:16','Benison','Benison'),(5278,12243,'created','2018-01-25 18:41:02','2017-04-26 22:45:52','2017-04-05 22:46:47','2017-08-01 22:53:57','2016-12-14 22:30:04','Benison','Benison'),(5244,12244,'created','2018-02-11 00:48:29','2018-04-10 01:46:23','2016-09-15 04:01:47','2017-10-26 23:04:52','2018-04-11 12:58:56','Benison','Benison'),(5208,12245,'created','2017-03-23 23:08:05','2017-11-30 19:48:52','2017-09-04 04:14:40','2016-08-02 09:44:44','2017-09-09 23:39:28','Benison','Benison'),(5225,12246,'created','2017-02-25 15:39:18','2016-10-31 23:06:24','2017-04-01 10:48:08','2016-11-24 23:36:49','2016-12-13 18:53:03','Benison','Benison'),(5284,12247,'created','2018-02-04 08:52:58','2016-07-03 06:32:03','2016-12-13 19:36:45','2017-11-13 07:17:17','2017-09-27 06:15:03','Benison','Benison'),(5211,12248,'created','2017-11-12 01:10:48','2018-01-24 18:02:57','2017-06-29 20:26:16','2017-05-12 08:34:03','2018-04-25 10:31:13','Benison','Benison'),(5284,12249,'created','2017-12-25 05:25:47','2018-05-09 15:48:33','2018-03-28 06:51:51','2017-07-01 14:21:40','2017-05-17 14:00:28','Benison','Benison'),(5260,12250,'created','2017-04-20 11:15:46','2017-07-14 15:33:36','2018-06-08 11:44:11','2017-12-16 13:46:08','2017-04-05 12:06:09','Benison','Benison'),(5218,12251,'created','2018-06-05 22:23:31','2016-09-23 11:30:36','2017-04-26 13:35:17','2017-11-18 04:13:52','2017-04-16 14:48:26','Benison','Benison'),(5292,12252,'created','2016-12-01 22:53:54','2017-03-09 11:29:09','2017-06-25 19:10:52','2017-06-28 15:11:59','2017-06-16 11:04:25','Benison','Benison'),(5204,12253,'created','2018-05-17 12:36:00','2016-09-02 13:40:36','2017-09-25 14:43:03','2016-10-17 01:46:05','2017-06-10 19:59:17','Benison','Benison'),(5233,12254,'created','2016-10-02 12:15:24','2017-12-18 23:51:58','2016-09-05 01:28:36','2017-03-20 17:54:47','2017-10-27 06:55:17','Benison','Benison'),(5206,12255,'created','2018-05-23 13:05:12','2018-05-31 12:47:58','2017-08-13 05:33:54','2016-12-25 09:02:56','2017-09-05 00:17:56','Benison','Benison'),(5245,12256,'created','2018-01-09 04:56:04','2018-05-03 10:03:57','2018-03-13 18:22:53','2018-03-13 11:17:14','2017-03-26 15:09:47','Benison','Benison'),(5223,12257,'created','2017-03-05 02:26:13','2017-02-06 15:30:38','2016-06-12 02:37:56','2017-06-30 08:47:41','2016-06-16 15:39:38','Benison','Benison'),(5238,12258,'created','2017-04-18 12:41:22','2018-04-17 17:28:29','2017-05-07 01:54:41','2016-11-15 10:13:17','2018-03-17 12:45:49','Benison','Benison'),(5219,12259,'created','2018-01-11 16:27:37','2018-03-14 12:25:37','2017-01-26 20:04:06','2016-12-03 19:22:35','2016-10-16 18:56:20','Benison','Benison'),(5208,12260,'created','2017-06-03 03:47:56','2017-11-20 19:19:02','2018-02-22 02:40:10','2018-04-26 07:43:45','2018-01-25 09:42:24','Benison','Benison'),(5201,12261,'created','2017-09-05 10:24:01','2018-03-31 10:51:14','2017-03-08 16:21:36','2017-02-12 12:58:05','2017-02-15 09:20:14','Benison','Benison'),(5254,12262,'created','2016-12-16 12:15:22','2018-02-12 21:16:23','2016-07-08 17:35:58','2016-07-01 23:26:10','2018-04-13 12:29:43','Benison','Benison'),(5224,12263,'created','2018-02-10 21:04:49','2018-04-19 12:50:25','2017-08-05 05:39:21','2017-07-04 12:37:16','2017-04-25 14:41:18','Benison','Benison'),(5281,12264,'created','2016-07-02 18:59:34','2016-08-30 05:32:38','2017-08-27 02:59:41','2016-11-28 16:57:25','2017-09-03 12:26:56','Benison','Benison'),(5212,12265,'created','2018-04-28 00:35:14','2017-11-11 07:34:16','2017-07-22 22:30:46','2017-02-22 19:18:47','2017-04-22 18:52:55','Benison','Benison'),(5283,12266,'created','2017-07-30 16:14:28','2017-05-20 15:30:28','2017-09-21 16:37:47','2018-01-11 19:42:12','2018-05-18 19:17:48','Benison','Benison'),(5284,12267,'created','2017-12-31 20:43:02','2018-04-07 15:27:27','2016-07-19 06:38:14','2017-08-15 03:10:52','2016-09-02 03:35:08','Benison','Benison'),(5292,12268,'created','2018-04-07 18:18:51','2016-06-15 21:41:56','2016-07-01 04:15:33','2016-11-27 11:11:28','2018-01-23 13:04:39','Benison','Benison'),(5217,12269,'created','2017-05-17 20:23:14','2017-08-06 01:25:58','2018-03-08 04:08:36','2016-07-11 02:28:33','2017-03-09 08:25:19','Benison','Benison'),(5214,12270,'created','2016-08-01 06:55:47','2016-08-26 14:43:36','2017-08-04 09:29:15','2018-06-04 01:00:26','2017-09-14 01:16:59','Benison','Benison'),(5299,12271,'created','2018-02-24 08:38:41','2017-08-14 16:11:23','2017-05-18 16:22:29','2017-03-20 22:19:04','2018-04-28 15:01:01','Benison','Benison'),(5279,12272,'created','2017-04-26 14:47:07','2016-12-10 23:14:22','2017-01-27 12:37:41','2017-05-05 10:47:59','2018-04-22 15:11:30','Benison','Benison'),(5210,12273,'created','2018-05-20 02:19:25','2017-01-31 11:15:47','2016-08-05 18:15:56','2017-02-13 21:19:02','2017-07-23 06:45:34','Benison','Benison'),(5275,12274,'created','2017-08-05 23:27:41','2016-08-30 12:49:47','2018-01-12 22:51:39','2016-07-19 12:24:57','2017-12-15 18:02:04','Benison','Benison'),(5257,12275,'created','2018-05-23 00:21:37','2016-09-17 09:58:43','2017-06-03 06:17:14','2017-05-03 17:39:46','2016-10-20 01:00:51','Benison','Benison'),(5203,12276,'created','2018-05-27 06:28:00','2018-04-25 16:45:54','2017-07-14 06:10:17','2017-12-02 23:25:15','2017-03-06 23:51:07','Benison','Benison'),(5265,12277,'created','2017-07-23 10:59:31','2016-10-16 03:20:51','2017-10-11 09:57:27','2017-08-08 15:08:51','2017-12-03 23:18:07','Benison','Benison'),(5274,12278,'created','2017-05-18 21:48:39','2018-04-04 09:29:33','2017-12-19 13:14:54','2017-06-02 18:50:46','2018-01-15 09:46:11','Benison','Benison'),(5255,12279,'created','2016-11-02 15:40:15','2017-12-23 20:31:39','2018-02-09 05:50:47','2017-01-28 17:10:52','2017-10-27 10:59:24','Benison','Benison'),(5239,12280,'created','2017-10-06 03:42:52','2016-07-03 01:29:29','2017-05-21 07:52:26','2016-08-11 22:08:06','2018-04-16 06:50:39','Benison','Benison'),(5299,12281,'created','2017-04-03 11:25:25','2017-10-22 23:38:53','2017-08-25 06:05:09','2017-05-12 03:01:48','2016-08-09 11:32:44','Benison','Benison'),(5237,12282,'created','2016-10-18 05:30:33','2016-08-07 01:46:46','2017-11-17 14:24:37','2017-08-20 09:22:25','2017-01-29 03:37:25','Benison','Benison'),(5201,12283,'created','2017-10-11 11:55:52','2017-02-15 23:01:11','2017-04-06 11:36:00','2017-11-10 09:48:07','2017-02-27 17:14:20','Benison','Benison'),(5287,12284,'created','2017-10-22 03:30:11','2017-09-23 22:08:00','2017-12-05 20:49:33','2017-05-19 07:19:29','2017-09-24 00:36:46','Benison','Benison'),(5299,12285,'created','2016-12-16 09:29:59','2017-07-22 01:25:17','2018-01-03 01:04:44','2017-01-12 14:44:36','2018-03-07 18:46:00','Benison','Benison'),(5252,12286,'created','2017-11-10 21:06:15','2017-01-18 18:50:10','2016-11-21 11:40:12','2017-05-15 12:13:48','2017-10-10 18:21:45','Benison','Benison'),(5206,12287,'created','2017-08-25 05:52:28','2017-03-10 04:31:01','2017-05-18 22:48:38','2017-06-07 05:05:44','2018-04-12 01:14:49','Benison','Benison'),(5236,12288,'created','2017-11-09 21:29:09','2017-03-01 00:39:39','2018-01-02 16:04:23','2018-05-29 18:50:57','2016-08-01 16:12:26','Benison','Benison'),(5277,12289,'created','2017-01-07 12:00:46','2018-05-20 05:38:55','2018-06-08 23:22:40','2017-12-10 11:28:04','2016-07-22 16:07:13','Benison','Benison'),(5275,12290,'created','2016-11-12 18:47:00','2018-01-17 20:21:45','2017-07-10 12:03:08','2016-09-28 22:30:38','2016-11-25 04:50:27','Benison','Benison'),(5223,12291,'created','2017-01-17 02:18:06','2018-05-31 01:27:40','2018-05-19 11:51:41','2016-12-13 08:21:04','2017-09-26 12:41:25','Benison','Benison'),(5215,12292,'created','2017-07-23 21:41:59','2017-11-01 04:35:55','2017-11-20 04:30:35','2018-02-05 05:47:06','2016-11-24 12:16:44','Benison','Benison'),(5263,12293,'created','2017-11-01 19:08:22','2018-04-14 17:48:18','2016-07-23 11:47:50','2017-09-04 02:48:24','2016-11-28 00:44:17','Benison','Benison'),(5273,12294,'created','2017-06-30 15:20:52','2017-05-04 09:18:48','2016-06-26 18:36:12','2017-02-03 01:40:04','2016-08-12 02:22:22','Benison','Benison'),(5272,12295,'created','2018-03-26 22:38:55','2016-09-09 17:27:40','2018-04-29 15:58:51','2016-10-29 22:40:28','2017-04-07 07:25:57','Benison','Benison'),(5297,12296,'created','2017-10-10 10:38:16','2018-02-19 04:44:30','2017-08-26 04:45:10','2016-08-08 03:15:26','2017-11-18 17:36:42','Benison','Benison'),(5298,12297,'created','2017-11-02 20:58:22','2017-02-19 06:13:18','2017-10-25 07:21:07','2018-04-01 16:25:29','2016-10-06 12:46:19','Benison','Benison'),(5205,12298,'created','2017-10-21 20:30:20','2016-10-20 08:48:27','2018-03-04 02:41:54','2018-01-09 04:12:55','2016-07-05 12:31:01','Benison','Benison'),(5246,12299,'created','2018-05-02 17:11:39','2017-01-30 05:49:12','2017-12-11 01:49:00','2017-03-20 20:51:35','2018-01-17 13:13:05','Benison','Benison'),(5381,12300,'created','2016-09-21 04:40:06','2017-09-27 11:40:13','2016-07-07 08:44:57','2017-06-25 20:20:27','2017-07-30 07:13:51','Benison','Benison'),(5318,12301,'created','2017-11-24 09:38:14','2018-04-16 15:15:08','2017-11-07 09:45:53','2016-11-11 11:11:20','2016-12-16 17:36:38','Benison','Benison'),(5318,12302,'created','2017-01-06 11:12:44','2017-08-30 14:45:41','2018-01-09 10:06:09','2017-09-30 07:07:32','2017-09-07 06:57:27','Benison','Benison'),(5377,12303,'created','2016-10-20 02:25:47','2017-11-08 09:20:32','2017-09-22 19:21:52','2016-11-10 21:08:08','2017-10-17 13:55:43','Benison','Benison'),(5375,12304,'created','2017-03-28 23:50:48','2018-01-04 03:11:37','2017-08-26 10:06:02','2018-02-27 21:54:32','2018-02-20 13:54:52','Benison','Benison'),(5371,12305,'created','2018-05-29 04:41:03','2017-06-27 03:48:36','2018-02-28 06:26:34','2017-04-16 18:49:53','2018-05-28 09:57:59','Benison','Benison'),(5336,12306,'created','2018-06-03 03:56:18','2016-09-01 21:22:38','2017-06-08 22:56:26','2016-11-24 05:50:49','2016-11-19 07:33:55','Benison','Benison'),(5386,12307,'created','2017-03-23 13:11:29','2016-11-23 00:09:47','2017-10-15 03:07:31','2016-07-14 06:12:49','2018-05-17 00:51:56','Benison','Benison'),(5309,12308,'created','2016-11-15 18:06:20','2017-07-14 08:10:58','2016-11-14 08:44:14','2018-04-13 20:42:40','2017-03-07 18:10:32','Benison','Benison'),(5325,12309,'created','2017-09-22 17:05:40','2016-10-18 17:34:26','2016-08-07 06:47:34','2017-02-18 11:20:03','2017-02-16 17:56:27','Benison','Benison'),(5386,12310,'created','2017-04-20 01:34:21','2018-03-05 07:42:37','2017-08-15 17:14:54','2016-08-17 22:53:54','2016-07-13 11:00:25','Benison','Benison'),(5391,12311,'created','2017-12-19 14:31:49','2017-05-12 00:56:04','2017-11-25 15:33:19','2017-05-05 07:55:47','2017-03-13 15:39:07','Benison','Benison'),(5352,12312,'created','2017-04-24 09:33:05','2017-04-09 06:58:03','2016-09-22 18:50:03','2016-10-30 02:25:47','2018-01-15 16:00:46','Benison','Benison'),(5350,12313,'created','2017-06-02 13:19:56','2018-01-10 00:25:15','2017-07-07 15:50:40','2017-02-06 08:36:30','2018-04-02 17:20:40','Benison','Benison'),(5363,12314,'created','2017-12-15 06:09:57','2016-10-22 20:49:29','2016-08-11 07:13:26','2017-04-17 12:17:07','2017-11-16 20:11:11','Benison','Benison'),(5324,12315,'created','2016-11-29 13:38:01','2016-09-01 08:28:48','2016-09-07 04:37:21','2017-10-02 19:52:13','2017-01-11 10:15:29','Benison','Benison'),(5314,12316,'created','2017-03-08 02:47:44','2017-01-03 18:07:41','2017-03-23 18:38:22','2016-06-16 09:20:07','2017-06-27 09:39:01','Benison','Benison'),(5349,12317,'created','2016-08-26 05:44:01','2017-08-24 04:33:16','2018-01-11 13:36:13','2017-02-19 05:14:42','2017-01-13 13:44:25','Benison','Benison'),(5315,12318,'created','2017-11-19 15:32:45','2017-05-08 04:26:40','2017-11-25 18:41:25','2017-06-07 16:37:49','2017-01-09 05:06:28','Benison','Benison'),(5320,12319,'created','2016-12-30 06:05:19','2017-01-20 02:57:24','2018-01-17 10:42:18','2017-04-13 14:22:04','2018-04-13 22:55:28','Benison','Benison'),(5330,12320,'created','2018-03-04 23:47:56','2017-11-07 15:04:28','2016-06-17 03:47:33','2017-04-10 05:06:52','2017-06-19 16:28:52','Benison','Benison'),(5354,12321,'created','2018-01-31 12:09:39','2016-08-14 17:36:36','2018-02-07 20:48:25','2017-04-23 17:08:24','2017-03-22 13:54:50','Benison','Benison'),(5314,12322,'created','2016-09-25 08:52:17','2016-06-21 03:16:12','2017-09-29 10:54:19','2018-04-05 00:35:14','2017-12-08 09:05:11','Benison','Benison'),(5358,12323,'created','2017-10-26 06:50:16','2018-02-21 18:52:08','2018-01-24 14:40:39','2018-03-14 15:52:24','2017-12-25 04:06:34','Benison','Benison'),(5332,12324,'created','2017-09-19 13:30:13','2018-02-04 16:32:03','2018-05-24 17:23:00','2017-10-10 08:29:00','2017-03-26 16:40:17','Benison','Benison'),(5327,12325,'created','2016-08-28 02:24:48','2018-01-22 12:02:41','2018-02-05 03:52:56','2017-11-19 07:09:31','2017-01-15 14:12:09','Benison','Benison'),(5399,12326,'created','2017-11-28 19:23:15','2018-03-17 23:08:15','2017-03-08 21:02:23','2017-09-28 08:46:52','2017-01-08 10:26:07','Benison','Benison'),(5377,12327,'created','2018-06-04 22:15:18','2016-12-28 22:16:55','2017-10-11 02:58:55','2016-08-18 22:14:36','2017-06-29 07:24:58','Benison','Benison'),(5363,12328,'created','2018-03-17 00:18:44','2017-01-24 00:10:47','2017-07-06 20:19:02','2017-05-29 04:12:42','2017-03-08 09:48:15','Benison','Benison'),(5343,12329,'created','2018-03-28 06:37:39','2017-08-08 08:54:19','2018-03-31 02:04:46','2017-09-10 12:41:52','2017-09-03 19:55:04','Benison','Benison'),(5344,12330,'created','2017-10-17 01:21:11','2017-11-03 05:52:08','2016-11-21 02:53:43','2017-02-10 22:00:37','2017-02-14 07:56:24','Benison','Benison'),(5341,12331,'created','2016-07-29 03:13:22','2016-11-26 15:26:33','2017-10-24 17:33:14','2018-02-04 11:14:47','2018-04-25 11:23:20','Benison','Benison'),(5313,12332,'created','2018-03-07 20:06:54','2017-09-07 21:41:56','2016-07-23 20:21:13','2017-11-20 06:37:54','2016-10-02 23:25:32','Benison','Benison'),(5388,12333,'created','2018-02-08 06:29:10','2017-11-05 11:52:02','2017-11-09 19:43:27','2017-01-20 03:27:34','2016-12-19 06:06:44','Benison','Benison'),(5306,12334,'created','2016-10-31 08:01:26','2017-03-24 18:39:31','2016-07-18 02:20:11','2016-06-29 08:22:41','2017-07-21 23:31:21','Benison','Benison'),(5335,12335,'created','2017-06-20 17:58:41','2017-01-16 04:59:50','2018-04-24 21:43:02','2017-07-06 13:51:30','2018-04-08 07:45:29','Benison','Benison'),(5383,12336,'created','2017-09-22 14:55:34','2017-02-08 00:31:37','2017-11-03 10:26:18','2017-11-03 02:39:59','2017-03-10 16:49:52','Benison','Benison'),(5382,12337,'created','2016-10-08 17:57:19','2017-08-30 14:44:47','2016-06-14 04:15:44','2016-11-29 11:39:47','2017-07-12 08:59:58','Benison','Benison'),(5379,12338,'created','2018-01-12 07:16:03','2017-02-11 06:38:06','2017-09-02 19:27:15','2016-12-27 21:51:21','2017-07-01 18:20:37','Benison','Benison'),(5386,12339,'created','2016-12-27 18:34:40','2016-09-22 12:47:34','2017-03-14 23:02:35','2017-12-09 02:25:56','2016-07-07 02:06:45','Benison','Benison'),(5347,12340,'created','2016-06-19 01:31:43','2017-06-08 06:59:43','2017-09-05 21:44:33','2016-10-17 01:19:06','2017-12-31 01:27:52','Benison','Benison'),(5396,12341,'created','2017-07-05 21:30:11','2017-02-17 07:28:12','2017-10-24 08:57:28','2016-08-05 12:35:14','2018-02-10 14:35:35','Benison','Benison'),(5386,12342,'created','2017-06-18 05:40:34','2017-09-13 08:24:44','2017-10-12 13:52:30','2017-07-12 14:53:39','2016-07-13 21:37:19','Benison','Benison'),(5342,12343,'created','2016-07-09 10:43:29','2017-12-22 13:53:09','2017-11-01 10:40:22','2017-02-11 10:34:55','2018-04-16 21:49:44','Benison','Benison'),(5315,12344,'created','2016-08-09 23:58:09','2017-11-21 01:39:13','2017-11-22 21:55:20','2018-03-09 08:59:58','2017-02-09 02:08:12','Benison','Benison'),(5337,12345,'created','2017-12-05 11:49:28','2017-07-05 16:16:05','2016-12-15 07:21:35','2017-02-27 21:34:05','2016-12-05 20:05:56','Benison','Benison'),(5389,12346,'created','2017-12-11 07:41:28','2017-07-29 14:33:09','2016-06-27 15:03:31','2016-08-19 13:41:49','2017-11-21 19:41:48','Benison','Benison'),(5302,12347,'created','2017-01-25 07:19:17','2017-07-04 15:32:48','2018-03-13 06:35:44','2018-02-25 13:24:55','2017-01-19 12:04:33','Benison','Benison'),(5370,12348,'created','2017-02-14 19:24:34','2017-05-17 22:51:51','2016-12-08 12:21:25','2018-04-15 23:50:14','2018-02-09 07:35:39','Benison','Benison'),(5385,12349,'created','2017-07-11 20:12:33','2017-09-14 09:38:29','2017-08-24 18:52:56','2018-05-10 12:13:20','2017-03-22 19:00:38','Benison','Benison'),(5338,12350,'created','2018-04-09 16:06:09','2017-08-08 14:09:27','2017-02-13 09:36:44','2017-08-21 01:45:32','2018-01-08 05:34:27','Benison','Benison'),(5390,12351,'created','2017-07-28 08:41:25','2018-04-17 23:01:16','2017-09-22 07:42:26','2017-10-02 06:11:43','2017-04-26 07:08:03','Benison','Benison'),(5356,12352,'created','2017-08-04 02:36:51','2017-09-13 00:32:27','2017-07-09 13:01:21','2017-03-17 18:31:36','2018-06-11 22:12:08','Benison','Benison'),(5387,12353,'created','2018-04-30 00:26:42','2016-10-22 08:31:03','2016-06-17 01:35:48','2017-12-16 08:32:29','2017-06-28 11:47:47','Benison','Benison'),(5367,12354,'created','2017-11-14 13:35:18','2016-12-10 20:14:40','2017-02-23 07:55:04','2018-02-16 07:54:20','2018-05-05 00:14:50','Benison','Benison'),(5342,12355,'created','2017-11-23 00:03:34','2017-04-27 08:15:40','2017-12-04 06:19:12','2017-11-30 21:52:37','2017-07-19 08:52:15','Benison','Benison'),(5365,12356,'created','2017-09-22 20:19:05','2017-12-19 12:09:26','2016-09-04 12:49:53','2017-08-07 22:02:32','2017-09-26 12:34:47','Benison','Benison'),(5322,12357,'created','2016-12-11 00:50:53','2018-01-08 20:50:01','2017-06-18 03:47:48','2017-07-01 23:59:45','2017-09-01 11:40:25','Benison','Benison'),(5369,12358,'created','2017-03-21 08:39:31','2016-12-25 22:55:41','2017-06-27 07:56:52','2016-09-10 14:59:46','2017-06-23 16:26:46','Benison','Benison'),(5327,12359,'created','2017-04-08 13:59:13','2018-02-18 23:54:50','2018-05-07 19:23:10','2018-03-13 14:24:33','2017-11-10 21:15:59','Benison','Benison'),(5342,12360,'created','2017-05-11 03:02:48','2016-10-13 08:57:45','2017-11-23 18:27:02','2018-02-22 19:05:32','2018-03-15 14:11:18','Benison','Benison'),(5378,12361,'created','2016-11-13 00:04:50','2018-04-06 15:48:01','2016-11-28 16:33:08','2016-08-03 11:10:41','2017-11-02 04:50:00','Benison','Benison'),(5308,12362,'created','2017-01-03 08:51:08','2017-04-19 23:12:43','2018-02-12 16:51:24','2016-10-03 05:00:42','2016-08-13 02:38:06','Benison','Benison'),(5389,12363,'created','2017-03-18 00:25:38','2018-05-08 13:38:33','2016-12-20 21:09:57','2017-01-09 15:12:11','2016-08-10 03:33:41','Benison','Benison'),(5331,12364,'created','2016-08-17 14:23:50','2017-08-23 22:00:13','2018-05-10 22:30:56','2018-04-21 16:13:23','2018-05-05 10:09:02','Benison','Benison'),(5353,12365,'created','2017-03-09 11:07:36','2018-01-02 20:54:09','2017-08-05 05:44:48','2017-07-31 06:54:28','2017-10-29 19:49:53','Benison','Benison'),(5312,12366,'created','2017-04-18 12:57:15','2017-04-06 22:43:47','2017-02-03 11:09:02','2017-10-05 17:39:16','2017-03-22 19:42:36','Benison','Benison'),(5339,12367,'created','2016-10-11 18:57:16','2017-10-24 23:44:05','2017-08-23 06:48:20','2016-06-13 14:49:03','2017-06-08 19:57:48','Benison','Benison'),(5385,12368,'created','2018-04-03 14:29:45','2017-07-17 11:27:27','2016-07-03 13:16:17','2016-09-26 18:39:31','2017-04-21 16:18:14','Benison','Benison'),(5393,12369,'created','2018-03-16 04:36:12','2018-02-17 10:40:57','2018-04-10 07:26:00','2017-09-05 21:29:55','2017-09-11 21:20:06','Benison','Benison'),(5390,12370,'created','2016-11-02 04:18:18','2017-02-22 01:32:04','2017-12-22 21:30:38','2017-06-08 13:41:04','2017-10-01 01:13:13','Benison','Benison'),(5313,12371,'created','2017-02-20 16:42:09','2016-06-14 11:20:03','2017-04-17 14:58:01','2018-02-15 14:20:08','2017-07-31 16:27:03','Benison','Benison'),(5304,12372,'created','2018-05-14 23:59:34','2017-07-19 11:41:25','2016-11-03 15:49:51','2017-09-27 02:08:38','2017-02-19 10:24:18','Benison','Benison'),(5384,12373,'created','2017-08-11 20:20:25','2016-11-20 11:57:35','2017-02-09 01:32:11','2016-09-07 00:57:10','2016-12-02 15:34:13','Benison','Benison'),(5357,12374,'created','2017-12-29 02:33:17','2017-09-11 09:32:41','2017-01-16 20:17:50','2018-05-08 09:30:50','2018-02-22 06:49:19','Benison','Benison'),(5377,12375,'created','2016-12-14 18:15:11','2017-10-02 01:41:44','2016-07-31 00:44:32','2017-09-14 05:43:17','2017-12-25 23:24:20','Benison','Benison'),(5314,12376,'created','2016-07-17 22:04:55','2016-11-05 05:22:28','2017-02-21 03:23:17','2017-03-12 03:06:11','2018-03-09 04:11:57','Benison','Benison'),(5346,12377,'created','2017-03-26 22:11:20','2017-02-12 16:05:50','2018-06-04 07:37:44','2017-01-15 04:06:54','2018-04-11 21:27:13','Benison','Benison'),(5330,12378,'created','2017-01-13 16:16:44','2017-05-13 13:17:09','2016-11-29 08:25:41','2017-12-06 05:34:21','2017-03-26 02:32:09','Benison','Benison'),(5331,12379,'created','2017-02-04 10:23:43','2018-04-28 18:57:32','2017-06-24 16:47:14','2017-01-18 18:49:49','2017-06-15 20:48:37','Benison','Benison'),(5312,12380,'created','2017-08-11 19:02:49','2018-03-10 23:55:37','2017-11-29 09:34:37','2018-06-11 16:39:36','2016-08-07 06:16:06','Benison','Benison'),(5313,12381,'created','2017-03-26 04:04:04','2017-04-01 20:39:15','2017-05-05 07:04:00','2016-07-09 02:08:06','2017-07-22 15:32:37','Benison','Benison'),(5309,12382,'created','2016-10-21 20:40:22','2017-01-08 08:28:37','2016-11-13 05:48:35','2016-08-09 09:54:43','2016-09-12 13:14:24','Benison','Benison'),(5310,12383,'created','2018-01-15 11:47:44','2017-11-04 21:36:05','2016-07-09 01:06:07','2016-08-15 01:38:44','2017-06-08 00:06:43','Benison','Benison'),(5377,12384,'created','2017-10-15 06:22:39','2017-08-07 21:41:10','2016-11-23 01:45:45','2016-10-11 06:48:29','2017-12-08 17:59:27','Benison','Benison'),(5396,12385,'created','2017-10-19 19:40:37','2017-04-13 11:45:56','2018-04-12 04:33:10','2018-03-12 22:34:48','2017-01-07 01:05:41','Benison','Benison'),(5357,12386,'created','2017-03-23 16:51:32','2017-01-05 19:27:45','2017-12-10 16:07:55','2017-09-29 17:32:32','2017-03-26 14:40:13','Benison','Benison'),(5397,12387,'created','2017-06-11 08:33:25','2017-05-19 19:29:29','2018-01-16 13:29:36','2017-03-21 16:01:35','2017-12-20 05:37:01','Benison','Benison'),(5310,12388,'created','2016-10-17 15:05:43','2017-09-09 06:13:37','2018-04-25 09:54:23','2016-08-27 21:10:45','2016-08-10 11:03:10','Benison','Benison'),(5381,12389,'created','2017-03-21 07:59:48','2017-12-31 23:46:31','2018-02-27 13:12:56','2017-04-02 20:03:40','2016-10-18 09:10:11','Benison','Benison'),(5397,12390,'created','2017-03-18 15:56:45','2017-11-01 23:13:35','2017-04-28 16:11:01','2017-08-24 10:19:26','2018-03-02 15:59:01','Benison','Benison'),(5340,12391,'created','2018-05-06 07:52:00','2017-09-24 09:54:01','2016-07-14 14:23:57','2017-08-08 00:46:10','2016-08-31 18:00:22','Benison','Benison'),(5381,12392,'created','2018-05-11 03:28:37','2017-08-01 10:34:42','2016-11-07 12:02:30','2016-10-13 22:51:43','2016-08-25 07:15:29','Benison','Benison'),(5334,12393,'created','2016-08-08 22:12:30','2017-06-18 20:50:43','2017-06-06 05:43:52','2017-11-12 12:12:06','2016-08-17 18:37:36','Benison','Benison'),(5321,12394,'created','2018-02-26 10:50:39','2018-05-31 10:21:58','2016-11-29 20:04:57','2017-08-29 17:48:44','2017-05-23 13:34:34','Benison','Benison'),(5310,12395,'created','2017-09-15 15:40:03','2017-05-27 18:34:16','2018-02-28 13:55:53','2018-05-15 03:15:50','2017-08-16 04:49:12','Benison','Benison'),(5399,12396,'created','2016-08-22 02:25:15','2018-05-29 21:20:19','2018-04-29 18:56:29','2017-12-23 09:43:54','2016-12-08 03:01:57','Benison','Benison'),(5302,12397,'created','2017-10-16 01:00:36','2016-11-18 15:54:04','2017-07-26 00:27:12','2017-05-15 16:43:09','2017-10-30 03:28:29','Benison','Benison'),(5372,12398,'created','2017-09-22 12:00:20','2018-01-14 16:07:27','2017-01-05 15:29:04','2017-12-13 05:44:45','2017-09-04 05:32:19','Benison','Benison'),(5383,12399,'created','2017-11-10 16:17:53','2017-01-23 13:56:07','2016-09-10 05:52:29','2018-02-16 12:37:21','2017-05-12 03:01:07','Benison','Benison'),(5422,12400,'created','2018-01-12 12:45:37','2018-03-26 19:38:46','2017-01-07 11:37:21','2018-01-31 05:29:10','2017-03-17 07:10:28','Benison','Benison'),(5422,12401,'created','2017-03-08 15:18:01','2016-07-19 01:16:05','2018-01-23 09:29:03','2017-09-01 07:43:56','2018-01-05 19:30:01','Benison','Benison'),(5401,12402,'created','2017-11-02 13:12:35','2017-10-21 14:19:28','2017-05-01 13:44:21','2018-01-11 18:58:59','2017-08-23 21:45:49','Benison','Benison'),(5473,12403,'created','2016-12-14 10:43:09','2017-05-22 10:47:16','2017-06-19 23:24:57','2017-08-25 00:01:35','2017-10-27 11:58:19','Benison','Benison'),(5439,12404,'created','2018-03-26 16:46:26','2018-01-20 05:08:46','2017-11-03 00:30:56','2017-12-14 15:25:49','2017-05-13 21:09:38','Benison','Benison'),(5418,12405,'created','2017-07-13 09:37:42','2017-02-19 03:32:50','2018-05-01 20:10:43','2017-12-18 12:00:12','2016-09-08 03:14:19','Benison','Benison'),(5499,12406,'created','2017-07-27 05:41:02','2017-09-11 07:29:00','2016-08-21 09:07:36','2017-05-09 05:43:25','2018-05-06 02:25:37','Benison','Benison'),(5437,12407,'created','2017-01-06 12:56:45','2017-01-30 20:04:38','2016-09-15 15:28:49','2017-03-05 01:45:17','2018-04-07 14:55:03','Benison','Benison'),(5453,12408,'created','2018-02-02 08:45:44','2016-08-21 05:38:50','2017-06-30 23:13:24','2017-11-04 18:47:22','2018-01-10 15:21:21','Benison','Benison'),(5401,12409,'created','2018-03-13 15:16:25','2016-08-08 10:41:59','2018-01-15 22:44:55','2017-06-04 13:00:50','2017-11-06 13:59:50','Benison','Benison'),(5408,12410,'created','2018-02-28 18:28:41','2017-09-23 12:39:54','2016-09-12 18:22:47','2016-06-28 04:39:47','2017-05-14 02:01:31','Benison','Benison'),(5405,12411,'created','2016-06-21 08:41:18','2016-08-29 05:02:17','2018-03-21 15:32:06','2018-01-29 19:07:05','2017-03-08 02:12:55','Benison','Benison'),(5419,12412,'created','2016-12-07 21:00:32','2017-02-10 00:07:53','2018-03-30 01:29:37','2017-01-14 16:50:14','2017-07-02 11:55:17','Benison','Benison'),(5473,12413,'created','2016-10-06 06:27:05','2017-07-22 09:40:11','2017-05-25 00:10:48','2017-07-22 03:52:21','2017-10-27 21:55:08','Benison','Benison'),(5494,12414,'created','2016-11-29 09:26:09','2017-05-19 17:17:45','2017-04-28 11:00:41','2016-08-24 08:11:21','2017-09-30 18:41:23','Benison','Benison'),(5440,12415,'created','2018-05-11 20:23:00','2017-08-02 13:58:33','2017-12-02 07:41:15','2016-10-15 05:33:11','2016-08-01 16:48:43','Benison','Benison'),(5499,12416,'created','2017-05-23 13:49:09','2017-12-15 16:22:49','2017-02-14 20:44:12','2016-07-25 12:56:01','2017-07-03 07:49:21','Benison','Benison'),(5427,12417,'created','2016-07-01 02:00:48','2016-08-25 15:03:35','2016-11-25 10:00:08','2016-10-24 11:34:38','2018-05-02 19:38:12','Benison','Benison'),(5417,12418,'created','2017-05-31 15:47:52','2017-01-17 08:36:42','2016-12-19 16:57:29','2016-09-20 00:50:10','2017-11-20 09:05:44','Benison','Benison'),(5411,12419,'created','2018-05-14 03:07:44','2017-08-02 07:27:53','2017-03-04 03:50:34','2017-06-27 14:00:49','2016-09-19 04:56:03','Benison','Benison'),(5437,12420,'created','2017-05-23 14:23:04','2017-10-17 00:38:28','2016-10-30 14:42:42','2018-01-09 21:32:08','2016-10-05 00:09:00','Benison','Benison'),(5432,12421,'created','2018-05-15 10:32:05','2017-01-27 10:07:04','2017-10-09 09:40:32','2016-07-22 08:27:24','2016-09-21 17:51:52','Benison','Benison'),(5400,12422,'created','2017-01-12 08:36:15','2017-10-09 23:49:56','2017-05-21 21:56:35','2017-07-10 11:17:29','2018-02-20 13:53:06','Benison','Benison'),(5418,12423,'created','2017-03-22 19:17:50','2018-03-25 09:48:05','2016-09-12 10:48:50','2016-12-28 05:31:28','2018-04-09 06:25:39','Benison','Benison'),(5480,12424,'created','2018-05-15 20:35:12','2018-02-27 01:32:14','2017-10-15 18:17:42','2018-01-10 00:53:38','2018-02-17 22:23:02','Benison','Benison'),(5472,12425,'created','2017-06-27 00:48:05','2017-05-02 16:17:23','2018-03-21 09:13:30','2017-10-22 13:43:21','2016-11-09 06:20:35','Benison','Benison'),(5457,12426,'created','2017-05-28 04:11:15','2017-07-16 12:13:06','2017-01-26 03:58:06','2016-07-24 01:36:39','2017-08-22 14:44:17','Benison','Benison'),(5401,12427,'created','2016-07-21 00:53:59','2017-09-09 06:34:11','2016-11-10 17:45:41','2017-03-21 16:47:01','2016-12-06 11:24:25','Benison','Benison'),(5483,12428,'created','2016-12-25 10:45:15','2017-04-15 12:43:32','2016-07-24 20:22:00','2016-10-10 11:24:20','2017-04-18 04:14:26','Benison','Benison'),(5498,12429,'created','2016-12-21 04:29:08','2016-07-06 00:36:46','2017-01-27 20:49:23','2016-11-26 12:51:07','2017-07-15 05:00:59','Benison','Benison'),(5463,12430,'created','2018-01-23 12:58:13','2018-02-09 04:00:44','2017-07-04 05:18:43','2016-06-12 23:01:42','2017-01-21 04:44:47','Benison','Benison'),(5459,12431,'created','2017-07-16 01:34:42','2016-10-31 18:41:29','2017-08-10 01:39:06','2017-04-06 08:58:02','2016-06-17 01:53:11','Benison','Benison'),(5491,12432,'created','2017-12-30 10:40:51','2016-08-26 08:48:31','2017-12-28 07:31:17','2016-10-28 10:50:09','2017-10-10 04:36:11','Benison','Benison'),(5417,12433,'created','2018-04-11 19:41:56','2016-11-19 04:49:36','2017-08-07 13:23:06','2017-01-21 12:33:53','2017-03-26 16:25:11','Benison','Benison'),(5457,12434,'created','2016-08-19 05:47:24','2016-12-16 19:13:15','2018-04-03 16:38:22','2018-01-05 12:42:49','2017-12-16 05:21:11','Benison','Benison'),(5414,12435,'created','2017-05-01 15:19:52','2016-11-18 15:42:10','2016-10-28 08:31:02','2018-04-09 09:25:25','2018-02-02 06:58:19','Benison','Benison'),(5443,12436,'created','2017-08-07 13:19:14','2017-02-08 20:27:38','2016-12-08 10:26:56','2018-03-18 04:23:20','2017-05-12 05:54:20','Benison','Benison'),(5421,12437,'created','2017-08-30 10:27:08','2016-08-08 00:36:59','2016-06-24 09:22:45','2017-08-02 00:17:17','2017-02-27 06:59:06','Benison','Benison'),(5434,12438,'created','2017-06-01 18:31:55','2018-03-21 04:40:41','2016-11-08 22:10:28','2017-10-31 00:17:44','2017-09-11 13:21:11','Benison','Benison'),(5438,12439,'created','2017-10-06 16:25:31','2016-07-08 03:33:43','2016-10-03 14:31:52','2017-05-11 03:53:15','2017-11-04 03:20:20','Benison','Benison'),(5486,12440,'created','2018-04-27 05:47:14','2018-02-01 04:24:44','2016-08-15 04:58:14','2018-01-10 10:04:43','2017-01-12 20:15:06','Benison','Benison'),(5443,12441,'created','2017-06-07 14:33:35','2017-05-27 07:09:14','2017-10-01 12:54:17','2016-07-04 04:00:41','2016-09-09 18:42:06','Benison','Benison'),(5470,12442,'created','2018-05-21 08:25:10','2017-02-15 05:33:24','2018-03-11 06:17:08','2016-12-20 08:30:41','2017-05-09 14:56:58','Benison','Benison'),(5467,12443,'created','2017-08-17 23:13:01','2017-04-07 08:30:23','2016-11-29 11:40:16','2018-02-19 21:31:39','2017-02-28 12:42:08','Benison','Benison'),(5492,12444,'created','2017-05-21 23:42:34','2017-11-10 10:29:24','2017-07-20 06:56:04','2017-08-13 01:32:49','2017-03-05 20:56:58','Benison','Benison'),(5437,12445,'created','2017-01-18 12:08:54','2017-11-06 11:19:14','2018-06-05 01:52:34','2018-03-12 00:05:43','2017-06-11 21:34:48','Benison','Benison'),(5437,12446,'created','2017-08-07 20:32:29','2018-04-18 01:12:55','2018-04-25 03:56:02','2017-02-09 15:24:02','2016-07-31 21:47:38','Benison','Benison'),(5425,12447,'created','2017-04-21 23:07:04','2017-08-09 20:45:12','2016-07-19 05:12:28','2016-07-23 18:06:02','2016-09-02 01:28:32','Benison','Benison'),(5479,12448,'created','2018-05-31 08:23:53','2018-06-06 02:53:35','2016-08-16 16:04:39','2017-12-20 06:45:59','2018-05-25 22:11:53','Benison','Benison'),(5482,12449,'created','2017-08-03 12:57:32','2016-11-13 07:49:36','2016-12-02 21:49:56','2017-08-21 10:14:49','2017-07-28 05:38:45','Benison','Benison'),(5437,12450,'created','2017-03-25 14:24:43','2017-11-01 06:11:30','2017-01-18 15:18:51','2017-03-03 06:17:25','2017-12-17 06:33:02','Benison','Benison'),(5412,12451,'created','2017-01-29 16:24:41','2017-08-16 07:37:33','2018-04-02 13:35:40','2016-07-31 13:09:11','2016-10-21 06:49:34','Benison','Benison'),(5495,12452,'created','2017-01-03 05:19:07','2017-04-08 00:46:13','2017-08-25 12:03:59','2016-12-14 05:43:37','2018-03-29 15:46:50','Benison','Benison'),(5423,12453,'created','2017-12-22 05:56:43','2016-07-15 05:51:52','2018-05-20 02:37:27','2016-08-24 17:03:47','2016-07-09 22:02:46','Benison','Benison'),(5482,12454,'created','2018-03-31 16:17:13','2017-06-11 17:39:38','2018-04-20 15:18:02','2017-04-20 08:38:53','2017-01-28 05:22:42','Benison','Benison'),(5417,12455,'created','2017-03-04 06:27:24','2018-06-08 21:35:23','2016-08-23 23:47:07','2018-03-15 12:27:17','2018-05-06 10:25:58','Benison','Benison'),(5454,12456,'created','2018-05-08 16:49:35','2017-04-14 18:46:52','2018-02-15 02:02:53','2016-10-17 12:49:28','2016-09-25 02:23:00','Benison','Benison'),(5482,12457,'created','2016-10-14 05:44:10','2017-07-28 23:18:52','2017-09-19 02:00:58','2018-02-09 20:37:20','2016-09-26 02:49:49','Benison','Benison'),(5418,12458,'created','2016-07-07 14:07:45','2018-03-06 06:35:15','2017-11-05 03:28:45','2018-02-13 15:03:12','2017-07-19 14:28:19','Benison','Benison'),(5444,12459,'created','2016-12-19 22:57:59','2016-06-21 00:32:57','2016-08-30 20:50:54','2017-04-27 09:12:58','2017-06-18 23:34:27','Benison','Benison'),(5466,12460,'created','2018-03-10 07:26:16','2017-11-20 21:10:46','2016-07-08 09:35:47','2017-02-04 23:54:05','2018-06-03 06:25:11','Benison','Benison'),(5422,12461,'created','2017-02-18 06:32:15','2017-04-28 23:08:42','2017-11-03 07:42:11','2018-05-01 03:45:57','2016-10-26 02:38:56','Benison','Benison'),(5478,12462,'created','2017-05-23 09:29:40','2018-04-29 07:21:03','2016-11-19 09:59:49','2016-11-19 14:20:19','2017-05-15 16:37:35','Benison','Benison'),(5481,12463,'created','2017-04-08 07:06:39','2018-04-24 09:45:45','2017-07-26 21:17:21','2017-02-17 07:22:17','2017-10-03 05:40:26','Benison','Benison'),(5404,12464,'created','2018-02-18 01:28:45','2018-04-24 01:53:26','2017-07-02 13:43:15','2016-12-15 10:33:35','2017-11-11 11:34:02','Benison','Benison'),(5471,12465,'created','2016-06-22 04:10:47','2017-10-29 02:34:03','2017-04-09 05:24:42','2016-09-05 00:27:28','2016-12-19 01:12:14','Benison','Benison'),(5425,12466,'created','2017-12-29 22:23:22','2018-06-01 09:49:36','2018-04-05 16:18:16','2016-10-04 14:01:20','2018-05-29 23:29:40','Benison','Benison'),(5400,12467,'created','2016-12-04 16:42:06','2017-04-17 15:38:51','2017-12-26 06:07:24','2017-03-28 10:27:27','2016-10-07 02:45:37','Benison','Benison'),(5475,12468,'created','2016-08-15 17:27:32','2016-08-22 04:52:09','2016-12-29 09:01:42','2018-01-28 20:08:01','2018-05-05 16:20:37','Benison','Benison'),(5451,12469,'created','2017-12-03 17:15:45','2017-09-02 01:34:42','2018-06-08 03:01:31','2017-03-30 03:42:35','2016-11-14 15:49:02','Benison','Benison'),(5490,12470,'created','2017-04-08 23:27:46','2017-02-27 23:14:22','2017-11-30 02:38:29','2017-11-04 15:05:16','2017-01-12 16:15:55','Benison','Benison'),(5431,12471,'created','2017-11-18 11:37:44','2017-02-25 20:24:16','2018-05-02 06:32:22','2017-11-11 05:09:05','2016-12-06 16:24:21','Benison','Benison'),(5430,12472,'created','2017-10-12 22:16:14','2017-09-20 19:28:11','2016-07-31 04:01:03','2018-03-12 17:28:06','2017-09-06 13:06:31','Benison','Benison'),(5455,12473,'created','2017-01-25 07:40:44','2017-03-26 18:16:13','2017-03-10 11:41:59','2018-03-07 10:23:37','2016-08-10 01:32:24','Benison','Benison'),(5455,12474,'created','2018-01-20 10:16:46','2018-02-28 13:13:07','2017-04-03 19:30:31','2016-07-16 17:00:24','2017-05-18 04:29:34','Benison','Benison'),(5491,12475,'created','2016-10-28 20:22:12','2016-10-05 22:49:00','2016-10-20 03:46:32','2016-07-02 22:49:16','2018-05-12 16:00:01','Benison','Benison'),(5469,12476,'created','2017-11-21 22:01:28','2016-10-27 08:44:19','2017-07-24 19:50:43','2018-03-27 23:39:45','2017-06-24 14:11:05','Benison','Benison'),(5445,12477,'created','2016-10-24 13:50:40','2016-09-12 15:51:37','2017-02-04 17:54:58','2016-07-03 05:44:10','2016-10-14 11:45:53','Benison','Benison'),(5454,12478,'created','2016-11-29 17:21:35','2017-01-09 20:36:19','2018-03-18 23:34:48','2017-01-15 17:22:01','2016-06-25 21:26:29','Benison','Benison'),(5408,12479,'created','2017-07-13 01:42:39','2017-11-25 04:37:22','2017-07-17 01:38:56','2016-09-10 12:23:19','2018-02-27 04:26:04','Benison','Benison'),(5440,12480,'created','2017-09-20 01:32:34','2017-04-30 20:42:09','2017-12-16 15:59:42','2016-09-05 12:32:00','2016-09-29 21:10:54','Benison','Benison'),(5437,12481,'created','2016-10-29 07:45:30','2017-04-10 22:01:52','2017-09-05 09:45:38','2017-10-13 19:24:17','2018-05-09 00:01:02','Benison','Benison'),(5413,12482,'created','2017-02-01 13:32:41','2018-01-05 04:42:54','2016-09-09 11:41:19','2016-08-29 00:14:00','2017-01-09 09:04:59','Benison','Benison'),(5432,12483,'created','2017-08-22 18:27:07','2017-12-12 01:02:51','2016-07-01 03:06:17','2016-09-03 22:19:39','2016-06-23 01:13:03','Benison','Benison'),(5467,12484,'created','2016-06-15 18:58:02','2018-04-23 23:34:25','2018-03-01 10:20:52','2018-03-12 17:15:29','2018-02-14 02:13:57','Benison','Benison'),(5462,12485,'created','2016-06-21 02:17:57','2018-02-22 08:35:48','2016-12-23 03:55:52','2017-02-14 02:59:06','2016-09-13 04:10:20','Benison','Benison'),(5463,12486,'created','2016-12-16 10:30:20','2018-02-11 10:42:59','2017-04-19 01:53:30','2017-11-05 03:46:08','2017-11-12 21:49:21','Benison','Benison'),(5445,12487,'created','2016-08-24 19:30:59','2017-08-17 05:13:58','2018-03-02 13:45:39','2017-03-12 12:37:59','2017-05-24 11:13:18','Benison','Benison'),(5410,12488,'created','2017-05-20 05:43:36','2018-03-22 05:04:19','2016-11-30 16:54:15','2016-07-30 14:32:56','2017-01-04 13:22:29','Benison','Benison'),(5484,12489,'created','2018-05-23 20:05:25','2016-10-28 05:08:27','2016-12-15 21:37:35','2016-12-18 05:58:48','2017-01-13 20:08:21','Benison','Benison'),(5409,12490,'created','2018-02-02 07:23:45','2017-02-06 09:57:57','2017-01-12 07:37:45','2017-12-14 11:43:55','2017-10-28 02:04:41','Benison','Benison'),(5448,12491,'created','2016-09-23 14:21:12','2016-11-10 07:04:48','2017-05-23 08:17:36','2017-10-27 03:24:55','2016-08-26 03:46:51','Benison','Benison'),(5449,12492,'created','2017-08-16 02:02:57','2018-02-20 02:52:47','2017-01-01 16:47:27','2017-03-09 06:22:27','2017-07-10 07:53:48','Benison','Benison'),(5405,12493,'created','2017-11-05 03:41:38','2017-07-24 22:55:28','2016-09-10 19:23:51','2017-08-31 13:37:49','2018-01-02 12:26:34','Benison','Benison'),(5485,12494,'created','2017-10-16 22:42:52','2017-02-25 19:09:40','2017-06-19 14:40:11','2017-09-20 09:38:47','2016-12-12 13:01:08','Benison','Benison'),(5490,12495,'created','2016-10-15 02:33:36','2016-09-02 09:50:45','2017-02-19 14:24:09','2016-09-23 06:46:50','2017-11-08 22:37:40','Benison','Benison'),(5409,12496,'created','2017-09-07 15:36:13','2017-06-04 20:53:08','2017-02-17 22:38:14','2017-05-06 10:12:36','2017-03-10 00:39:42','Benison','Benison'),(5425,12497,'created','2017-09-15 18:41:45','2018-01-26 14:06:47','2017-10-10 14:34:28','2017-06-29 03:51:57','2017-10-30 17:00:53','Benison','Benison'),(5452,12498,'created','2017-03-29 03:32:17','2018-04-13 04:27:46','2016-10-05 12:48:16','2017-01-30 04:08:15','2018-02-27 23:34:01','Benison','Benison'),(5461,12499,'created','2017-06-22 01:37:59','2016-06-24 18:45:53','2018-05-07 16:06:03','2017-10-21 02:57:39','2017-05-12 02:12:42','Benison','Benison');

/*Table structure for table `jobModelFlashDetails` */

DROP TABLE IF EXISTS `jobModelFlashDetails`;

CREATE TABLE `jobModelFlashDetails` (
  `jobmodelflashdetailsId` int(11) NOT NULL AUTO_INCREMENT,
  `jobId` int(11) DEFAULT NULL,
  `psku` varchar(255) DEFAULT NULL,
  `jobItemId` int(11) DEFAULT NULL,
  `macAddress` varchar(35) DEFAULT NULL,
  `status` varchar(10) DEFAULT NULL,
  `version` varchar(10) DEFAULT NULL,
  `serialNo` varchar(30) DEFAULT NULL,
  `imageType` tinyint(1) DEFAULT NULL,
  `boardMacAddress` varchar(35) DEFAULT NULL,
  `downloadLink` varchar(1024) DEFAULT NULL,
  `imageName` varchar(1024) DEFAULT NULL,
  `lastUpdatedTime` timestamp NOT NULL DEFAULT CURRENT_TIMESTAMP ON UPDATE CURRENT_TIMESTAMP,
  PRIMARY KEY (`jobmodelflashdetailsId`),
  KEY `jobId` (`jobId`),
  KEY `modelId` (`psku`),
  CONSTRAINT `jobmodelflashdetails_fk_1` FOREIGN KEY (`jobId`) REFERENCES `jobMaster` (`jobId`),
  CONSTRAINT `jobmodelflashdetails_fk_2` FOREIGN KEY (`psku`) REFERENCES `product` (`psku`)
) ENGINE=InnoDB DEFAULT CHARSET=latin1;

/*Data for the table `jobModelFlashDetails` */

/*Table structure for table `login` */

DROP TABLE IF EXISTS `login`;

CREATE TABLE `login` (
  `userId` varchar(16) NOT NULL,
  `password` varchar(100) NOT NULL,
  `employeeId` char(5) NOT NULL,
  `accessLevel` tinyint(3) unsigned NOT NULL,
  `extNo` smallint(6) DEFAULT NULL,
  `userName` varchar(50) DEFAULT NULL
) ENGINE=InnoDB DEFAULT CHARSET=latin1;

/*Data for the table `login` */

/*Table structure for table `model` */

DROP TABLE IF EXISTS `model`;

CREATE TABLE `model` (
  `modelId` varchar(64) NOT NULL,
  `description` varchar(50) NOT NULL,
  `domesticPrice` decimal(10,0) NOT NULL,
  `intlPrice` decimal(10,0) NOT NULL,
  `manfDescription` varchar(50) NOT NULL,
  PRIMARY KEY (`modelId`)
) ENGINE=InnoDB DEFAULT CHARSET=latin1;

/*Data for the table `model` */

/*Table structure for table `modelMacDetails` */

DROP TABLE IF EXISTS `modelMacDetails`;

CREATE TABLE `modelMacDetails` (
  `modelmacdetailsId` int(11) NOT NULL AUTO_INCREMENT,
  `jobmodelflashdetailsId` int(11) DEFAULT NULL,
  `macAddress` varchar(35) DEFAULT NULL,
  `macType` tinyint(4) DEFAULT NULL,
  PRIMARY KEY (`modelmacdetailsId`),
  KEY `jobmodelflashdetailsId_idx` (`jobmodelflashdetailsId`),
  CONSTRAINT `jobmodelflashdetailsId` FOREIGN KEY (`jobmodelflashdetailsId`) REFERENCES `jobModelFlashDetails` (`jobmodelflashdetailsId`)
) ENGINE=InnoDB DEFAULT CHARSET=latin1;

/*Data for the table `modelMacDetails` */

/*Table structure for table `pendingFlashJobs` */

DROP TABLE IF EXISTS `pendingFlashJobs`;

CREATE TABLE `pendingFlashJobs` (
  `macAddress` varchar(50) NOT NULL,
  `modelId` varchar(50) NOT NULL,
  `serialNumber` varchar(50) NOT NULL,
  `qualityCheck` int(11) NOT NULL
) ENGINE=InnoDB DEFAULT CHARSET=latin1;

/*Data for the table `pendingFlashJobs` */

/*Table structure for table `product` */

DROP TABLE IF EXISTS `product`;

CREATE TABLE `product` (
  `productId` int(11) NOT NULL AUTO_INCREMENT,
  `psku` varchar(255) NOT NULL,
  `description` varchar(255) DEFAULT NULL,
  `maxAppCount` int(11) DEFAULT NULL,
  `maxVlanCount` int(11) DEFAULT NULL,
  PRIMARY KEY (`productId`),
  UNIQUE KEY `psku` (`psku`)
) ENGINE=InnoDB DEFAULT CHARSET=latin1;

/*Data for the table `product` */

insert  into `product`(`psku`,`description`,`maxAppCount`,`maxVlanCount`) values ('MD1250-KJxx','MD1250-KJxx.conf',0,5),('MD1270-KJxx','MD1270-KJxx.conf',0,5),('MD1350-KKJxxx','MD1350-KKJxxx.conf',0,5),('MD1550-KJxx','MD1550-KJxx.conf',0,5),('MD4144-4xxx','4-slot motherboard, Mesh software, 4.9GHz uplink, 4.9GHz scanner,EMA 67 enclosure, pole mounting brackets',5,3),('MD4245-x4x4','4-slot motherboard, Mesh software, 4.9GHz uplink, 4.9GHz scanner,EMA 67 enclosure, pole mounting brackets',5,3),('MD4440-4444','4-slot motherboard, Mesh software, 4.9GHz uplink, 4.9GHz scanner,EMA 67 enclosure, pole mounting brackets',5,3),('MD4454-AAIA','MD4454-AAIA.conf',5,3),('MD4454-AAII','MD4454-AAII.conf',5,3),('MD4454-AII','MD4454-AII.conf',5,3),('MD4455-AA-B','MD4455-AA-B.conf',5,3),('MD4455-AA-G','MD4455-AA-G.conf',5,3),('MD4455-AAGA','MD4455-AAGA.conf',5,3),('MD4455-AAIA','MD4455-AAIA.conf',5,3),('MD4458-AA-BB','MD4458-AA-BB.conf',5,3),('MD4458-AA-GG','MD4458-AA-GG.conf',5,3),('MD6350-KKJxxx','MD6350-KKJxxx.conf',5,5),('MD6351-KKJxxx','MD6351-KKJxxx.conf',5,5),('MD6425-JJJIxx','MD6425-JJJIxx.conf',5,5),('MD6455-CCJAxx','MD6455-CCJAxx.conf',5,5);

/*Table structure for table `productItem` */

DROP TABLE IF EXISTS `productItem`;

CREATE TABLE `productItem` (
  `productItemId` int(11) NOT NULL AUTO_INCREMENT,
  `quantity` int(11) NOT NULL,
  `psku` varchar(255) DEFAULT NULL,
  `rsku` varchar(255) DEFAULT NULL,
  PRIMARY KEY (`productItemId`),
  KEY `psku` (`psku`),
  KEY `rsku` (`rsku`),
  CONSTRAINT `Product_FK_1` FOREIGN KEY (`psku`) REFERENCES `product` (`psku`),
  CONSTRAINT `RawInventory_FK_1` FOREIGN KEY (`rsku`) REFERENCES `rawInventory` (`rsku`)
) ENGINE=InnoDB DEFAULT CHARSET=latin1;

/*Data for the table `productItem` */

insert  into `productItem`(`productItemId`,`quantity`,`psku`,`rsku`) values (1,48,'MD4245-x4x4','MBENC'),(2,38,'MD4144-4xxx','SR2'),(3,60,'MD4440-4444','MB4'),(4,10,'MD6350-KKJxxx','CM10'),(5,2,'MD6350-KKJxxx','CM10-SC'),(6,3,'MD6425-JJJIxx','MB4'),(7,5,'MD6455-CCJAxx','PoE'),(8,10,'MD4454-AAIA','SR2'),(9,4,'MD4454-AAII','MBENC'),(10,23,'MD4454-AII','PoE'),(11,4,'MD4455-AA-B','MB4'),(12,30,'MD4455-AA-B','PoE'),(13,4,'MD4455-AA-G','MBENC'),(14,2,'MD4455-AAGA','MB4'),(15,5,'MD4455-AAGA','MBENC'),(16,10,'MD4455-AAIA','SR5'),(17,10,'MD4458-AA-BB','SR2'),(18,15,'MD4458-AA-GG','MBENC'),(19,10,'MD6351-KKJxxx','CM10'),(20,10,'MD1350-KKJxxx','CM10'),(21,2,'MD1350-KKJxxx','CM10-SC'),(22,10,'MD1250-KJxx','SR2'),(23,12,'MD1550-KJxx','CM10-SC'),(24,10,'MD1270-KJxx','PoE'),(25,10,'MD1270-KJxx','SR5');

/*Table structure for table `rawInventory` */

DROP TABLE IF EXISTS `rawInventory`;

CREATE TABLE `rawInventory` (
  `rawInventoryId` int(11) NOT NULL AUTO_INCREMENT,
  `rsku` varchar(255) NOT NULL,
  `comment` varchar(255) DEFAULT NULL,
  `description` varchar(255) DEFAULT NULL,
  PRIMARY KEY (`rawInventoryId`),
  UNIQUE KEY `rsku` (`rsku`)
) ENGINE=InnoDB DEFAULT CHARSET=latin1;

/*Data for the table `rawInventory` */

insert  into `rawInventory`(`rsku`,`comment`,`description`) values ('CM10','Wistron 400 mW Mini-PCI','03/16/2010'),('CM10-SC','Wistrons @ MeshDynamics (SC)','Updated by MD only [as of 5/28/08]'),('MB4','4-slot motherboard (SP102)','03/16/2010'),('MBENC','Mini-Box enclosure Kit','03/16/2010'),('PoE','24V 2A Power over Ethernet','03/16/2010'),('SR2','Ubiquiti 2.4 GHz Mini-PCI','Non-inventory'),('SR5','Ubiquiti 5 GHz Mini-PCI','Non-inventory');

/*Table structure for table `rawPayment` */

DROP TABLE IF EXISTS `rawPayment`;

CREATE TABLE `rawPayment` (
  `rpId` int(11) NOT NULL AUTO_INCREMENT,
  `amount` double DEFAULT NULL,
  `closed` datetime DEFAULT NULL,
  `closedBy` varchar(255) DEFAULT NULL,
  `created` datetime DEFAULT NULL,
  `createdBy` varchar(255) DEFAULT NULL,
  `invId` int(11) DEFAULT NULL,
  `notes` varchar(255) DEFAULT NULL,
  `state` varchar(255) DEFAULT NULL,
  `custId` int(11) DEFAULT NULL,
  PRIMARY KEY (`rpId`),
  KEY `closedBy` (`closedBy`),
  KEY `createdBy` (`createdBy`),
  KEY `custId` (`custId`),
  CONSTRAINT `rawPayment_ibfk_1` FOREIGN KEY (`closedBy`) REFERENCES `userRole` (`userName`),
  CONSTRAINT `rawPayment_ibfk_2` FOREIGN KEY (`createdBy`) REFERENCES `userRole` (`userName`),
  CONSTRAINT `rawPayment_ibfk_3` FOREIGN KEY (`custId`) REFERENCES `customer` (`custId`)
) ENGINE=InnoDB AUTO_INCREMENT=33 DEFAULT CHARSET=latin1;

/*Data for the table `rawPayment` */

insert  into `rawPayment`(`rpId`,`amount`,`closed`,`closedBy`,`created`,`createdBy`,`invId`,`notes`,`state`,`custId`) values (24000,20740,'2017-05-16 08:00:47','Benison','2017-01-24 20:52:13','Benison',5076,'erat vitae','risus',76),(24001,82213,'2016-10-07 11:00:52','Benison','2016-07-30 22:12:10','Benison',5020,'nisi nibh lacinia','urna,',11),(24002,52071,'2016-11-01 04:29:15','Benison','2018-05-25 02:18:19','Benison',5061,'eget laoreet','ornare,',58),(24003,98655,'2017-10-09 21:48:29','Benison','2016-12-28 06:54:00','Benison',5061,'Donec consectetuer','eget',14),(24004,62960,'2018-01-20 10:08:29','Benison','2016-07-29 00:35:35','Benison',5045,'habitant','consectetuer',19),(24005,41327,'2018-02-04 04:05:13','Benison','2017-03-19 16:04:37','Benison',5040,'scelerisque','Aliquam',12),(24006,46088,'2016-08-08 18:42:00','Benison','2017-08-10 04:47:40','Benison',5077,'turpis vitae','sit',31),(24007,7090,'2017-01-31 21:48:32','Benison','2017-10-22 11:56:29','Benison',5036,'eget','neque',15),(24008,82431,'2017-01-06 14:16:05','Benison','2017-10-15 01:01:31','Benison',5066,'euismod in,','non',59),(24009,97692,'2016-10-13 19:46:31','Benison','2017-03-18 21:15:18','Benison',5011,'Sed molestie.','erat',79),(24010,30772,'2017-01-07 14:01:04','Benison','2016-10-17 15:32:32','Benison',5033,'ipsum. Curabitur consequat,','Nulla',88),(24011,38489,'2016-12-26 08:26:04','Benison','2016-07-03 00:22:29','Benison',5065,'auctor vitae, aliquet','enim.',52),(24012,74207,'2017-03-16 20:04:05','Benison','2017-04-30 20:12:16','Benison',5095,'cursus luctus, ipsum','gravida',7),(24013,94509,'2016-12-02 13:38:53','Benison','2016-10-01 06:02:35','Benison',5014,'mollis','eleifend',8),(24014,18806,'2018-05-24 08:26:04','Benison','2018-05-27 03:45:20','Benison',5039,'metus.','sem',4),(24015,66292,'2018-03-02 17:59:12','Benison','2018-01-19 13:41:05','Benison',5079,'vitae diam.','purus.',37),(24016,87717,'2016-06-19 16:34:05','Benison','2018-02-07 20:37:35','Benison',5030,'varius orci,','et',49),(24017,27978,'2016-07-26 16:22:42','Benison','2016-11-20 01:10:07','Benison',5097,'nibh dolor, nonummy','Praesent',97),(24018,10266,'2018-05-21 22:59:25','Benison','2017-10-01 08:55:46','Benison',5059,'justo. Proin non','felis.',40),(24019,77783,'2017-07-30 02:39:48','Benison','2017-01-20 13:24:01','Benison',5059,'congue turpis.','ac',66),(24020,4232,'2016-10-09 15:35:56','Benison','2017-12-25 05:21:43','Benison',5084,'Mauris nulla.','dignissim',48),(24021,21594,'2016-06-10 20:08:00','Benison','2017-05-06 01:50:06','Benison',5031,'et, commodo at,','tristique',87),(24022,82723,'2017-02-11 22:41:05','Benison','2018-06-05 10:50:07','Benison',5039,'Vivamus nibh dolor,','commodo',82),(24023,92567,'2018-04-20 22:59:44','Benison','2016-08-18 13:04:04','Benison',5089,'tempor bibendum.','consectetuer',65),(24024,39212,'2017-11-27 17:36:52','Benison','2017-06-01 09:21:00','Benison',5059,'senectus','lectus.',79),(24025,34964,'2017-08-22 05:10:12','Benison','2017-09-05 04:06:52','Benison',5031,'fermentum','dolor.',97),(24026,3834,'2017-01-28 23:13:01','Benison','2017-10-29 16:27:43','Benison',5091,'pretium','ridiculus',100),(24027,96490,'2017-07-06 16:40:54','Benison','2017-08-23 02:55:23','Benison',5082,'eget','eros.',62),(24028,71800,'2016-09-19 07:27:04','Benison','2018-01-17 00:34:58','Benison',5030,'eros non enim','sem',5),(24029,97478,'2018-01-25 17:25:53','Benison','2016-08-10 15:54:59','Benison',5062,'Duis','Donec',82),(24030,5461,'2017-11-05 22:37:42','Benison','2016-10-03 14:16:06','Benison',5041,'cursus,','sed,',22),(24031,3522,'2016-12-17 22:09:15','Benison','2017-12-30 17:04:25','Benison',5010,'dis','eu,',96),(24032,22640,'2017-12-25 22:16:27','Benison','2016-11-05 15:14:31','Benison',5059,'Mauris','enim,',63),(24033,66268,'2018-02-09 09:10:45','Benison','2017-11-02 12:56:13','Benison',5006,'lacus. Etiam','vel',21),(24034,43948,'2017-07-17 06:43:08','Benison','2016-10-28 18:39:29','Benison',5021,'ut quam','ligula',57),(24035,48394,'2017-07-17 09:28:42','Benison','2017-12-15 06:28:52','Benison',5053,'enim diam','nulla',67),(24036,96990,'2018-05-09 22:59:09','Benison','2017-09-05 04:38:49','Benison',5037,'sem mollis','sed',64),(24037,89872,'2018-04-27 12:17:28','Benison','2017-09-02 15:40:08','Benison',5004,'at pretium','eros.',74),(24038,21944,'2018-03-14 22:42:19','Benison','2017-06-27 18:04:03','Benison',5043,'ut, molestie','luctus',94),(24039,49834,'2016-11-05 02:59:17','Benison','2016-08-30 17:06:20','Benison',5025,'auctor','mauris',82),(24040,36105,'2016-07-21 10:06:05','Benison','2017-04-12 10:39:09','Benison',5057,'mollis','aliquet',95),(24041,99303,'2018-03-20 14:19:10','Benison','2016-10-17 06:32:08','Benison',5090,'lorem, sit amet','Integer',15),(24042,43273,'2017-07-23 20:43:10','Benison','2017-06-12 06:27:51','Benison',5024,'odio','Integer',91),(24043,51342,'2016-11-02 21:55:41','Benison','2017-01-24 19:09:18','Benison',5087,'nisi. Mauris','vitae,',42),(24044,61077,'2017-01-31 14:41:22','Benison','2018-05-26 14:24:04','Benison',5076,'sed dui.','a',5),(24045,34678,'2017-08-14 02:02:40','Benison','2018-02-06 18:02:29','Benison',5036,'metus.','amet',51),(24046,96114,'2016-09-17 00:49:52','Benison','2018-01-26 08:23:41','Benison',5019,'Nulla','Etiam',20),(24047,84461,'2017-12-05 02:11:56','Benison','2018-04-04 11:34:01','Benison',5070,'enim. Suspendisse','Duis',39),(24048,55547,'2017-02-22 03:47:32','Benison','2016-11-11 21:57:38','Benison',5095,'nisi nibh','Sed',6),(24049,90402,'2017-02-25 02:24:14','Benison','2016-06-27 14:10:06','Benison',5097,'nec,','molestie',54),(24050,70123,'2017-08-28 17:08:46','Benison','2017-09-09 16:18:30','Benison',5079,'ornare. Fusce','dictum',35),(24051,3652,'2017-02-06 01:44:45','Benison','2017-02-06 11:33:07','Benison',5023,'mauris. Suspendisse aliquet','pellentesque',32),(24052,53545,'2018-02-24 15:16:41','Benison','2017-12-26 19:01:32','Benison',5037,'Morbi vehicula. Pellentesque','eget,',81),(24053,19273,'2016-09-08 18:02:53','Benison','2018-01-30 22:15:18','Benison',5049,'convallis ligula. Donec','magna.',98),(24054,63399,'2016-06-25 07:53:04','Benison','2016-09-07 01:07:12','Benison',5050,'Aenean sed pede','non',69),(24055,39156,'2018-04-22 16:12:30','Benison','2017-12-23 07:22:08','Benison',5024,'vitae, erat.','Aliquam',26),(24056,64892,'2017-05-02 03:56:42','Benison','2017-09-24 19:47:43','Benison',5075,'volutpat nunc','odio',48),(24057,85409,'2018-02-04 07:54:58','Benison','2017-02-27 22:23:14','Benison',5062,'Sed','vel,',91),(24058,16155,'2017-02-26 07:43:57','Benison','2016-07-12 01:33:03','Benison',5006,'Vivamus','vitae',80),(24059,19635,'2017-07-25 22:33:55','Benison','2016-07-05 02:09:22','Benison',5096,'libero','aliquet',37),(24060,31741,'2016-12-19 18:07:07','Benison','2017-09-06 11:55:16','Benison',5067,'mauris erat eget','auctor',78),(24061,42395,'2016-10-01 12:07:28','Benison','2017-12-24 17:17:57','Benison',5031,'eu, eleifend nec,','aliquet',66),(24062,14106,'2018-05-15 05:23:05','Benison','2017-04-28 22:40:46','Benison',5035,'diam luctus lobortis.','nibh.',21),(24063,41875,'2016-10-27 08:30:38','Benison','2017-08-09 13:31:50','Benison',5053,'Cras','gravida',12),(24064,68921,'2017-10-13 13:52:11','Benison','2016-10-08 11:37:29','Benison',5024,'id magna et','ultrices',59),(24065,9716,'2016-09-10 21:34:46','Benison','2017-02-07 17:05:31','Benison',5086,'Fusce feugiat. Lorem','Sed',10),(24066,88300,'2016-12-14 11:02:52','Benison','2016-12-21 08:06:56','Benison',5029,'libero dui','tristique',46),(24067,90674,'2018-01-14 20:12:26','Benison','2016-07-12 19:21:56','Benison',5050,'vitae nibh. Donec','mauris',7),(24068,64285,'2017-01-25 05:48:48','Benison','2017-04-24 20:35:47','Benison',5019,'auctor ullamcorper, nisl','vestibulum,',56),(24069,87145,'2018-05-29 20:14:19','Benison','2017-12-09 23:16:53','Benison',5023,'feugiat. Lorem ipsum','nec',80),(24070,21720,'2016-10-30 23:43:21','Benison','2016-08-20 03:36:31','Benison',5029,'Integer','auctor,',3),(24071,50397,'2017-02-27 22:52:03','Benison','2017-08-19 10:20:35','Benison',5013,'bibendum','in,',4),(24072,85234,'2017-11-14 06:35:13','Benison','2017-05-06 22:02:51','Benison',5098,'ornare, elit','lorem',98),(24073,38277,'2017-02-22 10:07:18','Benison','2016-07-18 07:51:55','Benison',5013,'scelerisque mollis.','magnis',63),(24074,35588,'2016-12-20 14:34:45','Benison','2016-08-05 05:43:14','Benison',5074,'Sed nunc est,','nulla.',26),(24075,84899,'2018-01-28 00:43:26','Benison','2017-03-13 23:04:10','Benison',5061,'vel nisl.','blandit.',2),(24076,63132,'2016-07-16 03:01:41','Benison','2017-09-05 15:08:21','Benison',5009,'molestie.','vitae,',67),(24077,6258,'2017-06-27 06:08:28','Benison','2018-03-10 03:29:34','Benison',5095,'diam.','hendrerit',37),(24078,79695,'2017-08-26 11:02:00','Benison','2018-01-10 18:00:14','Benison',5046,'tristique aliquet. Phasellus','Nam',47),(24079,16406,'2017-05-23 10:27:06','Benison','2018-02-21 18:08:33','Benison',5006,'pede. Cras vulputate','Morbi',99),(24080,2323,'2017-10-21 08:15:28','Benison','2017-12-14 20:49:10','Benison',5052,'Proin','aliquet',86),(24081,75759,'2017-01-29 05:30:09','Benison','2017-09-21 00:11:20','Benison',5024,'cursus. Nunc mauris','euismod',98),(24082,74430,'2017-01-13 14:22:13','Benison','2017-09-24 22:35:46','Benison',5001,'lacinia at,','Donec',89),(24083,62083,'2017-12-24 14:40:30','Benison','2018-02-02 08:42:32','Benison',5016,'netus et','eget',63),(24084,67452,'2017-12-01 23:48:13','Benison','2017-03-28 23:01:37','Benison',5077,'odio sagittis','sem,',88),(24085,6575,'2017-05-22 11:31:20','Benison','2016-12-25 13:01:52','Benison',5026,'lorem','ullamcorper,',33),(24086,4119,'2017-10-25 10:52:12','Benison','2017-08-11 02:20:25','Benison',5009,'commodo','Sed',29),(24087,24823,'2017-12-18 19:10:44','Benison','2017-04-14 14:09:15','Benison',5011,'ante ipsum','justo',45),(24088,37803,'2018-01-23 19:50:09','Benison','2017-09-12 22:39:52','Benison',5052,'pede','accumsan',94),(24089,45583,'2016-11-21 20:33:56','Benison','2017-11-23 10:48:42','Benison',5077,'sed dictum eleifend,','rhoncus.',20),(24090,94334,'2018-02-21 14:05:26','Benison','2017-09-19 21:04:37','Benison',5029,'tellus sem mollis','Aliquam',101),(24091,79779,'2017-04-02 22:37:23','Benison','2017-05-23 22:07:11','Benison',5038,'magna sed','Nulla',78),(24092,62853,'2017-01-31 22:45:20','Benison','2017-07-05 08:10:26','Benison',5091,'laoreet posuere, enim','Fusce',78),(24093,82856,'2017-09-08 03:27:06','Benison','2018-01-23 17:00:02','Benison',5085,'ut dolor dapibus','aliquam',52),(24094,2268,'2017-09-18 01:19:50','Benison','2017-04-08 13:54:02','Benison',5030,'arcu. Aliquam ultrices','erat',85),(24095,28515,'2017-05-15 18:32:38','Benison','2017-04-27 10:03:30','Benison',5060,'nunc.','ultricies',32),(24096,8795,'2018-02-16 00:39:32','Benison','2018-05-06 19:21:13','Benison',5025,'amet, faucibus','semper',60),(24097,82767,'2016-09-01 14:45:41','Benison','2018-04-03 23:40:03','Benison',5087,'imperdiet nec,','nec,',61),(24098,36156,'2017-05-22 22:55:12','Benison','2017-06-21 23:47:16','Benison',5014,'Maecenas mi','egestas',93),(24099,12705,'2017-05-27 22:01:26','Benison','2018-01-02 18:33:21','Benison',5099,'enim nec','semper',12),(24100,95695,'2016-10-14 13:47:41','Benison','2016-07-29 02:37:53','Benison',5116,'dolor','open',175),(24101,13343,'2016-11-22 17:28:35','Benison','2017-02-05 18:44:02','Benison',5114,'nunc id enim.','open',117),(24102,18335,'2018-06-02 06:59:12','Benison','2016-07-08 12:54:38','Benison',5122,'Donec porttitor tellus','open',190),(24103,51177,'2017-12-31 17:48:33','Benison','2016-11-08 22:41:57','Benison',5169,'Etiam vestibulum','open',178),(24104,32595,'2016-06-26 16:58:14','Benison','2017-04-21 14:04:23','Benison',5108,'commodo tincidunt nibh.','open',173),(24105,13312,'2016-10-11 05:41:38','Benison','2016-10-16 00:57:56','Benison',5115,'Integer','open',180),(24106,37494,'2017-10-14 02:20:53','Benison','2018-04-26 12:56:29','Benison',5193,'ornare,','open',141),(24107,43843,'2017-11-26 21:26:19','Benison','2017-07-21 10:40:31','Benison',5179,'ac','open',137),(24108,88689,'2018-04-04 17:50:03','Benison','2018-01-28 01:21:21','Benison',5133,'sed dui.','open',178),(24109,58856,'2016-11-24 17:25:48','Benison','2018-04-08 01:22:20','Benison',5182,'Nam','open',194),(24110,97212,'2018-05-10 19:33:18','Benison','2018-01-11 13:14:03','Benison',5197,'Sed et','open',171),(24111,207,'2017-01-28 16:21:53','Benison','2018-05-26 19:44:06','Benison',5135,'vitae mauris','open',130),(24112,80200,'2016-09-22 07:31:05','Benison','2016-09-19 19:34:44','Benison',5113,'in faucibus orci','open',145),(24113,52271,'2016-09-21 21:11:05','Benison','2017-10-11 18:22:09','Benison',5140,'nec, cursus','open',102),(24114,82488,'2017-05-03 03:56:20','Benison','2018-05-01 10:01:44','Benison',5122,'turpis egestas.','open',186),(24115,94018,'2017-09-14 04:30:51','Benison','2016-07-18 23:46:04','Benison',5132,'tortor nibh','open',135),(24116,65794,'2018-01-18 23:31:09','Benison','2017-06-26 03:00:48','Benison',5125,'a sollicitudin','open',134),(24117,15386,'2018-04-25 01:01:43','Benison','2016-10-21 16:58:50','Benison',5106,'ante dictum cursus.','open',154),(24118,75149,'2017-01-25 14:34:37','Benison','2017-08-07 02:55:15','Benison',5172,'Phasellus','open',201),(24119,58823,'2016-12-30 08:42:15','Benison','2018-03-26 07:45:49','Benison',5141,'nostra, per','open',199),(24120,14526,'2016-11-21 09:36:46','Benison','2016-11-05 20:04:54','Benison',5192,'Nunc mauris. Morbi','open',105),(24121,47720,'2016-10-20 12:58:22','Benison','2017-03-03 16:49:16','Benison',5177,'dictum sapien. Aenean','open',187),(24122,16051,'2017-12-19 00:48:47','Benison','2016-12-05 09:04:53','Benison',5191,'eros.','open',200),(24123,81487,'2017-03-01 02:21:48','Benison','2018-02-06 18:30:39','Benison',5168,'ac','open',136),(24124,563,'2017-12-20 05:34:43','Benison','2017-11-15 04:53:13','Benison',5144,'tincidunt vehicula risus.','open',118),(24125,50018,'2017-12-14 00:35:19','Benison','2017-08-23 23:19:18','Benison',5195,'egestas','open',142),(24126,28467,'2017-08-18 11:51:13','Benison','2017-12-28 09:05:11','Benison',5150,'Sed','open',105),(24127,42322,'2018-01-05 20:41:22','Benison','2017-03-26 09:44:36','Benison',5180,'gravida.','open',103),(24128,19712,'2018-04-02 15:32:42','Benison','2017-09-02 22:05:50','Benison',5103,'augue. Sed','open',140),(24129,76120,'2016-09-22 23:02:11','Benison','2017-12-06 11:39:09','Benison',5129,'purus.','open',180),(24130,51405,'2017-04-01 17:15:33','Benison','2017-06-04 06:43:04','Benison',5103,'amet','open',125),(24131,84190,'2017-10-19 23:04:17','Benison','2016-07-12 02:11:44','Benison',5127,'dui,','open',128),(24132,48175,'2017-06-06 04:07:15','Benison','2017-05-08 08:51:50','Benison',5129,'lorem, eget','open',177),(24133,72482,'2017-11-30 16:38:14','Benison','2017-03-13 12:26:32','Benison',5119,'ut','open',196),(24134,6891,'2016-08-20 03:34:38','Benison','2017-10-26 23:53:56','Benison',5108,'Duis','open',103),(24135,34786,'2016-08-24 04:54:16','Benison','2016-09-09 08:44:30','Benison',5129,'arcu. Morbi sit','open',141),(24136,70272,'2017-03-10 01:13:34','Benison','2017-07-03 14:20:56','Benison',5180,'ultricies ornare,','open',121),(24137,32540,'2017-03-30 21:52:07','Benison','2017-06-20 16:58:32','Benison',5178,'Cras dictum ultricies','open',173),(24138,78525,'2017-05-29 02:18:52','Benison','2017-12-28 23:36:03','Benison',5186,'arcu eu','open',146),(24139,85600,'2017-11-21 23:16:58','Benison','2017-02-26 16:56:27','Benison',5107,'nunc sit amet','open',156),(24140,80103,'2018-04-02 12:26:47','Benison','2017-10-11 07:11:57','Benison',5194,'est.','open',158),(24141,92628,'2017-10-01 04:19:18','Benison','2016-12-24 15:04:49','Benison',5156,'pellentesque','open',111),(24142,72599,'2016-10-23 12:42:46','Benison','2018-02-26 12:30:18','Benison',5149,'quam','open',119),(24143,22907,'2017-06-06 04:03:48','Benison','2017-05-19 10:46:22','Benison',5188,'malesuada.','open',133),(24144,94734,'2017-03-12 13:02:23','Benison','2018-01-06 21:59:57','Benison',5193,'eu, ultrices','open',107),(24145,35357,'2017-06-06 18:49:36','Benison','2017-10-25 11:18:12','Benison',5194,'arcu. Vestibulum','open',127),(24146,15513,'2016-09-07 06:46:28','Benison','2017-06-05 16:04:00','Benison',5118,'malesuada fames','open',165),(24147,53909,'2017-02-26 09:16:33','Benison','2018-02-14 08:54:35','Benison',5122,'sagittis placerat.','open',165),(24148,22947,'2017-12-14 10:42:23','Benison','2017-01-28 08:49:30','Benison',5172,'egestas ligula. Nullam','open',114),(24149,4965,'2018-04-14 09:35:15','Benison','2017-10-06 09:59:06','Benison',5122,'Sed','open',141),(24150,10457,'2018-04-10 17:27:15','Benison','2016-08-22 15:24:29','Benison',5155,'malesuada vel,','open',134),(24151,12429,'2018-01-30 09:09:35','Benison','2017-05-08 21:40:16','Benison',5190,'eget, dictum','open',194),(24152,78975,'2016-12-04 01:27:02','Benison','2017-09-22 16:35:52','Benison',5147,'neque. Nullam','open',170),(24153,95572,'2017-01-01 02:42:55','Benison','2018-02-20 16:34:39','Benison',5168,'at','open',179),(24154,11642,'2017-06-27 11:19:36','Benison','2017-08-20 04:58:40','Benison',5110,'nisi.','open',190),(24155,78926,'2016-12-28 02:00:39','Benison','2016-08-04 09:54:39','Benison',5159,'Nunc','open',150),(24156,52137,'2016-08-26 18:07:09','Benison','2017-07-29 22:21:20','Benison',5191,'ac facilisis facilisis,','open',179),(24157,79546,'2018-03-31 09:08:48','Benison','2016-07-30 02:44:31','Benison',5148,'lorem, eget mollis','open',179),(24158,59197,'2017-11-14 04:19:34','Benison','2016-11-01 10:57:56','Benison',5114,'ornare,','open',111),(24159,67493,'2018-04-05 15:31:14','Benison','2016-12-05 21:22:36','Benison',5113,'Proin','open',137),(24160,68248,'2017-01-23 19:08:21','Benison','2017-12-28 07:22:16','Benison',5105,'massa non ante','open',102),(24161,24315,'2017-02-03 15:23:36','Benison','2018-03-01 02:31:11','Benison',5129,'semper','open',116),(24162,9982,'2018-03-04 14:57:54','Benison','2018-02-16 01:00:52','Benison',5134,'et','open',166),(24163,97675,'2017-05-02 13:43:28','Benison','2017-02-11 06:37:45','Benison',5162,'in,','open',108),(24164,10578,'2016-09-20 07:41:01','Benison','2018-01-19 19:24:30','Benison',5170,'augue porttitor interdum.','open',185),(24165,57750,'2017-08-19 10:10:09','Benison','2017-02-22 01:14:11','Benison',5140,'malesuada fames','open',158),(24166,72717,'2017-12-09 21:31:39','Benison','2017-12-05 20:10:07','Benison',5129,'ligula. Aenean euismod','open',140),(24167,797,'2016-07-11 18:02:45','Benison','2016-10-04 13:49:04','Benison',5157,'pede','open',174),(24168,43813,'2017-08-27 16:02:49','Benison','2017-08-20 16:46:38','Benison',5171,'sit','open',193),(24169,2903,'2017-05-10 20:39:58','Benison','2017-01-30 05:21:31','Benison',5199,'egestas lacinia.','open',115),(24170,45934,'2018-02-22 09:11:50','Benison','2017-10-18 03:29:22','Benison',5171,'Maecenas','open',163),(24171,16412,'2017-10-17 22:30:20','Benison','2018-06-04 01:35:54','Benison',5191,'at fringilla','open',170),(24172,85939,'2017-10-04 05:08:54','Benison','2016-10-08 12:50:52','Benison',5105,'metus','open',114),(24173,16753,'2016-08-13 04:13:18','Benison','2018-02-20 10:30:47','Benison',5139,'ac, fermentum','open',192),(24174,6610,'2016-12-23 05:34:00','Benison','2017-05-31 14:18:55','Benison',5164,'mollis. Integer','open',152),(24175,48751,'2017-03-16 12:58:19','Benison','2016-09-16 20:08:07','Benison',5154,'Nulla','open',121),(24176,34775,'2018-03-13 15:23:27','Benison','2018-05-15 03:56:23','Benison',5113,'fames','open',133),(24177,67061,'2016-08-05 12:14:53','Benison','2017-02-13 08:32:03','Benison',5106,'tellus','open',152),(24178,47058,'2016-09-24 07:30:38','Benison','2017-11-09 04:55:45','Benison',5140,'quam, elementum at,','open',193),(24179,83181,'2018-05-21 23:56:43','Benison','2017-12-17 11:07:46','Benison',5129,'velit. Quisque varius.','open',109),(24180,79994,'2017-12-21 04:23:00','Benison','2017-03-03 03:45:41','Benison',5119,'porta elit,','open',110),(24181,36895,'2016-11-06 05:04:20','Benison','2017-02-01 11:24:40','Benison',5132,'Donec non justo.','open',104),(24182,57493,'2018-02-23 09:39:37','Benison','2016-08-10 20:40:18','Benison',5119,'dui,','open',126),(24183,85745,'2016-06-20 10:38:51','Benison','2017-04-27 14:38:38','Benison',5110,'parturient','open',190),(24184,73560,'2016-09-21 07:22:34','Benison','2017-09-22 18:23:54','Benison',5102,'mattis','open',170),(24185,54674,'2017-10-18 06:11:56','Benison','2017-07-13 00:14:04','Benison',5188,'Class aptent','open',178),(24186,90282,'2016-11-10 20:02:30','Benison','2018-01-10 22:06:54','Benison',5102,'eget varius','open',135),(24187,79889,'2017-01-19 00:12:25','Benison','2016-08-15 01:34:44','Benison',5132,'Cras','open',125),(24188,8292,'2017-07-15 11:06:36','Benison','2017-02-10 14:44:37','Benison',5161,'lacus, varius','open',159),(24189,16515,'2017-12-08 12:56:14','Benison','2018-04-04 16:56:03','Benison',5161,'ullamcorper,','open',152),(24190,64970,'2017-02-09 03:24:44','Benison','2017-10-29 06:49:52','Benison',5150,'Nulla','open',198),(24191,73017,'2018-04-07 16:28:07','Benison','2017-05-08 01:49:42','Benison',5157,'eu arcu. Morbi','open',188),(24192,12416,'2016-07-31 20:43:10','Benison','2018-05-21 13:31:46','Benison',5171,'netus','open',116),(24193,21709,'2016-07-02 00:42:28','Benison','2018-03-24 16:10:25','Benison',5157,'mauris ipsum porta','open',105),(24194,51735,'2017-12-22 12:56:22','Benison','2016-11-15 04:07:55','Benison',5150,'neque venenatis lacus.','open',164),(24195,45724,'2017-05-20 18:53:52','Benison','2016-10-08 03:03:35','Benison',5130,'eu enim.','open',147),(24196,1421,'2017-04-27 16:06:32','Benison','2016-09-08 12:09:56','Benison',5154,'amet orci.','open',186),(24197,75209,'2018-04-23 16:42:11','Benison','2017-07-30 20:09:04','Benison',5122,'pellentesque. Sed','open',117),(24198,36431,'2017-08-25 16:15:04','Benison','2017-08-16 11:10:28','Benison',5105,'sed, hendrerit','open',184),(24199,27068,'2018-05-30 17:19:57','Benison','2017-05-08 09:11:16','Benison',5117,'Quisque nonummy ipsum','open',196),(24200,59861,'2016-08-30 20:28:27','Benison','2018-05-25 21:24:38','Benison',5242,'lorem fringilla','open',223),(24201,70719,'2017-11-03 03:33:39','Benison','2017-01-23 15:12:26','Benison',5268,'natoque penatibus et','open',262),(24202,65231,'2017-11-25 21:49:39','Benison','2018-02-14 20:24:29','Benison',5255,'nibh','open',235),(24203,3394,'2016-08-04 13:29:19','Benison','2017-08-16 00:58:16','Benison',5233,'Integer in','open',239),(24204,34828,'2016-10-31 07:15:27','Benison','2018-04-20 22:10:37','Benison',5217,'pede.','open',299),(24205,10885,'2016-06-09 00:12:02','Benison','2017-06-08 11:34:48','Benison',5274,'ligula elit, pretium','open',263),(24206,85998,'2016-08-24 22:02:55','Benison','2018-04-24 11:25:55','Benison',5277,'quam.','open',228),(24207,29752,'2017-10-22 18:32:39','Benison','2017-12-31 22:18:58','Benison',5213,'magna. Ut','open',286),(24208,79513,'2017-01-12 11:30:24','Benison','2017-10-09 08:01:58','Benison',5203,'augue','open',293),(24209,5011,'2016-12-24 21:45:01','Benison','2016-07-31 08:13:23','Benison',5271,'volutpat nunc','open',221),(24210,79551,'2016-09-04 07:01:21','Benison','2016-11-02 08:51:14','Benison',5243,'gravida sit','open',246),(24211,17406,'2016-09-18 09:07:50','Benison','2016-12-06 18:09:49','Benison',5279,'a,','open',213),(24212,20478,'2017-07-06 05:34:12','Benison','2017-11-27 06:05:37','Benison',5283,'lacus. Nulla tincidunt,','open',206),(24213,44697,'2017-01-11 17:17:44','Benison','2016-12-08 07:01:36','Benison',5217,'adipiscing lobortis risus.','open',278),(24214,30141,'2018-05-01 01:35:39','Benison','2016-11-27 01:11:24','Benison',5271,'nec, leo. Morbi','open',269),(24215,48227,'2018-01-23 20:36:44','Benison','2017-10-12 23:21:18','Benison',5212,'et, rutrum eu,','open',274),(24216,97615,'2017-05-14 21:20:37','Benison','2017-03-08 13:09:29','Benison',5286,'non ante bibendum','open',217),(24217,4552,'2018-02-25 08:04:13','Benison','2017-06-01 21:01:51','Benison',5225,'Ut sagittis','open',276),(24218,29359,'2018-05-16 17:14:41','Benison','2016-09-17 13:55:53','Benison',5283,'Nulla','open',237),(24219,38613,'2017-04-14 03:09:34','Benison','2016-12-12 12:18:40','Benison',5235,'urna. Nunc','open',227),(24220,13079,'2018-03-07 05:10:34','Benison','2017-01-10 02:29:05','Benison',5223,'mi','open',268),(24221,71950,'2016-12-08 15:23:13','Benison','2017-07-15 02:31:55','Benison',5279,'mus. Aenean eget','open',242),(24222,73406,'2017-03-08 12:41:45','Benison','2016-12-20 19:59:20','Benison',5254,'neque','open',224),(24223,67494,'2016-08-23 16:39:18','Benison','2017-05-16 18:37:37','Benison',5252,'molestie tortor nibh','open',261),(24224,89002,'2018-04-27 01:43:42','Benison','2018-05-31 05:31:32','Benison',5204,'inceptos','open',206),(24225,70284,'2017-02-11 20:34:54','Benison','2016-10-22 15:55:40','Benison',5213,'amet,','open',223),(24226,33813,'2017-01-19 10:48:14','Benison','2018-01-31 15:12:55','Benison',5213,'per inceptos hymenaeos.','open',226),(24227,25091,'2017-04-13 19:25:12','Benison','2018-05-28 20:13:50','Benison',5243,'sapien imperdiet ornare.','open',296),(24228,26052,'2016-08-16 17:59:03','Benison','2017-05-27 10:57:08','Benison',5284,'nec luctus felis','open',216),(24229,5589,'2018-04-02 09:36:18','Benison','2016-10-16 07:41:24','Benison',5236,'semper, dui','open',214),(24230,50551,'2016-06-08 14:40:44','Benison','2018-02-21 08:29:29','Benison',5268,'est','open',255),(24231,50173,'2017-09-13 15:46:16','Benison','2017-12-23 01:10:45','Benison',5271,'auctor','open',253),(24232,17927,'2017-06-18 15:09:50','Benison','2017-01-04 13:53:11','Benison',5282,'Curabitur vel lectus.','open',271),(24233,92127,'2016-08-30 00:46:12','Benison','2017-06-19 11:11:39','Benison',5231,'commodo hendrerit.','open',263),(24234,92091,'2017-09-27 22:11:29','Benison','2016-07-14 11:23:00','Benison',5235,'Integer','open',295),(24235,38239,'2016-07-13 23:34:58','Benison','2017-12-19 00:13:02','Benison',5218,'amet orci.','open',287),(24236,56950,'2018-05-14 21:08:11','Benison','2016-12-06 01:04:26','Benison',5271,'Mauris','open',228),(24237,89955,'2017-05-17 13:44:34','Benison','2017-05-05 21:21:41','Benison',5258,'et nunc.','open',234),(24238,94543,'2017-12-24 09:52:21','Benison','2017-02-18 14:45:31','Benison',5252,'ut lacus.','open',286),(24239,66833,'2018-03-09 06:56:56','Benison','2017-05-01 20:23:38','Benison',5219,'et magnis','open',268),(24240,58069,'2016-12-19 11:16:21','Benison','2018-03-12 05:09:42','Benison',5225,'et,','open',296),(24241,79870,'2016-12-29 05:13:05','Benison','2017-07-15 04:46:59','Benison',5285,'felis. Nulla tempor','open',285),(24242,58490,'2017-04-07 21:58:04','Benison','2017-06-15 17:10:33','Benison',5238,'Cras eget','open',220),(24243,93787,'2016-08-24 02:25:36','Benison','2017-10-24 02:57:12','Benison',5207,'a sollicitudin orci','open',295),(24244,42768,'2017-11-26 07:27:39','Benison','2017-04-08 11:43:07','Benison',5259,'in magna.','open',202),(24245,50525,'2017-11-21 06:13:38','Benison','2017-02-07 11:47:49','Benison',5284,'consectetuer rhoncus.','open',301),(24246,91236,'2016-07-09 03:39:06','Benison','2016-06-22 03:30:22','Benison',5281,'Proin vel','open',241),(24247,86445,'2016-11-07 20:24:07','Benison','2017-01-10 03:46:34','Benison',5281,'vitae nibh.','open',234),(24248,33254,'2017-01-20 00:26:23','Benison','2016-10-06 01:42:27','Benison',5256,'erat.','open',231),(24249,21771,'2018-05-18 00:17:19','Benison','2017-05-21 02:19:50','Benison',5281,'turpis non enim.','open',203),(24250,88488,'2016-10-29 16:28:06','Benison','2017-06-05 19:48:22','Benison',5212,'accumsan','open',255),(24251,44517,'2016-10-11 17:05:33','Benison','2016-08-26 08:47:29','Benison',5231,'tristique aliquet.','open',240),(24252,52241,'2017-09-23 18:36:48','Benison','2016-10-11 20:21:10','Benison',5227,'lectus justo','open',298),(24253,71998,'2017-09-05 21:30:35','Benison','2017-06-22 20:38:21','Benison',5255,'ultrices posuere','open',253),(24254,34088,'2016-10-26 10:24:03','Benison','2017-09-19 01:26:02','Benison',5226,'feugiat. Lorem ipsum','open',294),(24255,51473,'2018-05-28 23:55:55','Benison','2017-08-21 20:22:07','Benison',5220,'eu metus. In','open',263),(24256,58849,'2017-06-20 10:16:56','Benison','2017-04-18 21:10:26','Benison',5236,'semper auctor.','open',221),(24257,80121,'2017-06-29 04:24:52','Benison','2016-10-17 21:50:35','Benison',5222,'Nulla semper','open',275),(24258,95692,'2018-01-28 07:33:23','Benison','2018-04-17 06:30:07','Benison',5296,'odio vel est','open',222),(24259,84914,'2016-11-25 09:25:53','Benison','2016-08-23 09:03:32','Benison',5285,'lectus. Cum sociis','open',220),(24260,16304,'2018-05-12 13:29:31','Benison','2018-01-12 07:39:28','Benison',5258,'quis, pede. Suspendisse','open',280),(24261,31357,'2017-09-28 15:24:55','Benison','2018-03-24 16:14:18','Benison',5282,'lobortis,','open',248),(24262,79179,'2016-10-15 01:54:28','Benison','2017-11-20 17:41:58','Benison',5290,'est.','open',229),(24263,72125,'2018-01-02 21:15:16','Benison','2017-05-11 13:57:36','Benison',5217,'ullamcorper','open',255),(24264,13871,'2018-05-19 02:52:22','Benison','2018-03-11 21:22:39','Benison',5270,'vulputate,','open',225),(24265,92350,'2017-09-09 14:01:38','Benison','2017-09-25 15:56:48','Benison',5218,'vulputate mauris sagittis','open',234),(24266,80926,'2017-10-28 12:06:41','Benison','2016-10-02 16:03:47','Benison',5244,'aliquam arcu. Aliquam','open',239),(24267,64429,'2017-03-16 18:05:02','Benison','2016-09-15 14:01:31','Benison',5205,'mus. Donec dignissim','open',234),(24268,68564,'2017-10-29 16:22:06','Benison','2017-08-14 07:30:59','Benison',5294,'vitae,','open',261),(24269,40631,'2017-10-10 05:08:35','Benison','2017-05-31 02:15:08','Benison',5220,'laoreet ipsum.','open',250),(24270,43534,'2017-10-31 15:15:56','Benison','2017-03-28 22:06:37','Benison',5235,'Nullam suscipit,','open',299),(24271,90427,'2017-11-29 00:26:04','Benison','2018-02-18 23:27:34','Benison',5258,'Suspendisse','open',257),(24272,91355,'2018-04-13 01:37:21','Benison','2017-11-27 09:22:18','Benison',5209,'ac mi','open',298),(24273,56313,'2017-10-20 04:01:44','Benison','2016-08-15 14:24:55','Benison',5254,'interdum. Sed auctor','open',284),(24274,42375,'2016-12-01 01:48:57','Benison','2017-11-20 21:26:25','Benison',5246,'non justo. Proin','open',244),(24275,57307,'2017-04-29 13:28:36','Benison','2017-04-05 03:27:07','Benison',5272,'dictum ultricies ligula.','open',258),(24276,9819,'2018-05-30 21:26:33','Benison','2017-11-22 00:42:59','Benison',5238,'ut odio vel','open',213),(24277,67974,'2017-07-06 21:20:01','Benison','2017-12-03 03:51:05','Benison',5204,'senectus et netus','open',288),(24278,73484,'2018-02-15 19:51:13','Benison','2017-08-31 13:01:15','Benison',5220,'vestibulum. Mauris magna.','open',253),(24279,84688,'2016-07-30 02:41:20','Benison','2018-01-25 23:52:19','Benison',5297,'elementum, lorem ut','open',213),(24280,89728,'2016-08-22 00:55:10','Benison','2016-07-23 04:37:08','Benison',5200,'diam','open',285),(24281,88219,'2017-03-26 18:45:02','Benison','2017-04-22 09:27:50','Benison',5239,'nulla. Integer urna.','open',287),(24282,75368,'2018-04-14 01:02:36','Benison','2016-10-08 02:56:58','Benison',5249,'enim, gravida sit','open',205),(24283,59155,'2017-11-04 15:17:11','Benison','2017-10-11 17:12:04','Benison',5209,'habitant morbi','open',270),(24284,15006,'2016-10-08 05:20:57','Benison','2018-03-07 06:42:32','Benison',5232,'ut aliquam','open',288),(24285,46968,'2017-10-28 09:13:02','Benison','2018-02-02 12:52:14','Benison',5220,'lorem,','open',286),(24286,45083,'2016-10-17 13:28:54','Benison','2017-02-22 23:36:43','Benison',5278,'non, bibendum sed,','open',246),(24287,73012,'2018-04-19 08:45:50','Benison','2017-12-24 15:02:46','Benison',5272,'Phasellus','open',232),(24288,29893,'2017-06-11 10:58:07','Benison','2017-10-16 17:27:33','Benison',5220,'eget','open',202),(24289,74941,'2018-04-24 18:22:35','Benison','2017-05-24 22:16:44','Benison',5292,'turpis. In','open',231),(24290,1865,'2018-02-23 03:22:50','Benison','2016-09-10 10:32:32','Benison',5227,'sed','open',269),(24291,60468,'2017-07-13 11:31:46','Benison','2017-03-23 23:46:18','Benison',5260,'odio semper','open',293),(24292,34969,'2017-03-13 10:56:59','Benison','2018-04-09 21:19:56','Benison',5252,'non, lacinia','open',208),(24293,30520,'2017-09-08 11:15:08','Benison','2017-01-08 10:33:35','Benison',5215,'In mi pede,','open',202),(24294,22480,'2018-01-08 01:38:44','Benison','2017-12-31 12:50:45','Benison',5232,'ligula elit, pretium','open',259),(24295,85006,'2017-12-01 05:58:47','Benison','2017-03-06 08:51:27','Benison',5257,'Ut tincidunt','open',291),(24296,9805,'2018-01-02 03:14:09','Benison','2018-01-19 09:16:08','Benison',5207,'magna. Duis','open',205),(24297,1604,'2016-09-08 16:57:43','Benison','2017-05-06 13:57:14','Benison',5264,'et, euismod','open',291),(24298,465,'2016-09-22 01:15:30','Benison','2017-10-13 23:12:47','Benison',5250,'pretium','open',270),(24299,43490,'2017-03-22 15:43:30','Benison','2016-10-16 06:42:51','Benison',5225,'rhoncus id, mollis','open',268),(24300,98961,'2017-10-30 14:19:22','Benison','2017-09-24 15:59:42','Benison',5365,'gravida sit','open',312),(24301,3711,'2017-06-13 11:51:05','Benison','2017-11-03 18:09:10','Benison',5345,'ac','open',349),(24302,3543,'2017-09-02 22:10:21','Benison','2017-12-01 01:18:28','Benison',5380,'ipsum. Curabitur consequat,','open',380),(24303,98323,'2017-12-26 22:49:37','Benison','2016-12-14 14:19:52','Benison',5331,'velit eget','open',319),(24304,84792,'2018-02-01 01:06:20','Benison','2016-06-12 16:24:48','Benison',5344,'gravida. Aliquam','open',337),(24305,2477,'2016-06-09 02:11:34','Benison','2017-12-30 17:39:26','Benison',5386,'Integer mollis. Integer','open',397),(24306,86455,'2017-10-17 20:39:48','Benison','2017-11-13 23:20:54','Benison',5386,'nec, leo. Morbi','open',322),(24307,35908,'2017-08-20 20:05:32','Benison','2016-07-10 02:28:12','Benison',5303,'sociis','open',400),(24308,33603,'2017-05-22 13:36:53','Benison','2018-06-02 04:55:31','Benison',5309,'Mauris eu turpis.','open',389),(24309,13337,'2017-09-03 12:04:34','Benison','2017-06-02 20:46:37','Benison',5320,'at risus.','open',309),(24310,16008,'2018-04-17 23:15:16','Benison','2016-11-01 09:20:21','Benison',5355,'Vestibulum ante ipsum','open',378),(24311,42404,'2017-06-03 12:29:30','Benison','2016-06-24 18:07:32','Benison',5310,'Fusce','open',315),(24312,66820,'2016-09-05 08:26:33','Benison','2017-02-06 04:22:00','Benison',5311,'molestie. Sed id','open',315),(24313,67185,'2017-11-16 08:46:59','Benison','2018-02-14 04:19:30','Benison',5389,'molestie dapibus','open',340),(24314,28583,'2017-07-01 07:14:16','Benison','2017-03-22 21:24:24','Benison',5356,'amet ante.','open',306),(24315,25734,'2018-05-31 16:46:39','Benison','2017-03-30 08:38:55','Benison',5330,'Pellentesque ut ipsum','open',361),(24316,68798,'2017-05-25 03:46:57','Benison','2017-10-12 15:00:10','Benison',5361,'eget laoreet posuere,','open',377),(24317,269,'2016-06-12 20:59:21','Benison','2017-01-27 13:02:14','Benison',5346,'et, rutrum non,','open',354),(24318,27739,'2016-10-30 04:11:46','Benison','2016-10-10 21:47:44','Benison',5355,'lorem, auctor quis,','open',348),(24319,54864,'2017-11-01 04:23:26','Benison','2018-03-21 21:22:37','Benison',5355,'Donec at arcu.','open',396),(24320,47750,'2017-01-05 22:37:06','Benison','2017-10-14 12:55:12','Benison',5389,'egestas,','open',316),(24321,35054,'2017-08-24 19:00:47','Benison','2016-11-08 06:06:07','Benison',5364,'sollicitudin','open',307),(24322,39761,'2018-04-05 18:52:42','Benison','2017-10-13 01:42:59','Benison',5308,'auctor non, feugiat','open',380),(24323,95928,'2017-03-26 19:10:05','Benison','2018-03-19 02:50:12','Benison',5342,'tortor, dictum','open',367),(24324,22194,'2017-02-22 08:36:09','Benison','2018-05-08 22:36:53','Benison',5354,'malesuada. Integer','open',313),(24325,92738,'2016-12-23 17:16:02','Benison','2018-03-29 18:20:08','Benison',5362,'tortor. Integer aliquam','open',361),(24326,6925,'2018-03-24 18:18:46','Benison','2017-06-10 10:32:32','Benison',5353,'libero nec ligula','open',362),(24327,79963,'2017-08-06 09:54:52','Benison','2017-06-22 00:46:40','Benison',5318,'mauris sapien, cursus','open',391),(24328,48109,'2018-05-12 11:58:46','Benison','2017-06-03 01:06:52','Benison',5348,'sed dictum','open',302),(24329,27952,'2017-12-12 09:29:18','Benison','2018-01-07 04:16:51','Benison',5364,'bibendum','open',349),(24330,14033,'2018-01-04 19:01:56','Benison','2017-10-11 15:35:09','Benison',5346,'eu tellus. Phasellus','open',389),(24331,96754,'2017-12-22 23:30:46','Benison','2017-05-06 10:21:08','Benison',5301,'Mauris ut quam','open',386),(24332,80633,'2018-05-26 01:48:54','Benison','2017-03-18 13:11:30','Benison',5376,'semper auctor. Mauris','open',398),(24333,3937,'2016-07-01 15:55:31','Benison','2017-02-18 19:32:27','Benison',5352,'Cras sed leo.','open',358),(24334,76685,'2016-07-26 23:15:29','Benison','2016-11-01 14:39:25','Benison',5300,'cursus in, hendrerit','open',364),(24335,8124,'2017-07-24 16:58:06','Benison','2017-11-05 18:49:09','Benison',5395,'metus urna convallis','open',308),(24336,3125,'2018-03-29 19:06:32','Benison','2017-05-15 22:25:22','Benison',5314,'arcu.','open',341),(24337,84455,'2016-07-31 14:47:52','Benison','2016-08-26 11:11:54','Benison',5306,'lacinia','open',323),(24338,62742,'2016-09-12 01:45:38','Benison','2017-04-11 07:03:09','Benison',5344,'Aliquam ultrices iaculis','open',399),(24339,51198,'2017-08-02 05:08:32','Benison','2016-09-26 06:46:56','Benison',5317,'tellus eu','open',369),(24340,1976,'2018-02-02 04:44:35','Benison','2017-01-09 03:05:19','Benison',5358,'velit justo','open',378),(24341,9060,'2018-02-21 02:10:08','Benison','2017-03-02 13:35:55','Benison',5352,'enim nec','open',334),(24342,10231,'2017-10-22 21:03:33','Benison','2018-01-25 23:57:28','Benison',5301,'non, lacinia','open',397),(24343,49220,'2018-03-15 23:05:59','Benison','2016-07-05 04:29:29','Benison',5323,'euismod est arcu','open',320),(24344,41894,'2016-08-04 07:38:14','Benison','2018-02-02 00:10:04','Benison',5354,'eleifend egestas.','open',364),(24345,9583,'2018-02-16 22:46:04','Benison','2018-05-26 07:43:02','Benison',5343,'euismod','open',377),(24346,72406,'2018-02-25 08:31:21','Benison','2018-05-10 03:08:41','Benison',5353,'non','open',353),(24347,31246,'2017-12-07 17:57:02','Benison','2018-01-30 20:32:58','Benison',5336,'Donec non','open',346),(24348,35553,'2016-11-07 07:03:38','Benison','2017-01-09 10:15:04','Benison',5370,'mauris, rhoncus id,','open',350),(24349,78438,'2017-11-28 18:37:31','Benison','2016-06-14 20:36:05','Benison',5366,'Duis gravida.','open',317),(24350,91128,'2017-08-11 01:29:16','Benison','2017-01-29 14:08:21','Benison',5365,'mollis. Phasellus libero','open',381),(24351,88170,'2017-11-03 21:05:41','Benison','2017-03-26 10:50:47','Benison',5336,'augue ut','open',341),(24352,97483,'2017-03-16 04:08:04','Benison','2016-08-17 05:56:20','Benison',5370,'et ipsum cursus','open',322),(24353,46866,'2017-10-29 05:41:51','Benison','2017-04-08 17:36:42','Benison',5366,'ante lectus convallis','open',355),(24354,82701,'2016-07-30 20:00:45','Benison','2016-10-23 04:40:20','Benison',5325,'nec, imperdiet nec,','open',340),(24355,29335,'2017-05-08 12:03:45','Benison','2016-10-09 03:00:09','Benison',5368,'accumsan interdum libero','open',314),(24356,60760,'2016-10-22 03:40:20','Benison','2018-01-15 08:28:50','Benison',5311,'ipsum. Suspendisse','open',324),(24357,76364,'2017-01-11 22:14:49','Benison','2016-12-14 01:46:38','Benison',5377,'sit amet','open',401),(24358,60855,'2017-06-13 19:57:59','Benison','2017-09-17 01:29:23','Benison',5369,'nulla.','open',354),(24359,47996,'2016-08-30 21:36:23','Benison','2017-09-24 02:32:11','Benison',5304,'Vivamus nibh','open',384),(24360,34308,'2016-08-18 08:54:29','Benison','2018-03-15 23:53:48','Benison',5366,'ligula. Aenean','open',357),(24361,39785,'2017-04-20 22:38:58','Benison','2017-08-28 22:39:55','Benison',5306,'ut ipsum ac','open',327),(24362,91115,'2016-12-14 20:55:01','Benison','2017-07-23 11:12:22','Benison',5393,'lobortis','open',353),(24363,74538,'2017-08-10 10:11:36','Benison','2017-04-20 00:22:50','Benison',5342,'ultricies ligula. Nullam','open',322),(24364,50475,'2018-05-12 16:18:54','Benison','2016-09-11 16:39:26','Benison',5357,'elit elit','open',399),(24365,10689,'2017-01-30 15:37:58','Benison','2018-01-04 18:17:46','Benison',5381,'tempor','open',389),(24366,13342,'2017-02-13 10:50:50','Benison','2017-09-23 07:34:24','Benison',5390,'vehicula et,','open',392),(24367,43991,'2016-08-03 08:34:29','Benison','2017-09-02 19:11:06','Benison',5325,'nec metus facilisis','open',342),(24368,15341,'2017-06-16 22:41:37','Benison','2018-02-13 03:22:50','Benison',5383,'congue turpis. In','open',367),(24369,16514,'2017-03-28 19:41:04','Benison','2017-06-07 11:43:52','Benison',5368,'lorem','open',357),(24370,88481,'2017-06-02 15:30:57','Benison','2017-08-09 20:47:04','Benison',5360,'mollis dui, in','open',360),(24371,8308,'2017-07-19 22:28:02','Benison','2016-07-14 18:33:01','Benison',5362,'Ut','open',344),(24372,12490,'2017-07-26 04:04:21','Benison','2016-09-25 11:58:09','Benison',5366,'massa','open',362),(24373,14554,'2016-06-17 09:49:58','Benison','2016-07-03 05:32:14','Benison',5366,'quis, pede. Suspendisse','open',355),(24374,56720,'2017-06-26 13:50:38','Benison','2016-07-29 11:45:00','Benison',5384,'sem elit, pharetra','open',393),(24375,80987,'2017-11-19 11:30:33','Benison','2016-11-18 03:50:30','Benison',5385,'vulputate','open',329),(24376,48175,'2016-12-15 22:21:11','Benison','2016-06-19 23:40:22','Benison',5331,'viverra. Maecenas','open',366),(24377,18824,'2017-08-14 15:21:10','Benison','2017-03-16 15:34:10','Benison',5333,'sit','open',341),(24378,30602,'2018-02-24 10:18:51','Benison','2017-12-20 00:21:28','Benison',5328,'odio.','open',325),(24379,68611,'2017-06-07 21:11:24','Benison','2017-09-15 15:13:14','Benison',5327,'In at','open',357),(24380,39682,'2016-12-06 00:14:29','Benison','2018-06-07 17:32:12','Benison',5339,'iaculis,','open',372),(24381,6037,'2017-06-22 04:55:45','Benison','2017-04-28 05:32:56','Benison',5383,'Mauris blandit enim','open',308),(24382,45894,'2017-12-26 07:32:38','Benison','2018-04-06 02:01:04','Benison',5345,'iaculis, lacus pede','open',370),(24383,73541,'2017-10-22 07:10:42','Benison','2016-10-14 19:55:41','Benison',5398,'aliquam,','open',314),(24384,68735,'2017-03-24 10:51:25','Benison','2018-05-24 04:45:37','Benison',5369,'Aenean eget','open',317),(24385,38724,'2018-04-29 02:50:20','Benison','2018-01-27 04:22:19','Benison',5339,'semper tellus id','open',372),(24386,28471,'2017-12-14 03:16:21','Benison','2018-02-12 21:01:13','Benison',5329,'leo','open',329),(24387,19257,'2017-01-24 13:29:31','Benison','2018-05-22 21:41:13','Benison',5374,'Morbi','open',362),(24388,54598,'2018-02-23 20:41:25','Benison','2018-02-14 11:46:34','Benison',5381,'urna.','open',380),(24389,12621,'2017-06-30 21:55:44','Benison','2018-03-04 03:39:43','Benison',5379,'semper','open',327),(24390,35949,'2017-02-03 11:34:34','Benison','2018-01-22 11:56:25','Benison',5357,'ut erat.','open',384),(24391,45349,'2016-10-24 02:04:17','Benison','2016-09-25 23:27:02','Benison',5323,'mollis dui,','open',353),(24392,15153,'2017-05-23 17:22:28','Benison','2017-10-02 17:15:40','Benison',5398,'montes, nascetur','open',312),(24393,86468,'2016-07-28 21:33:39','Benison','2016-08-07 17:23:24','Benison',5358,'elit, a','open',398),(24394,24999,'2017-04-22 19:52:58','Benison','2017-09-10 18:16:01','Benison',5333,'nulla.','open',354),(24395,59281,'2017-10-21 10:41:07','Benison','2016-09-02 15:13:03','Benison',5353,'Duis ac arcu.','open',346),(24396,30924,'2017-12-23 12:13:40','Benison','2018-03-07 04:36:52','Benison',5349,'Proin sed turpis','open',376),(24397,86348,'2018-05-23 06:13:28','Benison','2016-07-13 10:39:11','Benison',5338,'vitae diam. Proin','open',326),(24398,34423,'2016-08-29 04:23:05','Benison','2017-07-19 13:52:50','Benison',5372,'amet,','open',360),(24399,60049,'2017-03-16 01:13:57','Benison','2016-10-29 22:59:10','Benison',5382,'luctus','open',316),(24400,64168,'2016-08-09 09:45:38','Benison','2016-08-07 02:42:38','Benison',5401,'dis parturient montes,','open',466),(24401,12798,'2016-09-18 12:07:36','Benison','2016-06-26 22:55:34','Benison',5485,'velit. Sed malesuada','open',428),(24402,72514,'2018-01-03 08:57:42','Benison','2016-12-28 16:25:55','Benison',5446,'pretium et,','open',472),(24403,87813,'2017-07-02 14:33:45','Benison','2016-12-25 14:46:09','Benison',5429,'non, luctus','open',474),(24404,59301,'2016-11-30 23:34:55','Benison','2017-10-05 10:25:49','Benison',5452,'nibh. Donec','open',455),(24405,58596,'2017-04-26 17:19:11','Benison','2017-09-06 11:50:25','Benison',5499,'adipiscing','open',497),(24406,39403,'2016-10-20 08:29:58','Benison','2016-08-11 03:47:40','Benison',5449,'viverra. Donec tempus,','open',476),(24407,97620,'2017-12-05 06:54:35','Benison','2016-12-13 20:11:55','Benison',5438,'urna. Ut','open',492),(24408,58559,'2016-10-10 05:46:15','Benison','2017-05-14 10:36:29','Benison',5464,'Cras','open',476),(24409,22931,'2017-06-22 09:40:18','Benison','2018-02-03 01:01:50','Benison',5475,'tempus','open',431),(24410,46902,'2016-09-29 07:06:28','Benison','2017-06-18 04:08:38','Benison',5431,'nunc sit amet','open',429),(24411,90582,'2016-12-13 19:53:41','Benison','2018-02-23 02:18:45','Benison',5422,'consequat enim diam','open',406),(24412,33486,'2016-12-22 23:40:39','Benison','2017-02-07 21:16:39','Benison',5465,'nonummy','open',489),(24413,54439,'2016-10-26 03:37:43','Benison','2016-10-31 06:22:44','Benison',5466,'malesuada id,','open',424),(24414,49729,'2017-06-29 23:28:37','Benison','2016-08-26 08:20:11','Benison',5474,'ligula tortor,','open',414),(24415,9942,'2017-03-18 13:32:57','Benison','2017-12-27 19:17:11','Benison',5462,'Aliquam tincidunt,','open',414),(24416,96862,'2017-08-19 06:15:08','Benison','2017-06-19 18:17:28','Benison',5428,'scelerisque mollis. Phasellus','open',424),(24417,57775,'2017-03-23 17:12:09','Benison','2017-04-17 23:27:20','Benison',5468,'non quam. Pellentesque','open',419),(24418,84553,'2017-03-05 06:02:32','Benison','2017-12-20 05:19:42','Benison',5473,'et malesuada fames','open',428),(24419,16263,'2016-11-15 12:53:24','Benison','2017-02-23 14:16:43','Benison',5469,'Aenean','open',419),(24420,19498,'2017-04-20 20:59:45','Benison','2016-11-16 23:09:59','Benison',5496,'sapien, cursus in,','open',467),(24421,44791,'2018-03-05 05:53:25','Benison','2017-01-15 19:21:50','Benison',5444,'In','open',422),(24422,38135,'2016-09-01 23:19:22','Benison','2016-09-26 06:03:58','Benison',5408,'tortor','open',475),(24423,52723,'2017-06-07 21:14:38','Benison','2017-12-26 22:58:26','Benison',5487,'sollicitudin orci','open',413),(24424,60420,'2017-01-13 04:19:22','Benison','2017-08-12 03:59:43','Benison',5471,'Vivamus sit','open',444),(24425,66159,'2016-07-12 11:42:14','Benison','2018-04-14 23:57:07','Benison',5419,'ipsum. Suspendisse','open',414),(24426,18053,'2017-02-05 16:09:00','Benison','2017-02-13 02:38:22','Benison',5499,'Donec','open',499),(24427,27576,'2018-01-05 04:19:07','Benison','2017-02-06 15:58:18','Benison',5422,'sociis natoque penatibus','open',448),(24428,17309,'2016-09-12 12:13:18','Benison','2016-10-13 01:52:41','Benison',5485,'pede, nonummy ut,','open',480),(24429,62022,'2018-05-11 20:11:13','Benison','2017-11-20 18:26:28','Benison',5412,'turpis egestas.','open',404),(24430,42310,'2017-01-01 02:35:20','Benison','2018-04-03 02:07:57','Benison',5423,'nostra, per','open',412),(24431,98806,'2018-04-28 10:27:15','Benison','2016-08-22 07:22:20','Benison',5482,'convallis in, cursus','open',419),(24432,46632,'2017-02-03 00:32:51','Benison','2017-11-10 01:48:42','Benison',5420,'sem','open',475),(24433,82107,'2018-02-25 11:12:23','Benison','2018-04-08 19:05:27','Benison',5435,'lectus, a','open',482),(24434,64498,'2016-12-08 15:11:52','Benison','2018-01-08 10:43:02','Benison',5474,'consequat, lectus','open',476),(24435,85509,'2016-11-09 20:17:24','Benison','2017-08-27 21:48:02','Benison',5455,'nisl. Quisque','open',436),(24436,2605,'2018-05-08 13:20:34','Benison','2017-05-25 21:52:18','Benison',5448,'dolor','open',405),(24437,84723,'2017-10-30 18:46:52','Benison','2016-06-13 23:15:33','Benison',5499,'Aenean','open',480),(24438,65826,'2017-01-18 03:02:05','Benison','2016-07-11 20:43:56','Benison',5410,'posuere cubilia Curae;','open',480),(24439,92554,'2017-09-03 13:31:21','Benison','2018-02-26 01:55:13','Benison',5498,'Vivamus nibh','open',437),(24440,61075,'2016-12-31 10:16:06','Benison','2017-02-11 03:56:12','Benison',5421,'sed,','open',479),(24441,266,'2018-03-03 07:17:59','Benison','2017-08-02 16:14:50','Benison',5415,'mi. Duis risus','open',434),(24442,45198,'2017-03-17 05:03:19','Benison','2017-12-23 16:51:45','Benison',5435,'massa','open',447),(24443,76548,'2017-05-28 08:55:26','Benison','2017-12-05 14:46:35','Benison',5470,'velit justo','open',451),(24444,27732,'2017-03-26 00:36:40','Benison','2018-04-28 12:46:41','Benison',5404,'Class aptent taciti','open',459),(24445,43004,'2017-06-28 19:48:09','Benison','2017-05-12 22:06:15','Benison',5491,'dictum','open',405),(24446,60759,'2017-07-11 02:43:44','Benison','2016-10-14 13:02:09','Benison',5412,'Morbi metus. Vivamus','open',455),(24447,54420,'2016-06-13 11:03:00','Benison','2017-06-20 00:05:11','Benison',5483,'conubia nostra,','open',431),(24448,75800,'2017-10-26 11:32:38','Benison','2016-06-19 02:39:53','Benison',5487,'sodales','open',493),(24449,55537,'2016-11-04 22:37:50','Benison','2017-07-02 14:43:41','Benison',5497,'Integer mollis. Integer','open',447),(24450,87871,'2017-09-30 11:12:32','Benison','2016-12-04 22:08:53','Benison',5416,'eget varius','open',422),(24451,12402,'2018-04-09 07:58:20','Benison','2016-07-16 13:34:12','Benison',5481,'Proin','open',453),(24452,35404,'2017-01-29 23:46:40','Benison','2018-02-28 01:17:31','Benison',5433,'rutrum urna, nec','open',436),(24453,70323,'2017-12-10 05:45:35','Benison','2018-05-26 15:29:22','Benison',5468,'nisi a odio','open',417),(24454,56998,'2017-04-22 06:17:58','Benison','2016-08-03 23:55:19','Benison',5473,'eget','open',418),(24455,57933,'2018-05-17 10:22:33','Benison','2017-02-02 18:48:03','Benison',5466,'in magna. Phasellus','open',466),(24456,31668,'2018-05-25 23:23:32','Benison','2017-10-25 06:27:15','Benison',5477,'dis parturient','open',467),(24457,7561,'2017-08-30 20:30:59','Benison','2016-08-17 12:14:58','Benison',5474,'amet,','open',491),(24458,63916,'2017-02-25 08:52:18','Benison','2016-08-23 11:06:06','Benison',5496,'aliquet.','open',487),(24459,27247,'2016-12-10 08:07:07','Benison','2016-11-16 18:04:49','Benison',5437,'erat. Vivamus','open',415),(24460,20963,'2016-12-13 12:09:45','Benison','2016-07-07 19:25:10','Benison',5497,'lobortis','open',405),(24461,65296,'2016-09-17 05:51:36','Benison','2017-01-02 17:19:21','Benison',5444,'enim mi tempor','open',486),(24462,41847,'2017-06-20 23:10:51','Benison','2016-12-18 17:07:35','Benison',5462,'tortor at','open',408),(24463,36703,'2017-01-04 04:53:16','Benison','2018-02-28 07:18:32','Benison',5403,'dignissim tempor arcu.','open',463),(24464,43689,'2016-08-31 14:42:13','Benison','2017-12-16 14:00:25','Benison',5420,'sem. Pellentesque ut','open',489),(24465,64581,'2017-09-08 07:45:34','Benison','2016-07-04 02:27:10','Benison',5485,'et malesuada','open',497),(24466,57477,'2017-06-03 03:17:48','Benison','2017-11-29 08:07:56','Benison',5497,'orci luctus et','open',469),(24467,11253,'2016-07-18 07:53:09','Benison','2016-12-28 06:06:26','Benison',5493,'ipsum dolor sit','open',464),(24468,15194,'2017-12-11 21:10:46','Benison','2018-04-04 03:57:29','Benison',5459,'Nunc lectus','open',480),(24469,84270,'2016-11-11 07:59:54','Benison','2017-01-18 19:40:29','Benison',5496,'Mauris','open',430),(24470,7791,'2016-07-25 12:46:27','Benison','2017-07-20 20:44:56','Benison',5481,'velit.','open',418),(24471,98751,'2017-06-05 03:30:19','Benison','2017-10-03 03:11:41','Benison',5401,'velit. Quisque varius.','open',428),(24472,65393,'2016-08-11 01:11:16','Benison','2016-09-22 14:45:58','Benison',5414,'Fusce feugiat. Lorem','open',497),(24473,65612,'2017-12-06 16:40:37','Benison','2016-07-01 16:33:30','Benison',5413,'odio. Aliquam','open',453),(24474,99158,'2017-07-16 16:26:55','Benison','2017-07-10 23:13:46','Benison',5445,'Duis a mi','open',434),(24475,76397,'2016-09-13 12:17:51','Benison','2016-10-25 07:49:47','Benison',5467,'montes, nascetur','open',490),(24476,81794,'2018-03-08 21:37:28','Benison','2016-08-14 11:22:22','Benison',5482,'et','open',467),(24477,21454,'2016-08-09 20:03:52','Benison','2017-04-14 10:22:44','Benison',5429,'dolor,','open',457),(24478,14020,'2017-07-23 23:11:27','Benison','2016-07-23 18:53:44','Benison',5403,'ultrices','open',477),(24479,57906,'2016-11-02 10:20:00','Benison','2017-09-27 05:07:14','Benison',5462,'neque vitae semper','open',421),(24480,53658,'2018-04-11 17:56:28','Benison','2016-12-19 13:29:31','Benison',5439,'eu erat','open',406),(24481,72714,'2016-09-17 02:10:44','Benison','2018-03-08 11:02:48','Benison',5480,'convallis ligula. Donec','open',411),(24482,2725,'2018-03-18 00:49:25','Benison','2017-02-11 08:26:29','Benison',5494,'molestie pharetra','open',440),(24483,37385,'2017-05-18 16:33:59','Benison','2018-05-02 21:33:26','Benison',5488,'arcu. Vestibulum','open',414),(24484,81646,'2017-04-20 08:19:06','Benison','2016-06-08 07:33:03','Benison',5464,'Aliquam tincidunt,','open',497),(24485,7067,'2016-07-30 03:49:41','Benison','2018-05-23 05:42:42','Benison',5471,'lacus.','open',472),(24486,63133,'2017-02-14 18:38:28','Benison','2016-08-08 17:47:29','Benison',5433,'auctor, velit eget','open',434),(24487,70919,'2016-06-29 11:10:36','Benison','2017-05-30 01:48:29','Benison',5417,'scelerisque mollis. Phasellus','open',451),(24488,39879,'2016-08-16 10:00:33','Benison','2017-02-15 20:08:32','Benison',5402,'dictum eu,','open',442),(24489,45680,'2017-08-01 05:32:10','Benison','2017-03-20 04:19:17','Benison',5497,'ac risus. Morbi','open',440),(24490,35580,'2017-01-11 08:34:23','Benison','2017-12-13 11:12:15','Benison',5435,'sed tortor.','open',467),(24491,85488,'2016-10-31 00:48:19','Benison','2018-02-12 13:14:02','Benison',5411,'sodales purus,','open',415),(24492,31157,'2018-01-21 16:05:00','Benison','2017-03-30 19:44:16','Benison',5468,'Nam','open',457),(24493,13476,'2017-02-28 09:13:51','Benison','2017-09-17 16:51:16','Benison',5461,'ac turpis','open',452),(24494,5154,'2016-12-21 01:58:53','Benison','2016-08-10 09:02:37','Benison',5448,'aliquet','open',412),(24495,97313,'2018-02-21 19:46:22','Benison','2017-10-11 14:19:04','Benison',5484,'leo. Vivamus','open',485),(24496,66795,'2018-01-11 20:54:09','Benison','2018-03-22 20:19:06','Benison',5419,'tempus, lorem fringilla','open',451),(24497,19,'2017-06-09 02:01:14','Benison','2016-08-30 15:40:17','Benison',5475,'vulputate,','open',501),(24498,47851,'2017-09-22 07:10:43','Benison','2017-07-28 22:43:26','Benison',5498,'purus. Duis elementum,','open',469),(24499,66185,'2016-07-27 08:53:27','Benison','2017-01-13 08:37:37','Benison',5418,'Cras','open',452);

/*Table structure for table `rfViewSignUp` */

DROP TABLE IF EXISTS `rfViewSignUp`;

CREATE TABLE `rfViewSignUp` (
  `id` int(11) NOT NULL,
  `name` varchar(50) NOT NULL,
  `organization` varchar(50) NOT NULL,
  `title` varchar(50) NOT NULL,
  `url` varchar(250) NOT NULL,
  `email` varchar(100) NOT NULL,
  `phone` varchar(50) NOT NULL,
  `city` varchar(200) NOT NULL,
  `state` varchar(200) NOT NULL,
  `country` varchar(50) NOT NULL,
  `description` varchar(1024) NOT NULL,
  `timing` varchar(50) NOT NULL,
  `budgeted` tinyint(4) NOT NULL
) ENGINE=InnoDB DEFAULT CHARSET=latin1;

/*Data for the table `rfViewSignUp` */

/*Table structure for table `shipItem` */

DROP TABLE IF EXISTS `shipItem`;

CREATE TABLE `shipItem` (
  `shipItemId` int(11) NOT NULL AUTO_INCREMENT,
  `quantity` int(11) DEFAULT NULL,
  `psku` varchar(255) DEFAULT NULL,
  `shipId` int(11) DEFAULT NULL,
  PRIMARY KEY (`shipItemId`),
  KEY `psku` (`psku`),
  KEY `shipId` (`shipId`),
  CONSTRAINT `shipItem_ibfk_1` FOREIGN KEY (`psku`) REFERENCES `product` (`psku`),
  CONSTRAINT `shipItem_ibfk_2` FOREIGN KEY (`shipId`) REFERENCES `shipMaster` (`shipId`)
) ENGINE=InnoDB AUTO_INCREMENT=20500 DEFAULT CHARSET=latin1;

/*Data for the table `shipItem` */

insert  into `shipItem`(`shipItemId`,`quantity`,`psku`,`shipId`) values (20000,6,'MD4440-4444',18044),(20001,4,'MD4440-4444',18048),(20002,8,'MD4440-4444',18016),(20003,5,'MD4440-4444',18043),(20004,4,'MD4440-4444',18066),(20005,3,'MD4440-4444',18069),(20006,2,'MD4440-4444',18092),(20007,3,'MD4440-4444',18009),(20008,10,'MD4440-4444',18012),(20009,8,'MD4440-4444',18058),(20010,8,'MD4440-4444',18041),(20011,2,'MD4440-4444',18031),(20012,2,'MD4440-4444',18068),(20013,5,'MD4440-4444',18019),(20014,9,'MD4440-4444',18052),(20015,5,'MD4440-4444',18090),(20016,1,'MD4440-4444',18054),(20017,10,'MD4440-4444',18039),(20018,1,'MD4440-4444',18008),(20019,5,'MD4440-4444',18084),(20020,2,'MD4440-4444',18029),(20021,1,'MD4440-4444',18009),(20022,4,'MD4440-4444',18098),(20023,2,'MD4440-4444',18089),(20024,7,'MD4440-4444',18050),(20025,2,'MD4440-4444',18000),(20026,5,'MD4440-4444',18030),(20027,2,'MD4440-4444',18055),(20028,4,'MD4440-4444',18024),(20029,3,'MD4440-4444',18052),(20030,2,'MD4440-4444',18030),(20031,7,'MD4440-4444',18044),(20032,3,'MD4440-4444',18048),(20033,8,'MD4440-4444',18008),(20034,7,'MD4440-4444',18092),(20035,10,'MD4440-4444',18037),(20036,1,'MD4440-4444',18003),(20037,5,'MD4440-4444',18047),(20038,2,'MD4440-4444',18088),(20039,9,'MD4440-4444',18051),(20040,4,'MD4440-4444',18043),(20041,4,'MD4440-4444',18009),(20042,1,'MD4440-4444',18071),(20043,6,'MD4440-4444',18006),(20044,3,'MD4440-4444',18002),(20045,3,'MD4440-4444',18031),(20046,6,'MD4440-4444',18061),(20047,10,'MD4440-4444',18053),(20048,4,'MD4440-4444',18080),(20049,10,'MD4440-4444',18069),(20050,3,'MD4440-4444',18092),(20051,2,'MD4440-4444',18082),(20052,1,'MD4440-4444',18036),(20053,6,'MD4440-4444',18031),(20054,1,'MD4440-4444',18022),(20055,8,'MD4440-4444',18093),(20056,4,'MD4440-4444',18082),(20057,3,'MD4440-4444',18037),(20058,3,'MD4440-4444',18071),(20059,3,'MD4440-4444',18058),(20060,4,'MD4440-4444',18023),(20061,5,'MD4440-4444',18096),(20062,2,'MD4440-4444',18038),(20063,5,'MD4440-4444',18001),(20064,3,'MD4440-4444',18005),(20065,3,'MD4440-4444',18066),(20066,9,'MD4440-4444',18043),(20067,2,'MD4440-4444',18046),(20068,9,'MD4440-4444',18008),(20069,5,'MD4440-4444',18058),(20070,1,'MD4440-4444',18084),(20071,9,'MD4440-4444',18078),(20072,9,'MD4440-4444',18030),(20073,4,'MD4440-4444',18079),(20074,3,'MD4440-4444',18025),(20075,6,'MD4440-4444',18012),(20076,10,'MD4440-4444',18094),(20077,1,'MD4440-4444',18091),(20078,8,'MD4440-4444',18089),(20079,5,'MD4440-4444',18075),(20080,5,'MD4440-4444',18031),(20081,8,'MD4440-4444',18042),(20082,4,'MD4440-4444',18007),(20083,3,'MD4440-4444',18053),(20084,8,'MD4440-4444',18079),(20085,3,'MD4440-4444',18041),(20086,1,'MD4440-4444',18028),(20087,5,'MD4440-4444',18068),(20088,6,'MD4440-4444',18003),(20089,9,'MD4440-4444',18002),(20090,4,'MD4440-4444',18084),(20091,3,'MD4440-4444',18054),(20092,5,'MD4440-4444',18018),(20093,5,'MD4440-4444',18082),(20094,2,'MD4440-4444',18019),(20095,10,'MD4440-4444',18067),(20096,10,'MD4440-4444',18039),(20097,4,'MD4440-4444',18022),(20098,1,'MD4440-4444',18009),(20099,6,'MD4440-4444',18044),(20100,2,'MD4440-4444',18164),(20101,3,'MD4440-4444',18171),(20102,6,'MD4440-4444',18119),(20103,2,'MD4440-4444',18138),(20104,6,'MD4440-4444',18124),(20105,2,'MD4440-4444',18149),(20106,10,'MD4440-4444',18155),(20107,2,'MD4440-4444',18140),(20108,3,'MD4440-4444',18103),(20109,10,'MD4440-4444',18175),(20110,6,'MD4440-4444',18111),(20111,10,'MD4440-4444',18156),(20112,4,'MD4440-4444',18163),(20113,4,'MD4440-4444',18174),(20114,8,'MD4440-4444',18107),(20115,3,'MD4440-4444',18155),(20116,9,'MD4440-4444',18154),(20117,5,'MD4440-4444',18128),(20118,6,'MD4440-4444',18120),(20119,9,'MD4440-4444',18173),(20120,3,'MD4440-4444',18168),(20121,5,'MD4440-4444',18153),(20122,3,'MD4440-4444',18114),(20123,1,'MD4440-4444',18151),(20124,8,'MD4440-4444',18101),(20125,3,'MD4440-4444',18131),(20126,4,'MD4440-4444',18100),(20127,5,'MD4440-4444',18172),(20128,1,'MD4440-4444',18131),(20129,6,'MD4440-4444',18158),(20130,10,'MD4440-4444',18180),(20131,7,'MD4440-4444',18102),(20132,4,'MD4440-4444',18188),(20133,1,'MD4440-4444',18101),(20134,7,'MD4440-4444',18100),(20135,7,'MD4440-4444',18127),(20136,2,'MD4440-4444',18109),(20137,6,'MD4440-4444',18111),(20138,2,'MD4440-4444',18146),(20139,7,'MD4440-4444',18105),(20140,4,'MD4440-4444',18196),(20141,10,'MD4440-4444',18178),(20142,6,'MD4440-4444',18174),(20143,1,'MD4440-4444',18152),(20144,8,'MD4440-4444',18174),(20145,5,'MD4440-4444',18198),(20146,5,'MD4440-4444',18196),(20147,10,'MD4440-4444',18113),(20148,2,'MD4440-4444',18162),(20149,8,'MD4440-4444',18111),(20150,6,'MD4440-4444',18133),(20151,8,'MD4440-4444',18156),(20152,6,'MD4440-4444',18199),(20153,8,'MD4440-4444',18187),(20154,8,'MD4440-4444',18176),(20155,6,'MD4440-4444',18178),(20156,4,'MD4440-4444',18123),(20157,5,'MD4440-4444',18128),(20158,2,'MD4440-4444',18119),(20159,5,'MD4440-4444',18182),(20160,1,'MD4440-4444',18180),(20161,8,'MD4440-4444',18119),(20162,3,'MD4440-4444',18121),(20163,2,'MD4440-4444',18168),(20164,1,'MD4440-4444',18103),(20165,3,'MD4440-4444',18121),(20166,5,'MD4440-4444',18137),(20167,1,'MD4440-4444',18138),(20168,1,'MD4440-4444',18134),(20169,9,'MD4440-4444',18144),(20170,1,'MD4440-4444',18103),(20171,1,'MD4440-4444',18197),(20172,2,'MD4440-4444',18123),(20173,2,'MD4440-4444',18129),(20174,10,'MD4440-4444',18145),(20175,6,'MD4440-4444',18148),(20176,1,'MD4440-4444',18151),(20177,10,'MD4440-4444',18135),(20178,9,'MD4440-4444',18199),(20179,7,'MD4440-4444',18158),(20180,1,'MD4440-4444',18170),(20181,9,'MD4440-4444',18198),(20182,7,'MD4440-4444',18152),(20183,5,'MD4440-4444',18106),(20184,3,'MD4440-4444',18133),(20185,9,'MD4440-4444',18114),(20186,5,'MD4440-4444',18125),(20187,7,'MD4440-4444',18112),(20188,8,'MD4440-4444',18190),(20189,3,'MD4440-4444',18159),(20190,10,'MD4440-4444',18155),(20191,7,'MD4440-4444',18197),(20192,10,'MD4440-4444',18124),(20193,4,'MD4440-4444',18187),(20194,8,'MD4440-4444',18118),(20195,5,'MD4440-4444',18192),(20196,6,'MD4440-4444',18181),(20197,1,'MD4440-4444',18139),(20198,3,'MD4440-4444',18144),(20199,7,'MD4440-4444',18189),(20200,5,'MD4440-4444',18286),(20201,3,'MD4440-4444',18238),(20202,6,'MD4440-4444',18227),(20203,4,'MD4440-4444',18277),(20204,2,'MD4440-4444',18245),(20205,4,'MD4440-4444',18249),(20206,4,'MD4440-4444',18242),(20207,6,'MD4440-4444',18296),(20208,10,'MD4440-4444',18202),(20209,6,'MD4440-4444',18259),(20210,3,'MD4440-4444',18281),(20211,5,'MD4440-4444',18280),(20212,1,'MD4440-4444',18219),(20213,8,'MD4440-4444',18242),(20214,2,'MD4440-4444',18239),(20215,8,'MD4440-4444',18204),(20216,7,'MD4440-4444',18260),(20217,3,'MD4440-4444',18212),(20218,9,'MD4440-4444',18279),(20219,6,'MD4440-4444',18205),(20220,8,'MD4440-4444',18239),(20221,2,'MD4440-4444',18283),(20222,7,'MD4440-4444',18270),(20223,8,'MD4440-4444',18282),(20224,8,'MD4440-4444',18245),(20225,4,'MD4440-4444',18221),(20226,3,'MD4440-4444',18267),(20227,7,'MD4440-4444',18216),(20228,9,'MD4440-4444',18214),(20229,10,'MD4440-4444',18227),(20230,10,'MD4440-4444',18274),(20231,3,'MD4440-4444',18241),(20232,10,'MD4440-4444',18253),(20233,9,'MD4440-4444',18225),(20234,3,'MD4440-4444',18249),(20235,8,'MD4440-4444',18280),(20236,10,'MD4440-4444',18203),(20237,10,'MD4440-4444',18204),(20238,1,'MD4440-4444',18213),(20239,1,'MD4440-4444',18253),(20240,9,'MD4440-4444',18210),(20241,8,'MD4440-4444',18222),(20242,6,'MD4440-4444',18293),(20243,2,'MD4440-4444',18292),(20244,7,'MD4440-4444',18242),(20245,3,'MD4440-4444',18283),(20246,8,'MD4440-4444',18273),(20247,1,'MD4440-4444',18283),(20248,3,'MD4440-4444',18230),(20249,5,'MD4440-4444',18248),(20250,8,'MD4440-4444',18266),(20251,1,'MD4440-4444',18229),(20252,9,'MD4440-4444',18203),(20253,7,'MD4440-4444',18272),(20254,3,'MD4440-4444',18210),(20255,6,'MD4440-4444',18232),(20256,1,'MD4440-4444',18297),(20257,5,'MD4440-4444',18200),(20258,2,'MD4440-4444',18229),(20259,3,'MD4440-4444',18279),(20260,5,'MD4440-4444',18203),(20261,8,'MD4440-4444',18251),(20262,2,'MD4440-4444',18217),(20263,10,'MD4440-4444',18269),(20264,10,'MD4440-4444',18268),(20265,7,'MD4440-4444',18203),(20266,7,'MD4440-4444',18258),(20267,1,'MD4440-4444',18241),(20268,9,'MD4440-4444',18210),(20269,10,'MD4440-4444',18232),(20270,8,'MD4440-4444',18212),(20271,4,'MD4440-4444',18209),(20272,9,'MD4440-4444',18206),(20273,8,'MD4440-4444',18253),(20274,10,'MD4440-4444',18281),(20275,3,'MD4440-4444',18247),(20276,5,'MD4440-4444',18292),(20277,6,'MD4440-4444',18269),(20278,1,'MD4440-4444',18204),(20279,8,'MD4440-4444',18231),(20280,10,'MD4440-4444',18270),(20281,8,'MD4440-4444',18218),(20282,6,'MD4440-4444',18275),(20283,4,'MD4440-4444',18202),(20284,6,'MD4440-4444',18283),(20285,7,'MD4440-4444',18284),(20286,4,'MD4440-4444',18263),(20287,10,'MD4440-4444',18229),(20288,3,'MD4440-4444',18292),(20289,9,'MD4440-4444',18221),(20290,10,'MD4440-4444',18276),(20291,10,'MD4440-4444',18271),(20292,4,'MD4440-4444',18213),(20293,1,'MD4440-4444',18226),(20294,5,'MD4440-4444',18253),(20295,8,'MD4440-4444',18266),(20296,3,'MD4440-4444',18208),(20297,10,'MD4440-4444',18246),(20298,1,'MD4440-4444',18240),(20299,2,'MD4440-4444',18263),(20300,2,'MD4440-4444',18367),(20301,1,'MD4440-4444',18347),(20302,9,'MD4440-4444',18322),(20303,6,'MD4440-4444',18394),(20304,2,'MD4440-4444',18319),(20305,5,'MD4440-4444',18390),(20306,4,'MD4440-4444',18374),(20307,6,'MD4440-4444',18317),(20308,4,'MD4440-4444',18392),(20309,8,'MD4440-4444',18390),(20310,5,'MD4440-4444',18331),(20311,5,'MD4440-4444',18319),(20312,3,'MD4440-4444',18353),(20313,5,'MD4440-4444',18313),(20314,5,'MD4440-4444',18394),(20315,9,'MD4440-4444',18371),(20316,6,'MD4440-4444',18336),(20317,5,'MD4440-4444',18388),(20318,3,'MD4440-4444',18329),(20319,2,'MD4440-4444',18303),(20320,4,'MD4440-4444',18354),(20321,10,'MD4440-4444',18338),(20322,3,'MD4440-4444',18350),(20323,2,'MD4440-4444',18329),(20324,1,'MD4440-4444',18328),(20325,3,'MD4440-4444',18327),(20326,1,'MD4440-4444',18371),(20327,1,'MD4440-4444',18362),(20328,6,'MD4440-4444',18348),(20329,5,'MD4440-4444',18373),(20330,3,'MD4440-4444',18399),(20331,10,'MD4440-4444',18347),(20332,3,'MD4440-4444',18385),(20333,2,'MD4440-4444',18376),(20334,6,'MD4440-4444',18367),(20335,9,'MD4440-4444',18300),(20336,8,'MD4440-4444',18322),(20337,3,'MD4440-4444',18398),(20338,9,'MD4440-4444',18317),(20339,3,'MD4440-4444',18309),(20340,7,'MD4440-4444',18374),(20341,3,'MD4440-4444',18362),(20342,3,'MD4440-4444',18322),(20343,8,'MD4440-4444',18302),(20344,10,'MD4440-4444',18309),(20345,4,'MD4440-4444',18386),(20346,10,'MD4440-4444',18361),(20347,6,'MD4440-4444',18342),(20348,3,'MD4440-4444',18386),(20349,4,'MD4440-4444',18337),(20350,5,'MD4440-4444',18312),(20351,9,'MD4440-4444',18381),(20352,10,'MD4440-4444',18309),(20353,6,'MD4440-4444',18313),(20354,5,'MD4440-4444',18395),(20355,10,'MD4440-4444',18307),(20356,2,'MD4440-4444',18309),(20357,3,'MD4440-4444',18364),(20358,1,'MD4440-4444',18325),(20359,8,'MD4440-4444',18387),(20360,3,'MD4440-4444',18375),(20361,6,'MD4440-4444',18307),(20362,10,'MD4440-4444',18354),(20363,1,'MD4440-4444',18390),(20364,6,'MD4440-4444',18378),(20365,4,'MD4440-4444',18344),(20366,9,'MD4440-4444',18319),(20367,3,'MD4440-4444',18357),(20368,6,'MD4440-4444',18376),(20369,1,'MD4440-4444',18300),(20370,7,'MD4440-4444',18380),(20371,2,'MD4440-4444',18310),(20372,10,'MD4440-4444',18332),(20373,7,'MD4440-4444',18398),(20374,7,'MD4440-4444',18397),(20375,7,'MD4440-4444',18389),(20376,6,'MD4440-4444',18320),(20377,5,'MD4440-4444',18362),(20378,7,'MD4440-4444',18339),(20379,5,'MD4440-4444',18368),(20380,6,'MD4440-4444',18302),(20381,3,'MD4440-4444',18312),(20382,6,'MD4440-4444',18368),(20383,8,'MD4440-4444',18307),(20384,3,'MD4440-4444',18366),(20385,1,'MD4440-4444',18308),(20386,8,'MD4440-4444',18335),(20387,6,'MD4440-4444',18326),(20388,7,'MD4440-4444',18335),(20389,7,'MD4440-4444',18323),(20390,8,'MD4440-4444',18374),(20391,5,'MD4440-4444',18322),(20392,6,'MD4440-4444',18303),(20393,10,'MD4440-4444',18376),(20394,3,'MD4440-4444',18316),(20395,10,'MD4440-4444',18389),(20396,4,'MD4440-4444',18371),(20397,2,'MD4440-4444',18331),(20398,9,'MD4440-4444',18359),(20399,1,'MD4440-4444',18333),(20400,5,'MD4440-4444',18454),(20401,6,'MD4440-4444',18473),(20402,6,'MD4440-4444',18421),(20403,4,'MD4440-4444',18410),(20404,5,'MD4440-4444',18495),(20405,10,'MD4440-4444',18422),(20406,6,'MD4440-4444',18441),(20407,4,'MD4440-4444',18410),(20408,2,'MD4440-4444',18483),(20409,8,'MD4440-4444',18472),(20410,7,'MD4440-4444',18445),(20411,8,'MD4440-4444',18455),(20412,10,'MD4440-4444',18424),(20413,9,'MD4440-4444',18406),(20414,10,'MD4440-4444',18426),(20415,2,'MD4440-4444',18420),(20416,10,'MD4440-4444',18479),(20417,3,'MD4440-4444',18416),(20418,8,'MD4440-4444',18406),(20419,10,'MD4440-4444',18453),(20420,9,'MD4440-4444',18495),(20421,7,'MD4440-4444',18431),(20422,10,'MD4440-4444',18407),(20423,8,'MD4440-4444',18472),(20424,4,'MD4440-4444',18472),(20425,2,'MD4440-4444',18445),(20426,6,'MD4440-4444',18491),(20427,5,'MD4440-4444',18477),(20428,1,'MD4440-4444',18414),(20429,4,'MD4440-4444',18493),(20430,6,'MD4440-4444',18400),(20431,6,'MD4440-4444',18427),(20432,4,'MD4440-4444',18470),(20433,3,'MD4440-4444',18418),(20434,2,'MD4440-4444',18410),(20435,6,'MD4440-4444',18411),(20436,9,'MD4440-4444',18432),(20437,7,'MD4440-4444',18418),(20438,10,'MD4440-4444',18469),(20439,2,'MD4440-4444',18456),(20440,2,'MD4440-4444',18495),(20441,5,'MD4440-4444',18466),(20442,2,'MD4440-4444',18441),(20443,9,'MD4440-4444',18426),(20444,9,'MD4440-4444',18409),(20445,4,'MD4440-4444',18468),(20446,7,'MD4440-4444',18460),(20447,10,'MD4440-4444',18444),(20448,1,'MD4440-4444',18445),(20449,4,'MD4440-4444',18429),(20450,8,'MD4440-4444',18400),(20451,9,'MD4440-4444',18497),(20452,7,'MD4440-4444',18472),(20453,7,'MD4440-4444',18459),(20454,3,'MD4440-4444',18425),(20455,7,'MD4440-4444',18434),(20456,1,'MD4440-4444',18400),(20457,10,'MD4440-4444',18425),(20458,8,'MD4440-4444',18449),(20459,10,'MD4440-4444',18405),(20460,4,'MD4440-4444',18464),(20461,6,'MD4440-4444',18485),(20462,1,'MD4440-4444',18438),(20463,6,'MD4440-4444',18498),(20464,2,'MD4440-4444',18475),(20465,1,'MD4440-4444',18476),(20466,3,'MD4440-4444',18429),(20467,2,'MD4440-4444',18472),(20468,8,'MD4440-4444',18438),(20469,6,'MD4440-4444',18475),(20470,1,'MD4440-4444',18455),(20471,4,'MD4440-4444',18429),(20472,9,'MD4440-4444',18462),(20473,10,'MD4440-4444',18488),(20474,4,'MD4440-4444',18442),(20475,4,'MD4440-4444',18471),(20476,8,'MD4440-4444',18408),(20477,7,'MD4440-4444',18409),(20478,6,'MD4440-4444',18421),(20479,1,'MD4440-4444',18421),(20480,5,'MD4440-4444',18448),(20481,1,'MD4440-4444',18478),(20482,9,'MD4440-4444',18435),(20483,2,'MD4440-4444',18418),(20484,5,'MD4440-4444',18450),(20485,4,'MD4440-4444',18425),(20486,8,'MD4440-4444',18492),(20487,6,'MD4440-4444',18443),(20488,9,'MD4440-4444',18412),(20489,8,'MD4440-4444',18446),(20490,2,'MD4440-4444',18474),(20491,5,'MD4440-4444',18490),(20492,1,'MD4440-4444',18427),(20493,7,'MD4440-4444',18453),(20494,7,'MD4440-4444',18496),(20495,8,'MD4440-4444',18458),(20496,8,'MD4440-4444',18488),(20497,7,'MD4440-4444',18436),(20498,3,'MD4440-4444',18494),(20499,1,'MD4440-4444',18416);

/*Table structure for table `shipItemSubProduct` */

DROP TABLE IF EXISTS `shipItemSubProduct`;

CREATE TABLE `shipItemSubProduct` (
  `shipitemsubproductId` int(11) NOT NULL AUTO_INCREMENT,
  `shipItemId` int(11) NOT NULL,
  `invoiceitemsubproductId` int(11) NOT NULL,
  PRIMARY KEY (`shipitemsubproductId`),
  KEY `shipItemId_idx` (`shipItemId`),
  KEY `invoiceitemsubproductId_idx` (`invoiceitemsubproductId`),
  KEY `shipItemId_idx1` (`shipItemId`),
  KEY `invoiceitemsubproductId_idx1` (`invoiceitemsubproductId`),
  KEY `shipItemId` (`shipItemId`),
  CONSTRAINT `` FOREIGN KEY (`shipItemId`) REFERENCES `shipItem` (`shipItemId`),
  CONSTRAINT `invoiceitemsubproductId2` FOREIGN KEY (`invoiceitemsubproductId`) REFERENCES `invoiceItemSubProduct` (`invoiceitemsubproductId`)
) ENGINE=InnoDB AUTO_INCREMENT=22500 DEFAULT CHARSET=latin1;

/*Data for the table `shipItemSubProduct` */

insert  into `shipItemSubProduct`(`shipitemsubproductId`,`shipItemId`,`invoiceitemsubproductId`) values (22000,20079,9007),(22001,20068,9022),(22002,20035,9068),(22003,20049,9005),(22004,20011,9077),(22005,20040,9025),(22006,20087,9093),(22007,20017,9094),(22008,20093,9035),(22009,20022,9084),(22010,20064,9046),(22011,20086,9066),(22012,20005,9099),(22013,20017,9058),(22014,20000,9025),(22015,20072,9086),(22016,20011,9099),(22017,20046,9090),(22018,20087,9006),(22019,20012,9068),(22020,20042,9038),(22021,20036,9023),(22022,20085,9068),(22023,20019,9035),(22024,20079,9006),(22025,20042,9077),(22026,20005,9098),(22027,20042,9017),(22028,20067,9042),(22029,20037,9037),(22030,20092,9058),(22031,20016,9062),(22032,20062,9048),(22033,20066,9018),(22034,20052,9069),(22035,20095,9013),(22036,20016,9047),(22037,20089,9069),(22038,20085,9068),(22039,20092,9015),(22040,20046,9065),(22041,20087,9040),(22042,20019,9033),(22043,20080,9087),(22044,20003,9052),(22045,20073,9008),(22046,20055,9069),(22047,20049,9049),(22048,20016,9050),(22049,20076,9035),(22050,20006,9063),(22051,20006,9073),(22052,20034,9000),(22053,20056,9098),(22054,20061,9037),(22055,20077,9014),(22056,20079,9002),(22057,20058,9059),(22058,20055,9013),(22059,20090,9050),(22060,20040,9059),(22061,20008,9026),(22062,20070,9087),(22063,20002,9039),(22064,20082,9004),(22065,20026,9069),(22066,20024,9054),(22067,20019,9060),(22068,20020,9009),(22069,20070,9028),(22070,20077,9011),(22071,20008,9024),(22072,20037,9042),(22073,20087,9072),(22074,20038,9018),(22075,20066,9089),(22076,20082,9025),(22077,20029,9070),(22078,20086,9075),(22079,20061,9013),(22080,20050,9093),(22081,20092,9088),(22082,20013,9062),(22083,20037,9067),(22084,20078,9080),(22085,20005,9009),(22086,20085,9078),(22087,20056,9084),(22088,20087,9088),(22089,20070,9090),(22090,20037,9006),(22091,20030,9050),(22092,20056,9022),(22093,20042,9020),(22094,20000,9046),(22095,20027,9092),(22096,20000,9054),(22097,20031,9057),(22098,20062,9083),(22099,20052,9046),(22100,20112,9167),(22101,20163,9178),(22102,20137,9188),(22103,20143,9199),(22104,20102,9119),(22105,20107,9152),(22106,20196,9180),(22107,20145,9154),(22108,20163,9174),(22109,20178,9164),(22110,20137,9109),(22111,20171,9147),(22112,20110,9194),(22113,20115,9165),(22114,20117,9148),(22115,20181,9163),(22116,20173,9161),(22117,20123,9198),(22118,20107,9115),(22119,20183,9176),(22120,20147,9131),(22121,20177,9184),(22122,20112,9120),(22123,20191,9197),(22124,20149,9123),(22125,20140,9141),(22126,20153,9135),(22127,20122,9162),(22128,20169,9199),(22129,20171,9111),(22130,20147,9184),(22131,20172,9105),(22132,20189,9191),(22133,20127,9160),(22134,20132,9101),(22135,20174,9181),(22136,20118,9114),(22137,20190,9174),(22138,20118,9190),(22139,20160,9140),(22140,20111,9117),(22141,20121,9116),(22142,20171,9103),(22143,20143,9163),(22144,20192,9139),(22145,20114,9113),(22146,20121,9188),(22147,20160,9150),(22148,20102,9124),(22149,20107,9100),(22150,20161,9186),(22151,20144,9146),(22152,20126,9108),(22153,20182,9125),(22154,20128,9107),(22155,20194,9143),(22156,20165,9185),(22157,20115,9141),(22158,20136,9195),(22159,20142,9181),(22160,20171,9106),(22161,20144,9150),(22162,20162,9113),(22163,20106,9102),(22164,20176,9160),(22165,20169,9144),(22166,20115,9162),(22167,20172,9108),(22168,20185,9135),(22169,20193,9106),(22170,20168,9150),(22171,20168,9109),(22172,20193,9168),(22173,20110,9115),(22174,20187,9182),(22175,20110,9143),(22176,20166,9181),(22177,20186,9125),(22178,20136,9172),(22179,20126,9147),(22180,20171,9109),(22181,20170,9139),(22182,20175,9120),(22183,20110,9120),(22184,20197,9188),(22185,20111,9174),(22186,20123,9117),(22187,20176,9175),(22188,20115,9178),(22189,20187,9168),(22190,20134,9136),(22191,20167,9118),(22192,20142,9130),(22193,20157,9168),(22194,20195,9152),(22195,20142,9196),(22196,20118,9141),(22197,20153,9195),(22198,20113,9125),(22199,20132,9117),(22200,20298,9212),(22201,20280,9279),(22202,20245,9269),(22203,20240,9216),(22204,20265,9220),(22205,20203,9271),(22206,20288,9225),(22207,20283,9246),(22208,20243,9266),(22209,20234,9245),(22210,20276,9274),(22211,20256,9216),(22212,20242,9293),(22213,20276,9235),(22214,20208,9276),(22215,20215,9244),(22216,20270,9210),(22217,20282,9292),(22218,20236,9268),(22219,20265,9251),(22220,20270,9226),(22221,20278,9210),(22222,20244,9210),(22223,20273,9218),(22224,20221,9233),(22225,20228,9295),(22226,20239,9245),(22227,20258,9277),(22228,20225,9221),(22229,20253,9262),(22230,20290,9256),(22231,20296,9255),(22232,20265,9286),(22233,20283,9299),(22234,20243,9296),(22235,20251,9289),(22236,20285,9271),(22237,20256,9201),(22238,20203,9250),(22239,20247,9232),(22240,20258,9277),(22241,20216,9268),(22242,20250,9202),(22243,20290,9230),(22244,20221,9256),(22245,20282,9200),(22246,20276,9235),(22247,20261,9202),(22248,20298,9226),(22249,20288,9295),(22250,20267,9205),(22251,20264,9287),(22252,20239,9206),(22253,20216,9297),(22254,20278,9281),(22255,20289,9220),(22256,20209,9221),(22257,20215,9283),(22258,20295,9204),(22259,20283,9234),(22260,20203,9264),(22261,20220,9222),(22262,20233,9285),(22263,20239,9297),(22264,20246,9240),(22265,20285,9260),(22266,20212,9296),(22267,20242,9271),(22268,20299,9209),(22269,20267,9204),(22270,20203,9204),(22271,20264,9226),(22272,20208,9214),(22273,20263,9289),(22274,20274,9214),(22275,20226,9254),(22276,20276,9201),(22277,20203,9293),(22278,20280,9239),(22279,20220,9212),(22280,20218,9292),(22281,20244,9266),(22282,20225,9226),(22283,20234,9275),(22284,20209,9232),(22285,20247,9264),(22286,20292,9278),(22287,20272,9239),(22288,20257,9234),(22289,20287,9285),(22290,20268,9233),(22291,20272,9240),(22292,20264,9244),(22293,20245,9201),(22294,20271,9293),(22295,20292,9238),(22296,20222,9249),(22297,20228,9248),(22298,20258,9226),(22299,20254,9206),(22300,20384,9366),(22301,20301,9357),(22302,20305,9304),(22303,20345,9340),(22304,20376,9370),(22305,20318,9332),(22306,20379,9398),(22307,20309,9393),(22308,20305,9365),(22309,20316,9355),(22310,20372,9308),(22311,20304,9381),(22312,20390,9377),(22313,20361,9331),(22314,20361,9331),(22315,20390,9310),(22316,20305,9387),(22317,20313,9393),(22318,20305,9389),(22319,20343,9347),(22320,20338,9392),(22321,20332,9361),(22322,20305,9392),(22323,20300,9332),(22324,20398,9385),(22325,20316,9333),(22326,20374,9347),(22327,20397,9356),(22328,20326,9396),(22329,20347,9301),(22330,20344,9395),(22331,20323,9344),(22332,20349,9353),(22333,20317,9381),(22334,20324,9379),(22335,20365,9395),(22336,20317,9336),(22337,20390,9326),(22338,20308,9356),(22339,20386,9322),(22340,20309,9375),(22341,20377,9363),(22342,20399,9398),(22343,20391,9382),(22344,20355,9362),(22345,20367,9324),(22346,20324,9369),(22347,20358,9390),(22348,20345,9320),(22349,20339,9378),(22350,20330,9350),(22351,20328,9345),(22352,20385,9339),(22353,20379,9375),(22354,20348,9335),(22355,20337,9330),(22356,20326,9398),(22357,20394,9308),(22358,20326,9353),(22359,20393,9363),(22360,20312,9377),(22361,20343,9351),(22362,20388,9313),(22363,20361,9333),(22364,20396,9371),(22365,20341,9303),(22366,20315,9362),(22367,20362,9364),(22368,20349,9304),(22369,20334,9388),(22370,20328,9316),(22371,20391,9332),(22372,20348,9307),(22373,20369,9392),(22374,20335,9310),(22375,20364,9310),(22376,20390,9360),(22377,20326,9306),(22378,20349,9337),(22379,20334,9371),(22380,20379,9337),(22381,20385,9353),(22382,20376,9319),(22383,20326,9392),(22384,20354,9302),(22385,20324,9323),(22386,20349,9310),(22387,20312,9380),(22388,20320,9386),(22389,20326,9305),(22390,20350,9354),(22391,20381,9356),(22392,20340,9316),(22393,20389,9319),(22394,20358,9322),(22395,20304,9331),(22396,20367,9373),(22397,20360,9334),(22398,20316,9305),(22399,20331,9334),(22400,20444,9468),(22401,20479,9432),(22402,20429,9464),(22403,20491,9476),(22404,20419,9411),(22405,20407,9425),(22406,20480,9470),(22407,20473,9440),(22408,20498,9414),(22409,20424,9466),(22410,20404,9430),(22411,20403,9471),(22412,20411,9455),(22413,20461,9484),(22414,20497,9466),(22415,20493,9407),(22416,20448,9463),(22417,20459,9495),(22418,20497,9487),(22419,20458,9411),(22420,20466,9416),(22421,20470,9445),(22422,20480,9485),(22423,20456,9498),(22424,20410,9402),(22425,20495,9489),(22426,20476,9461),(22427,20458,9445),(22428,20430,9463),(22429,20448,9491),(22430,20447,9492),(22431,20456,9412),(22432,20447,9480),(22433,20475,9403),(22434,20448,9442),(22435,20486,9437),(22436,20406,9485),(22437,20443,9433),(22438,20433,9454),(22439,20420,9417),(22440,20422,9467),(22441,20460,9454),(22442,20413,9483),(22443,20402,9446),(22444,20458,9451),(22445,20459,9423),(22446,20425,9400),(22447,20483,9475),(22448,20473,9416),(22449,20468,9404),(22450,20425,9492),(22451,20400,9410),(22452,20449,9460),(22453,20448,9410),(22454,20497,9416),(22455,20433,9449),(22456,20413,9485),(22457,20490,9498),(22458,20423,9439),(22459,20400,9412),(22460,20451,9402),(22461,20443,9479),(22462,20439,9475),(22463,20425,9435),(22464,20463,9484),(22465,20440,9462),(22466,20430,9492),(22467,20462,9495),(22468,20465,9410),(22469,20459,9460),(22470,20437,9419),(22471,20403,9444),(22472,20428,9412),(22473,20490,9412),(22474,20467,9413),(22475,20436,9431),(22476,20469,9494),(22477,20467,9472),(22478,20450,9463),(22479,20416,9459),(22480,20442,9447),(22481,20498,9442),(22482,20493,9466),(22483,20458,9490),(22484,20427,9427),(22485,20401,9486),(22486,20449,9487),(22487,20457,9407),(22488,20463,9402),(22489,20407,9412),(22490,20456,9483),(22491,20445,9414),(22492,20442,9468),(22493,20476,9434),(22494,20444,9495),(22495,20402,9498),(22496,20456,9405),(22497,20455,9478),(22498,20478,9431),(22499,20465,9427);

/*Table structure for table `shipMaster` */

DROP TABLE IF EXISTS `shipMaster`;

CREATE TABLE `shipMaster` (
  `custId` int(11) NOT NULL,
  `shipId` int(11) NOT NULL AUTO_INCREMENT,
  `state` varchar(50) NOT NULL,
  `created` datetime NOT NULL,
  `acknowledged` datetime DEFAULT NULL,
  `finished` datetime DEFAULT NULL,
  `shipBy` datetime DEFAULT NULL,
  `custName` varchar(50) NOT NULL,
  `address` varchar(512) NOT NULL,
  `phone` varchar(50) NOT NULL,
  `instructions` varchar(512) NOT NULL,
  `commitBy` datetime DEFAULT NULL,
  `invId` int(11) DEFAULT NULL,
  `createdBy` varchar(50) DEFAULT NULL,
  `ackBy` varchar(50) DEFAULT NULL,
  `jobId` int(11) DEFAULT NULL,
  PRIMARY KEY (`shipId`),
  KEY `CREATEDBY` (`createdBy`),
  KEY `JOBID` (`jobId`),
  KEY `INVID` (`invId`),
  KEY `ackBy` (`ackBy`),
  KEY `shipMaster_ibfk_6` (`custId`),
  CONSTRAINT `shipMaster_ibfk_1` FOREIGN KEY (`createdBy`) REFERENCES `userRole` (`userName`),
  CONSTRAINT `shipMaster_ibfk_2` FOREIGN KEY (`jobId`) REFERENCES `jobMaster` (`jobId`),
  CONSTRAINT `shipMaster_ibfk_3` FOREIGN KEY (`invId`) REFERENCES `invoiceMaster` (`invId`),
  CONSTRAINT `shipMaster_ibfk_4` FOREIGN KEY (`createdBy`) REFERENCES `userRole` (`userName`),
  CONSTRAINT `shipMaster_ibfk_5` FOREIGN KEY (`ackBy`) REFERENCES `userRole` (`userName`),
  CONSTRAINT `shipMaster_ibfk_6` FOREIGN KEY (`custId`) REFERENCES `customer` (`custId`)
) ENGINE=InnoDB AUTO_INCREMENT=18500 DEFAULT CHARSET=latin1;

/*Data for the table `shipMaster` */

insert  into `shipMaster`(`custId`,`shipId`,`state`,`created`,`acknowledged`,`finished`,`shipBy`,`custName`,`address`,`phone`,`instructions`,`commitBy`,`invId`,`createdBy`,`ackBy`,`jobId`) values (36,18000,'open','2018-06-08 13:02:43','2018-06-01 00:40:44','2017-12-11 00:39:12','2017-06-22 23:53:46','Benison','759-9404 Arcu. Rd.','1234567890','sed','2017-11-15 19:55:27',5032,'Benison','Benison',12059),(52,18001,'open','2017-03-15 16:55:41','2017-05-29 00:35:17','2018-04-28 23:40:42','2017-10-24 01:44:35','Benison','975-3440 Consectetuer Street','1234567890','dignissim','2018-01-21 07:18:54',5066,'Benison','Benison',12038),(22,18002,'open','2018-04-05 06:13:56','2017-04-14 21:05:26','2017-05-25 00:28:42','2017-12-09 18:22:59','Benison','Ap #888-5543 Est. Ave','1234567890','non justo.','2017-01-06 02:34:45',5068,'Benison','Benison',12025),(7,18003,'open','2017-01-22 22:31:22','2016-09-12 10:16:27','2018-05-12 15:45:27','2016-09-07 15:18:54','Benison','P.O. Box 286, 7981 Non, Avenue','1234567890','Donec est. Nunc','2017-04-14 15:19:45',5068,'Benison','Benison',12010),(35,18004,'open','2016-10-05 13:53:57','2018-01-21 06:42:39','2017-12-10 11:55:04','2016-11-19 17:46:35','Benison','Ap #167-901 Nulla. St.','1234567890','Donec','2016-12-03 16:39:40',5055,'Benison','Benison',12033),(47,18005,'open','2018-01-09 23:45:31','2017-08-01 06:31:23','2017-07-14 11:51:01','2017-11-03 14:04:13','Benison','272-5682 Facilisis Ave','1234567890','fermentum vel, mauris.','2016-08-01 07:21:07',5067,'Benison','Benison',12078),(22,18006,'open','2016-11-20 13:32:52','2018-01-28 08:35:25','2018-04-23 05:28:01','2018-02-18 13:59:37','Benison','P.O. Box 493, 1266 Fusce Rd.','1234567890','eu tellus eu','2017-07-19 03:40:31',5046,'Benison','Benison',12047),(47,18007,'open','2016-08-27 19:38:58','2017-07-21 18:17:43','2018-01-09 18:23:53','2016-12-26 18:37:12','Benison','3578 Dis Road','1234567890','adipiscing non, luctus','2016-12-03 06:44:51',5053,'Benison','Benison',12056),(60,18008,'open','2017-05-31 04:29:29','2016-12-10 12:20:17','2017-04-10 16:42:00','2017-10-04 14:40:40','Benison','Ap #983-4886 Sollicitudin Ave','1234567890','sem','2017-05-15 03:36:56',5055,'Benison','Benison',12092),(60,18009,'open','2016-12-23 15:40:35','2017-10-18 16:57:28','2017-09-09 00:26:26','2017-12-15 02:16:45','Benison','944-1098 Maecenas Rd.','1234567890','Phasellus vitae mauris','2018-02-05 19:20:02',5056,'Benison','Benison',12013),(94,18010,'open','2017-07-14 04:37:11','2018-01-19 23:18:48','2016-10-24 01:27:55','2018-02-08 05:47:21','Benison','5947 Phasellus Avenue','1234567890','augue scelerisque','2017-04-18 09:59:01',5047,'Benison','Benison',12068),(82,18011,'open','2017-06-07 21:22:19','2016-12-09 17:21:59','2018-03-01 19:25:25','2017-07-18 04:22:07','Benison','518-7553 Molestie Rd.','1234567890','Donec nibh enim,','2017-10-26 06:10:51',5033,'Benison','Benison',12005),(48,18012,'open','2018-05-17 17:23:17','2017-10-26 02:14:46','2018-02-02 02:46:33','2016-12-29 08:06:26','Benison','Ap #990-4262 Auctor Road','1234567890','a feugiat tellus','2017-03-17 16:44:03',5042,'Benison','Benison',12098),(89,18013,'open','2016-07-08 07:32:40','2017-04-30 20:14:54','2018-01-07 04:40:31','2016-09-28 03:46:38','Benison','930-3584 Dapibus Road','1234567890','diam at','2017-05-05 01:29:29',5069,'Benison','Benison',12052),(72,18014,'open','2017-10-21 13:45:10','2017-12-26 02:35:23','2017-06-15 20:29:56','2016-10-11 19:30:50','Benison','3747 Lobortis Ave','1234567890','feugiat. Lorem','2017-12-05 02:18:22',5094,'Benison','Benison',12037),(40,18015,'open','2016-12-14 05:00:53','2017-07-25 04:21:01','2017-01-28 09:49:16','2017-10-05 05:45:04','Benison','900-9692 Nisi Road','1234567890','semper egestas, urna','2017-12-28 04:00:16',5028,'Benison','Benison',12091),(75,18016,'open','2018-02-07 23:44:52','2017-08-02 17:45:08','2017-03-24 19:38:14','2016-06-26 10:58:10','Benison','7829 Metus. Street','1234567890','porta elit, a','2018-04-06 19:19:01',5095,'Benison','Benison',12024),(69,18017,'open','2016-07-30 06:45:23','2017-08-26 09:25:44','2017-11-27 07:47:32','2016-10-05 12:00:19','Benison','Ap #520-5790 Eros St.','1234567890','molestie','2018-05-27 16:59:32',5014,'Benison','Benison',12074),(24,18018,'open','2018-05-02 22:18:49','2017-03-04 22:36:24','2016-09-23 20:15:32','2018-04-25 13:08:11','Benison','Ap #202-3578 Dui Av.','1234567890','urna. Ut tincidunt','2017-11-16 02:53:11',5074,'Benison','Benison',12009),(20,18019,'open','2018-01-10 08:42:42','2016-11-07 04:09:03','2017-05-01 11:15:12','2017-08-26 08:38:49','Benison','P.O. Box 210, 4083 Proin St.','1234567890','erat volutpat. Nulla','2017-04-18 22:02:32',5053,'Benison','Benison',12072),(23,18020,'open','2016-09-24 09:34:17','2017-09-26 09:46:09','2018-04-16 11:43:15','2017-02-20 22:13:22','Benison','926-3904 Hendrerit Ave','1234567890','magnis dis','2017-07-15 20:22:32',5005,'Benison','Benison',12005),(86,18021,'open','2017-05-05 11:37:23','2018-02-13 16:20:16','2017-01-26 07:17:02','2017-07-05 11:47:02','Benison','Ap #237-3841 Aliquam Rd.','1234567890','arcu.','2016-11-17 07:05:27',5068,'Benison','Benison',12004),(100,18022,'open','2016-07-16 23:17:40','2018-03-25 18:06:43','2017-03-23 04:32:09','2017-01-19 01:30:56','Benison','P.O. Box 341, 8823 Mauris. St.','1234567890','erat. Vivamus','2016-12-25 23:15:29',5017,'Benison','Benison',12092),(21,18023,'open','2017-01-30 23:01:56','2018-05-08 09:47:04','2017-09-04 17:33:29','2018-01-21 01:08:31','Benison','Ap #365-5320 Ut Avenue','1234567890','augue malesuada malesuada.','2018-02-10 16:27:19',5055,'Benison','Benison',12095),(93,18024,'open','2017-05-19 13:28:47','2018-04-02 23:40:17','2017-07-16 22:56:59','2018-06-03 16:21:40','Benison','P.O. Box 762, 1695 Justo Rd.','1234567890','nisi nibh lacinia','2017-11-05 07:05:14',5018,'Benison','Benison',12026),(29,18025,'open','2017-03-22 14:09:08','2017-03-14 01:15:56','2017-06-13 00:41:33','2018-03-17 13:44:12','Benison','568-670 Orci Street','1234567890','a,','2017-12-27 23:01:21',5034,'Benison','Benison',12084),(91,18026,'open','2018-04-08 07:19:23','2016-12-29 03:41:17','2016-11-28 17:07:48','2016-07-19 05:38:03','Benison','P.O. Box 955, 7005 Mi Road','1234567890','pulvinar','2017-01-05 22:32:37',5034,'Benison','Benison',12060),(44,18027,'open','2017-04-07 19:06:38','2017-02-27 10:41:42','2016-08-27 14:03:11','2017-07-11 04:16:26','Benison','Ap #355-4590 Orci Av.','1234567890','amet ultricies','2018-01-21 22:31:07',5031,'Benison','Benison',12043),(67,18028,'open','2018-03-24 13:24:02','2017-06-15 01:29:54','2017-01-27 16:06:45','2018-03-22 07:47:36','Benison','Ap #733-9914 Phasellus Ave','1234567890','non,','2017-06-26 01:15:32',5046,'Benison','Benison',12061),(97,18029,'open','2017-02-05 08:53:12','2017-04-01 18:11:06','2017-03-07 03:51:42','2016-11-05 08:11:11','Benison','Ap #991-8611 Nec Street','1234567890','ut erat. Sed','2016-12-14 12:47:27',5048,'Benison','Benison',12095),(59,18030,'open','2016-12-02 02:04:14','2017-05-23 22:16:47','2016-07-15 08:05:57','2018-03-05 22:11:01','Benison','493-1663 Mauris Street','1234567890','dictum sapien.','2017-08-24 02:16:11',5012,'Benison','Benison',12031),(68,18031,'open','2016-07-21 09:51:25','2017-10-16 03:54:16','2016-07-12 22:57:11','2018-02-15 13:50:17','Benison','269-2219 Magna. St.','1234567890','interdum feugiat.','2017-04-14 07:41:57',5021,'Benison','Benison',12056),(23,18032,'open','2017-03-22 01:14:04','2017-07-03 00:52:46','2017-10-12 20:27:45','2016-07-02 11:22:11','Benison','Ap #954-6913 Lorem St.','1234567890','iaculis enim,','2016-09-14 14:13:08',5087,'Benison','Benison',12065),(95,18033,'open','2016-07-09 09:29:02','2018-05-27 19:30:22','2018-05-10 17:54:43','2016-07-25 17:30:29','Benison','4683 Mauris St.','1234567890','Aliquam ornare,','2016-12-08 11:34:15',5005,'Benison','Benison',12006),(12,18034,'open','2017-08-15 04:13:51','2018-05-09 16:29:23','2017-09-18 19:36:50','2017-06-11 06:16:54','Benison','519-1692 Neque Rd.','1234567890','interdum libero dui','2017-10-09 21:37:10',5058,'Benison','Benison',12016),(67,18035,'open','2017-01-06 05:59:16','2017-02-20 13:06:09','2017-02-19 12:55:03','2017-01-08 02:46:31','Benison','8652 Donec Street','1234567890','Duis mi','2017-02-17 10:52:16',5001,'Benison','Benison',12025),(84,18036,'open','2017-03-14 07:03:14','2017-06-30 14:06:57','2018-02-21 11:14:03','2017-05-20 02:42:13','Benison','530-2427 Vel Avenue','1234567890','ligula elit, pretium','2016-12-12 06:29:17',5011,'Benison','Benison',12099),(94,18037,'open','2016-11-04 03:55:12','2017-10-06 23:40:42','2017-03-17 15:05:19','2017-06-07 18:24:31','Benison','861-7745 Ac Ave','1234567890','Suspendisse sagittis.','2017-11-07 12:10:37',5032,'Benison','Benison',12036),(87,18038,'open','2016-11-30 17:09:03','2016-12-30 12:54:39','2016-09-02 16:02:41','2017-03-02 01:20:43','Benison','Ap #326-7680 Neque Rd.','1234567890','auctor velit. Aliquam','2017-05-11 20:48:34',5094,'Benison','Benison',12019),(30,18039,'open','2016-08-27 22:03:17','2018-02-04 05:12:46','2017-06-09 18:29:14','2018-03-20 11:00:44','Benison','704-6890 Proin St.','1234567890','Curabitur sed','2016-11-14 02:54:55',5056,'Benison','Benison',12054),(70,18040,'open','2016-11-13 21:15:17','2016-07-11 21:58:29','2017-03-19 23:02:48','2018-04-19 11:00:09','Benison','754-6680 Aenean St.','1234567890','purus','2017-09-25 15:29:59',5008,'Benison','Benison',12002),(44,18041,'open','2018-04-09 17:39:51','2017-01-07 22:29:09','2017-04-25 12:58:08','2017-08-19 11:46:40','Benison','P.O. Box 256, 5953 Consequat Avenue','1234567890','interdum libero dui','2018-03-25 13:37:10',5002,'Benison','Benison',12029),(95,18042,'open','2017-07-17 04:38:23','2018-04-30 14:58:54','2017-10-22 06:46:26','2017-06-07 14:22:05','Benison','6312 Mauris Avenue','1234567890','hendrerit','2016-11-29 00:04:53',5057,'Benison','Benison',12045),(31,18043,'open','2016-09-14 08:54:30','2017-05-07 03:47:32','2017-06-19 12:02:01','2017-11-24 16:29:44','Benison','Ap #814-4102 Suspendisse Road','1234567890','iaculis','2016-10-18 08:47:14',5031,'Benison','Benison',12067),(21,18044,'open','2016-12-31 07:13:37','2017-08-02 06:15:58','2016-11-12 10:35:09','2016-12-11 00:32:58','Benison','2668 Velit St.','1234567890','Sed','2016-09-22 12:24:26',5026,'Benison','Benison',12045),(51,18045,'open','2016-11-03 15:26:46','2016-06-21 21:29:24','2017-11-19 11:43:18','2016-08-26 00:47:37','Benison','425-6983 Quis St.','1234567890','Aliquam erat volutpat.','2018-03-07 01:15:37',5011,'Benison','Benison',12054),(72,18046,'open','2017-11-02 05:01:06','2017-01-01 11:04:23','2017-11-13 07:57:33','2017-11-20 16:16:52','Benison','P.O. Box 813, 306 Imperdiet Road','1234567890','Mauris','2016-09-04 20:28:37',5056,'Benison','Benison',12016),(100,18047,'open','2017-09-09 00:41:29','2018-01-26 20:00:43','2018-05-11 03:04:06','2016-12-03 06:46:40','Benison','799 Facilisis, Road','1234567890','sed, facilisis','2018-04-27 08:02:19',5052,'Benison','Benison',12056),(16,18048,'open','2018-05-10 14:25:01','2017-05-02 06:37:16','2018-04-15 23:35:43','2017-08-10 03:11:04','Benison','8267 Lorem Ave','1234567890','amet luctus vulputate,','2016-09-24 22:06:15',5031,'Benison','Benison',12077),(41,18049,'open','2017-06-07 17:30:55','2016-12-24 12:09:06','2018-02-02 20:22:09','2016-12-06 08:23:22','Benison','8131 Neque Ave','1234567890','facilisis non,','2017-06-23 21:24:49',5091,'Benison','Benison',12078),(19,18050,'open','2018-04-18 23:36:24','2016-11-20 00:46:29','2017-12-29 22:42:33','2018-05-02 09:30:18','Benison','6291 Mollis St.','1234567890','mauris id','2017-06-22 20:15:01',5079,'Benison','Benison',12083),(3,18051,'open','2016-08-15 23:17:48','2018-03-06 01:32:29','2018-04-24 05:30:27','2017-12-06 18:54:15','Benison','6677 Mauris Rd.','1234567890','Nullam','2016-06-16 23:09:39',5068,'Benison','Benison',12048),(87,18052,'open','2016-09-30 10:13:12','2017-03-05 23:22:02','2018-03-24 06:32:11','2017-10-08 10:28:44','Benison','P.O. Box 876, 3539 Metus St.','1234567890','scelerisque','2018-04-07 16:13:14',5090,'Benison','Benison',12091),(101,18053,'open','2017-05-11 04:23:09','2016-12-16 15:19:23','2017-01-21 04:59:16','2016-08-17 02:37:00','Benison','Ap #554-7998 Sit Av.','1234567890','nibh. Donec','2018-02-01 07:48:34',5015,'Benison','Benison',12009),(82,18054,'open','2016-10-08 17:36:43','2017-09-01 13:15:34','2016-11-02 10:49:42','2016-08-06 07:20:33','Benison','6538 Lorem, Road','1234567890','pharetra. Nam','2016-12-29 19:27:30',5098,'Benison','Benison',12015),(86,18055,'open','2017-05-18 05:16:07','2017-09-08 22:55:48','2017-06-17 05:14:06','2016-12-24 15:18:51','Benison','7389 Fermentum St.','1234567890','dictum. Proin','2016-07-23 12:30:28',5004,'Benison','Benison',12021),(45,18056,'open','2017-02-02 14:08:51','2018-06-09 16:17:44','2017-01-10 12:49:06','2016-06-14 12:28:19','Benison','417-8877 Adipiscing, St.','1234567890','placerat. Cras dictum','2016-11-13 00:20:13',5081,'Benison','Benison',12023),(37,18057,'open','2018-01-06 11:17:54','2018-06-06 21:58:27','2017-05-22 02:09:11','2016-08-22 08:58:38','Benison','Ap #890-9225 Neque Ave','1234567890','Donec nibh.','2016-11-20 17:32:27',5085,'Benison','Benison',12058),(26,18058,'open','2016-12-13 23:45:33','2016-06-14 00:52:17','2017-04-09 13:59:42','2017-06-24 10:05:43','Benison','P.O. Box 845, 852 Mauris, Road','1234567890','eu augue','2017-04-09 12:48:31',5012,'Benison','Benison',12033),(6,18059,'open','2017-01-03 08:59:49','2017-01-06 12:25:38','2018-04-16 16:13:34','2018-04-13 07:08:42','Benison','Ap #603-1287 Metus Rd.','1234567890','ut, molestie in,','2017-09-24 02:51:05',5094,'Benison','Benison',12046),(67,18060,'open','2016-09-29 01:50:11','2018-01-30 00:09:12','2018-03-15 00:47:27','2017-11-09 00:14:01','Benison','333-4017 Suspendisse St.','1234567890','mattis. Integer eu','2018-05-18 11:11:27',5078,'Benison','Benison',12002),(33,18061,'open','2016-09-04 04:44:24','2016-11-24 22:23:38','2017-01-31 15:00:02','2017-04-20 05:13:44','Benison','Ap #515-2181 Scelerisque St.','1234567890','tellus. Suspendisse sed','2017-07-01 15:12:08',5009,'Benison','Benison',12062),(44,18062,'open','2017-07-27 02:04:50','2018-02-19 19:26:23','2016-09-30 13:24:05','2016-10-22 09:52:22','Benison','785-2213 Suspendisse St.','1234567890','eget,','2018-05-12 00:47:25',5017,'Benison','Benison',12023),(39,18063,'open','2016-08-23 10:36:20','2017-09-13 05:12:32','2018-03-15 16:01:35','2017-12-16 17:28:28','Benison','224-4277 Semper. Street','1234567890','a,','2017-03-01 16:46:58',5056,'Benison','Benison',12090),(86,18064,'open','2016-06-27 22:39:15','2017-05-19 04:18:28','2018-04-20 21:51:55','2017-09-21 12:13:23','Benison','P.O. Box 272, 1578 Sollicitudin Av.','1234567890','et magnis','2018-06-11 05:17:48',5006,'Benison','Benison',12057),(98,18065,'open','2017-12-11 23:25:49','2017-08-15 07:36:29','2017-07-20 22:01:44','2016-10-28 15:23:26','Benison','P.O. Box 365, 9610 Nascetur Street','1234567890','malesuada','2017-02-27 20:46:35',5080,'Benison','Benison',12097),(57,18066,'open','2016-11-29 15:27:38','2016-12-05 03:50:23','2017-06-03 09:40:45','2017-07-06 14:32:54','Benison','P.O. Box 226, 155 Nisi Rd.','1234567890','non, lacinia','2018-04-24 23:22:46',5094,'Benison','Benison',12052),(82,18067,'open','2017-08-05 00:12:51','2017-10-18 07:49:51','2018-03-19 03:22:47','2016-10-07 13:00:38','Benison','238 Sed St.','1234567890','aliquam','2016-10-27 10:55:16',5023,'Benison','Benison',12077),(37,18068,'open','2018-01-02 22:27:11','2018-05-19 13:22:58','2017-10-24 15:06:10','2017-04-29 15:49:00','Benison','P.O. Box 415, 9877 Enim St.','1234567890','vehicula et, rutrum','2017-04-24 17:01:07',5033,'Benison','Benison',12042),(80,18069,'open','2016-12-06 10:24:40','2017-10-31 08:37:30','2016-07-16 23:23:04','2017-01-28 04:55:44','Benison','Ap #133-588 Curae; Street','1234567890','cursus','2017-10-16 10:28:14',5038,'Benison','Benison',12071),(23,18070,'open','2016-10-21 23:56:21','2017-11-12 00:40:43','2018-05-11 07:53:04','2016-11-06 10:47:59','Benison','Ap #533-4135 Orci Av.','1234567890','vel est tempor','2018-05-17 12:26:37',5041,'Benison','Benison',12030),(28,18071,'open','2017-01-11 20:16:08','2017-12-08 01:16:37','2017-08-27 19:31:40','2017-11-22 13:38:11','Benison','P.O. Box 704, 6258 Eleifend, Ave','1234567890','tellus faucibus leo,','2017-09-19 22:55:29',5026,'Benison','Benison',12017),(37,18072,'open','2016-07-22 07:13:19','2018-03-01 23:00:22','2017-01-08 00:46:12','2017-09-15 04:41:12','Benison','Ap #444-3809 Dictum Rd.','1234567890','lorem vitae odio','2018-06-11 21:24:24',5056,'Benison','Benison',12025),(95,18073,'open','2016-09-13 23:32:41','2017-12-10 03:13:54','2016-06-14 22:32:37','2017-01-12 12:49:23','Benison','562-3654 Semper Avenue','1234567890','eu tellus. Phasellus','2016-09-14 10:58:49',5053,'Benison','Benison',12016),(31,18074,'open','2017-12-26 22:34:29','2018-04-14 14:59:22','2017-03-05 13:57:50','2018-02-18 15:49:48','Benison','P.O. Box 788, 9494 Massa. Avenue','1234567890','diam nunc, ullamcorper','2017-11-07 21:53:02',5082,'Benison','Benison',12047),(60,18075,'open','2017-11-12 17:35:28','2018-02-13 10:02:15','2018-04-25 18:36:00','2017-11-13 20:21:23','Benison','6081 Neque. Av.','1234567890','nec ligula','2017-12-19 13:04:36',5009,'Benison','Benison',12086),(50,18076,'open','2018-01-29 22:30:55','2018-01-25 19:41:13','2016-06-19 02:34:27','2017-07-04 17:48:31','Benison','P.O. Box 270, 7966 Libero St.','1234567890','fringilla ornare','2018-02-01 14:31:35',5054,'Benison','Benison',12051),(38,18077,'open','2017-03-26 12:59:10','2017-12-04 22:46:06','2018-04-11 13:32:01','2017-10-08 01:46:54','Benison','470-507 Nec, Street','1234567890','ut cursus luctus,','2017-06-07 11:03:07',5017,'Benison','Benison',12054),(78,18078,'open','2017-06-24 22:21:23','2016-06-29 15:29:14','2017-11-23 03:59:23','2016-11-17 00:04:57','Benison','771-2372 Orci, Street','1234567890','cursus et, magna.','2017-04-18 20:43:44',5075,'Benison','Benison',12018),(50,18079,'open','2018-05-04 14:37:53','2016-07-15 11:07:58','2016-10-21 11:23:59','2018-04-17 22:22:56','Benison','312 Arcu St.','1234567890','per','2017-06-10 19:31:33',5029,'Benison','Benison',12049),(60,18080,'open','2017-03-17 16:24:25','2017-06-01 06:26:34','2018-02-11 22:28:29','2017-12-04 00:05:56','Benison','884-6155 Mi St.','1234567890','natoque','2017-09-11 20:47:26',5061,'Benison','Benison',12081),(83,18081,'open','2016-08-06 05:22:15','2016-12-15 01:58:01','2016-08-14 23:48:46','2018-03-24 06:58:04','Benison','P.O. Box 401, 8418 Odio, Av.','1234567890','nunc','2018-05-03 08:23:58',5038,'Benison','Benison',12039),(4,18082,'open','2017-03-27 23:05:52','2017-09-19 12:56:41','2017-07-14 22:51:39','2017-03-19 17:48:33','Benison','8214 Integer Ave','1234567890','justo.','2017-08-17 01:45:29',5095,'Benison','Benison',12027),(13,18083,'open','2016-09-11 21:02:19','2018-04-23 19:00:08','2017-04-24 11:25:54','2016-08-17 02:49:23','Benison','P.O. Box 415, 2911 Donec Rd.','1234567890','Nullam suscipit,','2018-01-21 04:08:45',5038,'Benison','Benison',12012),(57,18084,'open','2018-04-07 23:22:33','2017-05-07 18:52:24','2018-06-01 01:37:42','2017-03-06 21:05:33','Benison','8420 Tincidunt Road','1234567890','Cras','2017-07-02 15:43:02',5014,'Benison','Benison',12028),(63,18085,'open','2016-11-24 07:26:54','2017-04-13 20:28:16','2016-07-22 21:05:29','2017-01-01 05:45:10','Benison','406-8197 Ipsum St.','1234567890','vitae,','2016-11-04 23:54:06',5074,'Benison','Benison',12061),(79,18086,'open','2016-10-26 14:50:00','2016-10-31 14:55:09','2017-08-05 22:57:20','2017-12-26 05:55:20','Benison','P.O. Box 703, 4950 Amet Rd.','1234567890','Sed','2018-05-03 07:43:26',5043,'Benison','Benison',12048),(60,18087,'open','2016-11-11 23:39:27','2018-05-20 15:40:00','2016-11-17 19:47:10','2017-02-08 07:01:43','Benison','6380 Parturient Road','1234567890','semper pretium neque.','2018-04-28 18:21:37',5072,'Benison','Benison',12029),(96,18088,'open','2018-01-07 05:26:29','2017-05-06 01:07:40','2016-09-11 08:37:01','2017-07-30 08:19:14','Benison','P.O. Box 687, 615 Nisl. Street','1234567890','dolor','2018-02-11 03:30:38',5079,'Benison','Benison',12090),(28,18089,'open','2017-05-29 21:38:59','2017-07-03 03:23:28','2016-09-25 09:54:14','2018-03-28 13:26:29','Benison','Ap #485-5853 Vel, Av.','1234567890','risus. Donec egestas.','2017-05-29 05:12:29',5036,'Benison','Benison',12081),(74,18090,'open','2017-03-18 20:07:44','2017-04-30 05:05:12','2017-11-17 19:45:48','2016-06-21 08:02:34','Benison','246-7634 Fusce Rd.','1234567890','non quam.','2018-03-08 12:50:21',5017,'Benison','Benison',12039),(91,18091,'open','2018-01-27 10:51:58','2016-11-10 22:56:18','2017-08-20 02:05:29','2016-06-19 12:12:40','Benison','Ap #969-6762 Enim. Ave','1234567890','magna nec quam.','2018-02-26 19:45:09',5043,'Benison','Benison',12009),(46,18092,'open','2017-04-09 15:35:23','2016-08-14 03:30:06','2017-03-16 01:58:49','2018-04-30 03:19:31','Benison','P.O. Box 709, 2078 Interdum Street','1234567890','orci lobortis','2018-03-25 23:40:27',5065,'Benison','Benison',12074),(39,18093,'open','2017-08-16 00:06:20','2016-08-14 17:53:24','2018-05-22 14:54:58','2016-08-11 07:08:39','Benison','2238 Porttitor Av.','1234567890','eleifend, nunc','2017-06-02 22:37:46',5063,'Benison','Benison',12092),(70,18094,'open','2017-10-28 05:22:34','2018-04-06 07:33:29','2018-05-28 23:30:30','2016-11-09 23:08:06','Benison','Ap #787-1697 Nostra, Rd.','1234567890','scelerisque dui.','2017-01-21 09:13:33',5015,'Benison','Benison',12036),(11,18095,'open','2018-05-15 10:01:34','2017-04-22 13:42:43','2017-06-25 14:24:54','2018-01-02 09:29:20','Benison','Ap #685-5812 Orci, Rd.','1234567890','arcu','2017-07-02 20:57:05',5061,'Benison','Benison',12020),(56,18096,'open','2017-03-08 01:54:44','2017-02-10 19:31:42','2016-07-21 11:44:23','2016-12-23 23:57:28','Benison','P.O. Box 208, 1302 Tellus Street','1234567890','Mauris magna.','2016-06-28 07:46:20',5030,'Benison','Benison',12051),(101,18097,'open','2017-08-14 16:01:11','2016-11-15 04:55:04','2016-07-31 04:49:37','2018-03-04 18:23:46','Benison','P.O. Box 312, 9459 Accumsan St.','1234567890','magnis dis','2017-10-10 11:03:34',5048,'Benison','Benison',12075),(15,18098,'open','2017-11-09 05:22:53','2017-01-20 00:42:55','2017-06-23 21:30:12','2017-08-17 08:30:07','Benison','882-7242 Pede Avenue','1234567890','molestie tortor','2016-10-20 02:44:18',5019,'Benison','Benison',12073),(89,18099,'open','2016-08-09 09:09:15','2016-09-21 07:55:58','2016-12-20 15:06:55','2017-06-10 19:54:44','Benison','451-8304 Nunc St.','1234567890','aliquet.','2017-08-17 02:11:48',5012,'Benison','Benison',12066),(139,18100,'open','2016-11-20 16:02:49','2018-02-28 10:42:28','2017-06-21 07:09:34','2016-11-12 00:38:13','Benison','961-6282 Vitae Road','1234567890','a felis ullamcorper','2016-10-15 03:35:55',5179,'Benison','Benison',12115),(132,18101,'open','2017-10-02 23:29:13','2018-04-14 01:46:31','2018-02-09 16:42:58','2017-11-29 02:30:26','Benison','8800 Nascetur St.','1234567890','nec, mollis','2016-07-28 13:51:30',5104,'Benison','Benison',12126),(124,18102,'open','2017-03-01 22:21:05','2018-01-09 16:29:42','2017-02-14 22:03:11','2017-10-05 00:46:42','Benison','868 Est, Avenue','1234567890','Pellentesque ut ipsum','2016-11-08 18:10:04',5173,'Benison','Benison',12125),(166,18103,'open','2018-04-21 11:16:21','2016-08-23 00:04:32','2017-09-09 06:05:30','2017-11-02 02:30:17','Benison','6060 Tempus Av.','1234567890','mauris','2018-03-30 16:07:36',5138,'Benison','Benison',12181),(142,18104,'open','2018-04-11 20:55:12','2016-09-10 12:56:41','2017-06-15 05:04:57','2017-03-14 00:34:56','Benison','Ap #308-4795 Fringilla. Road','1234567890','tempor erat neque','2016-12-09 04:11:36',5129,'Benison','Benison',12155),(166,18105,'open','2016-09-18 11:39:20','2017-05-13 15:58:54','2017-12-05 07:35:56','2016-10-30 09:51:19','Benison','1232 Imperdiet Street','1234567890','a, arcu. Sed','2016-12-03 08:59:30',5124,'Benison','Benison',12188),(156,18106,'open','2016-12-25 21:51:24','2017-05-16 00:55:41','2017-10-28 12:57:12','2018-04-17 01:59:21','Benison','P.O. Box 501, 9353 Fermentum Av.','1234567890','tincidunt adipiscing.','2016-09-10 22:00:18',5181,'Benison','Benison',12159),(198,18107,'open','2018-05-19 16:56:11','2018-06-05 15:07:19','2018-01-15 23:54:06','2017-10-05 00:24:12','Benison','Ap #913-2138 Nibh Av.','1234567890','interdum feugiat. Sed','2017-02-08 15:07:57',5144,'Benison','Benison',12157),(166,18108,'open','2018-05-24 17:01:44','2017-06-27 00:42:16','2017-02-21 04:08:33','2016-12-10 14:31:19','Benison','P.O. Box 921, 4326 Tortor. Av.','1234567890','amet massa. Quisque','2017-08-24 08:27:29',5147,'Benison','Benison',12186),(175,18109,'open','2017-02-09 19:35:32','2017-04-14 05:33:00','2016-09-09 15:16:45','2017-05-30 20:32:44','Benison','Ap #696-6642 At Rd.','1234567890','montes, nascetur ridiculus','2018-01-26 07:01:29',5199,'Benison','Benison',12127),(146,18110,'open','2017-04-05 02:40:19','2017-02-27 21:33:22','2017-09-11 12:50:46','2017-01-02 08:53:17','Benison','P.O. Box 545, 7245 Dolor Avenue','1234567890','vel','2017-12-23 05:08:40',5171,'Benison','Benison',12198),(105,18111,'open','2016-11-02 04:08:11','2016-06-25 06:44:47','2017-11-20 16:52:27','2017-08-14 03:32:22','Benison','3186 Ipsum Street','1234567890','Curabitur dictum. Phasellus','2016-08-28 16:01:02',5182,'Benison','Benison',12136),(201,18112,'open','2018-03-15 21:12:30','2018-03-23 17:23:26','2017-09-20 13:03:32','2018-01-16 05:46:58','Benison','Ap #595-6200 Velit. Rd.','1234567890','eu nulla','2017-05-10 17:28:25',5105,'Benison','Benison',12179),(197,18113,'open','2018-01-05 16:09:27','2017-04-20 05:39:08','2016-10-23 16:05:29','2016-12-14 04:22:16','Benison','2536 Felis. Road','1234567890','scelerisque mollis. Phasellus','2018-01-14 16:23:42',5127,'Benison','Benison',12140),(137,18114,'open','2017-08-09 00:25:50','2017-12-14 01:21:33','2017-09-16 22:28:14','2016-09-22 00:51:27','Benison','875-9713 Sollicitudin Ave','1234567890','enim.','2017-03-31 09:31:44',5153,'Benison','Benison',12129),(143,18115,'open','2017-04-01 00:18:56','2016-08-16 05:35:42','2018-04-22 13:49:18','2018-04-19 18:04:44','Benison','Ap #858-2418 Pellentesque Road','1234567890','adipiscing elit.','2016-11-20 08:16:27',5134,'Benison','Benison',12174),(148,18116,'open','2017-04-26 10:36:12','2016-11-05 16:07:55','2018-03-29 04:15:49','2017-05-15 22:11:43','Benison','5374 Sed Avenue','1234567890','sociis natoque','2016-07-24 10:42:02',5190,'Benison','Benison',12114),(136,18117,'open','2017-01-15 06:30:09','2016-08-01 01:45:33','2017-09-09 14:24:11','2017-11-07 09:56:17','Benison','Ap #219-5120 Natoque Rd.','1234567890','nunc risus','2018-04-12 09:54:49',5112,'Benison','Benison',12194),(115,18118,'open','2017-04-05 19:33:35','2017-10-07 14:57:00','2016-10-05 22:20:33','2017-10-05 17:50:55','Benison','763-1939 Libero Street','1234567890','eu','2017-12-25 03:54:02',5176,'Benison','Benison',12149),(142,18119,'open','2016-09-25 15:18:56','2017-10-09 10:38:10','2016-09-19 13:27:12','2017-02-18 16:37:07','Benison','3544 Pharetra. Avenue','1234567890','Pellentesque ut','2016-07-15 07:00:57',5162,'Benison','Benison',12160),(143,18120,'open','2016-12-20 01:19:19','2017-12-30 11:19:36','2016-07-15 08:00:35','2017-06-13 17:04:05','Benison','Ap #822-4893 Donec Road','1234567890','elementum, dui','2016-10-26 03:12:15',5174,'Benison','Benison',12196),(165,18121,'open','2018-05-27 03:35:42','2017-04-17 15:13:11','2018-01-01 10:40:28','2017-07-11 17:53:25','Benison','3047 Phasellus Rd.','1234567890','fringilla','2016-10-20 03:50:32',5127,'Benison','Benison',12189),(171,18122,'open','2018-01-19 18:56:54','2018-01-19 03:07:33','2016-07-11 18:51:52','2016-08-01 13:34:52','Benison','940 Egestas St.','1234567890','Phasellus','2018-04-21 23:12:01',5129,'Benison','Benison',12169),(174,18123,'open','2017-05-31 09:59:47','2017-10-22 15:37:34','2017-07-24 12:57:31','2016-08-30 09:46:38','Benison','Ap #603-4989 Vestibulum Avenue','1234567890','Donec egestas. Duis','2016-10-28 05:36:47',5130,'Benison','Benison',12194),(189,18124,'open','2017-07-16 05:25:00','2018-02-15 03:56:42','2017-02-14 21:16:49','2016-07-29 05:52:29','Benison','791-8869 Aenean Avenue','1234567890','posuere at,','2017-06-08 23:49:07',5165,'Benison','Benison',12148),(142,18125,'open','2017-04-07 02:35:50','2018-01-26 13:32:57','2017-08-07 00:53:08','2017-05-10 07:35:11','Benison','Ap #434-4891 Consequat, Avenue','1234567890','magna. Sed','2017-03-07 05:56:58',5142,'Benison','Benison',12188),(143,18126,'open','2017-10-09 13:17:36','2017-09-15 09:23:45','2016-08-04 09:54:31','2018-02-14 10:07:28','Benison','Ap #416-4523 Nullam Road','1234567890','odio.','2016-08-07 04:03:28',5156,'Benison','Benison',12114),(182,18127,'open','2017-08-06 17:43:32','2017-02-13 21:44:05','2016-12-29 15:47:51','2017-04-10 18:49:35','Benison','P.O. Box 766, 7195 Et Rd.','1234567890','id sapien. Cras','2017-01-31 03:44:36',5189,'Benison','Benison',12129),(195,18128,'open','2016-07-03 10:41:46','2016-09-30 04:48:40','2017-10-23 12:31:01','2016-06-18 22:29:39','Benison','5498 Magna St.','1234567890','orci','2016-07-01 22:50:53',5198,'Benison','Benison',12105),(165,18129,'open','2016-11-19 21:40:07','2016-07-14 01:27:00','2017-05-07 12:50:38','2017-10-19 09:34:38','Benison','5323 Luctus Road','1234567890','ac sem','2016-07-09 01:21:08',5160,'Benison','Benison',12138),(168,18130,'open','2017-04-16 20:45:17','2017-09-02 00:52:29','2017-02-04 12:20:58','2016-07-24 15:50:38','Benison','6571 Blandit Rd.','1234567890','mattis','2016-08-04 20:05:16',5137,'Benison','Benison',12141),(103,18131,'open','2017-11-13 04:37:14','2016-08-28 00:48:37','2018-03-07 23:48:21','2017-04-16 08:40:16','Benison','Ap #794-4188 Turpis. Road','1234567890','in','2018-04-03 11:14:52',5120,'Benison','Benison',12161),(167,18132,'open','2017-01-09 18:10:54','2017-11-17 22:00:18','2017-08-22 23:52:44','2016-11-17 05:58:28','Benison','2409 Mi St.','1234567890','volutpat.','2018-02-15 15:17:29',5116,'Benison','Benison',12176),(103,18133,'open','2017-03-10 16:19:50','2016-12-27 09:07:27','2017-01-01 14:04:03','2018-04-27 23:41:32','Benison','P.O. Box 582, 8268 In Street','1234567890','at, libero.','2018-04-25 14:40:46',5174,'Benison','Benison',12122),(169,18134,'open','2018-06-10 08:59:24','2016-10-23 14:53:41','2018-01-10 13:58:09','2017-02-03 12:31:12','Benison','264-1328 Tincidunt Street','1234567890','felis orci,','2017-09-29 22:14:44',5135,'Benison','Benison',12165),(170,18135,'open','2017-12-23 17:14:02','2018-05-17 18:15:23','2018-02-12 12:59:43','2016-09-26 15:48:08','Benison','Ap #169-822 Fringilla Rd.','1234567890','Aenean eget','2017-03-05 09:16:34',5174,'Benison','Benison',12134),(180,18136,'open','2016-09-25 04:27:39','2018-04-27 14:30:19','2016-08-25 17:03:02','2016-12-27 21:48:38','Benison','Ap #326-9334 Volutpat St.','1234567890','quis lectus.','2016-12-22 20:52:35',5132,'Benison','Benison',12102),(134,18137,'open','2016-11-13 21:40:04','2017-06-20 23:34:14','2017-03-27 12:16:34','2017-07-28 18:48:43','Benison','Ap #853-7870 Ornare, Avenue','1234567890','Fusce dolor quam,','2016-12-27 00:58:44',5182,'Benison','Benison',12121),(170,18138,'open','2016-11-29 04:52:31','2016-08-28 07:22:15','2017-10-10 00:23:24','2016-10-15 12:36:31','Benison','Ap #688-6058 Vulputate Ave','1234567890','magna. Suspendisse','2016-08-21 23:09:02',5189,'Benison','Benison',12170),(119,18139,'open','2017-08-17 03:24:09','2016-10-28 05:43:12','2017-09-04 15:01:16','2017-10-08 09:19:51','Benison','P.O. Box 522, 1753 Cursus Rd.','1234567890','amet','2017-08-13 05:49:56',5156,'Benison','Benison',12190),(184,18140,'open','2017-09-03 13:30:40','2016-07-20 21:36:28','2017-08-19 01:55:00','2016-11-26 10:48:11','Benison','8477 Neque. Street','1234567890','id, libero.','2017-12-11 23:56:59',5176,'Benison','Benison',12194),(177,18141,'open','2017-05-22 04:16:58','2018-04-21 18:56:59','2017-07-13 02:53:02','2018-04-29 10:03:17','Benison','9602 Ante. Ave','1234567890','Ut','2016-09-30 21:25:36',5108,'Benison','Benison',12161),(104,18142,'open','2017-06-26 04:41:25','2017-10-11 00:55:50','2016-12-19 21:27:31','2016-09-15 09:51:26','Benison','483-1591 Interdum Road','1234567890','fringilla cursus purus.','2016-07-12 02:06:49',5102,'Benison','Benison',12179),(181,18143,'open','2017-08-27 01:40:47','2017-11-26 05:15:49','2018-02-23 16:22:02','2017-12-18 18:51:19','Benison','938-4530 Eget Avenue','1234567890','Vivamus','2017-01-15 23:23:27',5130,'Benison','Benison',12198),(158,18144,'open','2017-10-26 18:02:24','2016-11-11 22:26:48','2017-08-05 16:13:40','2018-02-16 17:59:02','Benison','Ap #547-4943 Iaculis Rd.','1234567890','libero est, congue','2017-01-10 20:54:39',5144,'Benison','Benison',12192),(118,18145,'open','2018-04-18 09:52:54','2018-04-16 13:33:31','2017-01-24 13:03:46','2018-04-12 13:53:06','Benison','P.O. Box 400, 690 Enim St.','1234567890','mollis.','2018-01-31 16:29:59',5125,'Benison','Benison',12170),(105,18146,'open','2016-11-25 05:41:12','2018-06-01 16:23:59','2016-11-15 23:19:53','2017-12-28 13:04:19','Benison','274-2223 Interdum Av.','1234567890','lectus','2017-07-11 01:05:12',5136,'Benison','Benison',12110),(124,18147,'open','2017-01-08 12:04:54','2016-11-22 17:24:27','2016-10-17 23:06:15','2016-09-02 02:43:35','Benison','P.O. Box 530, 5833 Mus. Rd.','1234567890','et, rutrum non,','2017-01-13 13:02:34',5113,'Benison','Benison',12150),(171,18148,'open','2018-02-11 15:14:29','2017-10-24 00:04:57','2018-03-16 07:11:48','2017-08-31 11:00:34','Benison','614-6502 Posuere Rd.','1234567890','suscipit, est ac','2017-02-03 03:07:15',5142,'Benison','Benison',12112),(191,18149,'open','2017-11-12 11:32:52','2017-03-30 07:47:15','2017-07-18 01:57:21','2016-09-10 13:53:57','Benison','P.O. Box 453, 9095 Phasellus Avenue','1234567890','conubia','2017-07-27 03:36:49',5169,'Benison','Benison',12171),(196,18150,'open','2017-02-22 06:46:52','2017-07-18 03:12:47','2018-03-14 20:57:18','2017-12-05 08:58:28','Benison','P.O. Box 299, 2295 Lobortis, St.','1234567890','pulvinar arcu et','2018-01-19 08:32:44',5154,'Benison','Benison',12151),(120,18151,'open','2017-10-17 11:19:21','2016-09-19 04:15:08','2017-04-15 08:28:32','2017-10-14 19:53:09','Benison','5520 Neque. Road','1234567890','faucibus. Morbi vehicula.','2016-11-07 02:30:13',5157,'Benison','Benison',12114),(152,18152,'open','2016-08-26 04:04:27','2017-08-06 17:48:30','2016-07-16 06:21:40','2017-06-15 09:50:42','Benison','6407 Consectetuer, Ave','1234567890','augue porttitor interdum.','2017-12-18 21:49:24',5199,'Benison','Benison',12133),(133,18153,'open','2017-11-08 18:02:17','2017-06-23 14:09:44','2018-02-24 14:10:09','2017-11-06 07:12:40','Benison','8466 Torquent Road','1234567890','In lorem.','2016-12-27 12:36:12',5163,'Benison','Benison',12158),(138,18154,'open','2018-01-22 03:45:59','2016-11-02 03:23:16','2017-02-05 00:41:13','2016-10-30 12:40:45','Benison','4792 Nulla St.','1234567890','lectus','2017-01-22 07:44:09',5102,'Benison','Benison',12151),(133,18155,'open','2018-05-26 00:12:35','2017-01-18 22:54:57','2017-07-24 20:20:39','2018-05-07 05:53:27','Benison','1773 Parturient St.','1234567890','et magnis dis','2017-10-28 09:31:50',5177,'Benison','Benison',12152),(151,18156,'open','2018-03-06 00:35:03','2017-02-24 19:17:17','2017-06-23 08:49:43','2017-08-31 20:52:35','Benison','P.O. Box 689, 1128 Vulputate Street','1234567890','pretium','2016-08-21 21:45:58',5106,'Benison','Benison',12130),(105,18157,'open','2018-01-25 20:39:02','2017-10-14 08:23:17','2017-05-08 17:10:48','2016-09-03 00:54:02','Benison','814-2146 Ac St.','1234567890','porttitor tellus','2016-10-10 21:09:19',5133,'Benison','Benison',12174),(167,18158,'open','2016-06-24 19:22:46','2018-06-03 03:45:56','2016-11-08 04:12:37','2016-11-06 04:53:18','Benison','558-6305 Pede Av.','1234567890','Mauris blandit','2018-05-21 01:18:09',5131,'Benison','Benison',12140),(131,18159,'open','2016-06-13 06:41:04','2017-02-02 23:26:29','2018-03-24 03:39:49','2017-03-12 14:49:15','Benison','P.O. Box 142, 2729 Etiam Road','1234567890','non justo. Proin','2017-06-16 03:16:36',5173,'Benison','Benison',12127),(119,18160,'open','2017-09-10 00:46:31','2017-11-15 16:19:19','2016-06-17 01:19:17','2018-01-17 00:29:16','Benison','Ap #337-3271 Arcu Av.','1234567890','morbi tristique senectus','2018-02-08 06:36:58',5153,'Benison','Benison',12113),(105,18161,'open','2018-04-15 03:49:07','2017-06-24 08:26:58','2018-01-20 15:36:03','2017-03-17 06:25:55','Benison','802-6899 Leo, St.','1234567890','lacus. Quisque','2017-11-07 00:49:03',5164,'Benison','Benison',12124),(174,18162,'open','2016-12-08 06:24:37','2016-11-25 04:48:54','2018-05-08 20:02:09','2017-10-05 02:03:48','Benison','735-813 Molestie St.','1234567890','fermentum','2017-09-03 12:14:09',5180,'Benison','Benison',12192),(168,18163,'open','2018-03-21 10:02:17','2017-12-27 00:45:44','2017-01-03 08:31:27','2016-07-23 17:19:28','Benison','228-7218 Mattis Ave','1234567890','a tortor.','2017-08-29 05:33:13',5160,'Benison','Benison',12168),(197,18164,'open','2018-01-19 15:49:15','2016-12-17 21:45:07','2018-01-22 09:59:17','2018-05-20 02:42:02','Benison','1823 Vitae Rd.','1234567890','aliquam,','2017-11-28 17:58:08',5154,'Benison','Benison',12130),(140,18165,'open','2017-07-04 05:58:00','2017-02-10 15:35:06','2017-11-03 17:07:34','2018-01-15 06:16:04','Benison','183-1258 Commodo Av.','1234567890','enim','2018-05-29 14:13:03',5170,'Benison','Benison',12198),(125,18166,'open','2017-01-26 08:47:12','2016-12-27 02:55:26','2016-11-23 10:05:08','2018-05-13 05:26:29','Benison','349-8338 Diam. Avenue','1234567890','Praesent eu','2017-12-11 03:42:59',5189,'Benison','Benison',12179),(130,18167,'open','2018-03-23 12:12:33','2017-07-15 03:53:29','2018-01-26 13:00:53','2016-11-18 14:14:19','Benison','3411 Nonummy. Road','1234567890','sit amet nulla.','2016-11-04 06:13:12',5153,'Benison','Benison',12141),(115,18168,'open','2018-04-22 05:39:25','2017-11-11 07:48:58','2016-11-15 01:52:15','2018-05-03 19:51:27','Benison','P.O. Box 930, 1170 Quisque St.','1234567890','Fusce aliquet','2017-03-28 21:07:47',5193,'Benison','Benison',12182),(167,18169,'open','2017-09-18 18:30:42','2016-12-05 12:26:44','2017-11-14 23:05:23','2018-06-07 05:36:00','Benison','Ap #437-5818 Faucibus Road','1234567890','Nullam','2016-07-18 15:43:43',5151,'Benison','Benison',12125),(121,18170,'open','2017-11-16 16:12:00','2017-12-05 06:40:19','2017-10-13 03:43:47','2016-12-23 08:31:51','Benison','8705 Faucibus. Avenue','1234567890','euismod urna. Nullam','2018-05-04 17:22:40',5198,'Benison','Benison',12192),(162,18171,'open','2017-12-16 05:04:24','2018-01-15 07:21:14','2017-07-11 00:30:21','2018-04-18 15:28:44','Benison','670-3187 Nisi. Av.','1234567890','Curae; Phasellus ornare.','2017-07-16 04:46:35',5167,'Benison','Benison',12167),(194,18172,'open','2017-07-06 03:50:32','2018-03-20 01:09:37','2017-11-19 18:06:36','2017-03-21 11:16:24','Benison','2743 Per Road','1234567890','euismod est','2017-03-26 02:07:59',5199,'Benison','Benison',12120),(176,18173,'open','2017-02-02 17:25:57','2017-08-05 17:04:29','2017-08-31 09:00:03','2016-08-14 19:20:55','Benison','444-8713 Nibh St.','1234567890','vulputate, nisi sem','2017-12-07 16:05:11',5145,'Benison','Benison',12129),(181,18174,'open','2016-10-17 21:48:42','2017-04-18 01:55:55','2018-02-22 14:58:00','2017-05-12 03:21:25','Benison','P.O. Box 838, 7245 Vestibulum Ave','1234567890','consequat,','2018-04-22 03:25:33',5158,'Benison','Benison',12176),(138,18175,'open','2017-06-13 09:42:54','2018-05-30 03:21:39','2016-10-01 08:37:46','2017-07-06 03:15:13','Benison','7906 Pede Ave','1234567890','Maecenas iaculis','2017-06-30 23:40:13',5111,'Benison','Benison',12120),(155,18176,'open','2018-01-03 08:00:21','2016-08-05 22:57:21','2017-08-05 00:35:50','2016-12-10 12:56:53','Benison','4816 Eget Avenue','1234567890','magna.','2017-12-16 03:00:19',5140,'Benison','Benison',12189),(122,18177,'open','2018-05-29 21:24:46','2017-01-28 19:19:17','2016-12-06 01:36:55','2017-09-24 04:50:12','Benison','9516 Bibendum St.','1234567890','lorem ipsum','2017-01-27 20:29:14',5111,'Benison','Benison',12101),(189,18178,'open','2017-05-24 18:06:24','2018-03-09 17:09:29','2017-06-16 01:28:10','2016-09-16 05:47:59','Benison','6620 Netus Ave','1234567890','Nulla eget metus','2018-05-07 06:39:13',5134,'Benison','Benison',12184),(103,18179,'open','2017-08-19 22:55:53','2017-12-18 01:09:34','2017-03-23 10:56:18','2016-12-27 19:39:32','Benison','Ap #438-7493 Dui. Rd.','1234567890','Integer','2018-06-11 08:33:35',5182,'Benison','Benison',12135),(138,18180,'open','2017-12-06 15:57:48','2016-11-23 07:50:04','2017-01-12 06:29:35','2017-11-30 21:27:54','Benison','6611 Adipiscing Road','1234567890','mauris. Suspendisse','2016-10-01 14:24:05',5109,'Benison','Benison',12135),(184,18181,'open','2017-04-24 06:03:29','2018-01-30 06:48:12','2018-05-16 06:36:18','2017-10-01 04:28:04','Benison','Ap #105-4219 Arcu. Avenue','1234567890','quam','2018-03-27 15:46:11',5162,'Benison','Benison',12197),(135,18182,'open','2017-03-21 15:17:12','2018-03-05 17:58:34','2016-06-19 12:18:16','2018-05-04 14:28:34','Benison','366-5167 Interdum Street','1234567890','non, hendrerit id,','2017-10-20 20:17:57',5182,'Benison','Benison',12153),(188,18183,'open','2017-12-15 16:39:19','2017-09-18 00:39:33','2018-03-20 09:11:51','2018-04-02 18:41:55','Benison','703-5655 Egestas Road','1234567890','Sed auctor','2016-12-02 10:59:22',5102,'Benison','Benison',12185),(194,18184,'open','2017-01-30 19:47:23','2017-08-10 04:47:47','2017-12-20 17:07:33','2017-01-31 07:18:54','Benison','302-5876 Nunc Rd.','1234567890','hendrerit','2018-05-25 17:21:07',5173,'Benison','Benison',12180),(197,18185,'open','2016-08-26 07:03:23','2017-02-05 11:20:40','2017-11-16 17:34:15','2018-03-11 05:49:59','Benison','4509 Ac Street','1234567890','mauris','2016-09-19 14:41:08',5141,'Benison','Benison',12195),(201,18186,'open','2016-12-17 12:29:55','2017-01-25 11:05:21','2017-06-16 18:25:59','2017-05-13 19:39:24','Benison','P.O. Box 583, 1259 Sed Rd.','1234567890','gravida sagittis.','2017-03-22 01:04:57',5170,'Benison','Benison',12107),(108,18187,'open','2017-07-05 00:22:23','2017-10-09 12:46:24','2016-07-13 08:39:30','2018-05-27 03:51:23','Benison','P.O. Box 207, 4445 Non, Ave','1234567890','Mauris blandit enim','2017-12-16 14:51:09',5132,'Benison','Benison',12195),(199,18188,'open','2017-09-21 19:09:02','2016-09-06 14:54:29','2016-10-20 15:49:40','2018-01-02 16:45:50','Benison','P.O. Box 226, 109 Vel Rd.','1234567890','ligula.','2017-04-20 03:35:38',5178,'Benison','Benison',12115),(184,18189,'open','2017-03-21 07:13:26','2016-08-11 19:15:47','2017-06-21 14:16:55','2018-02-03 15:23:12','Benison','922-3142 Purus Street','1234567890','Nullam enim. Sed','2018-05-29 12:43:43',5139,'Benison','Benison',12123),(146,18190,'open','2018-03-16 20:41:26','2016-10-07 13:13:13','2017-10-16 16:19:11','2017-12-06 10:04:55','Benison','996 Magna Rd.','1234567890','lobortis augue','2016-11-06 14:43:57',5143,'Benison','Benison',12192),(128,18191,'open','2017-04-03 20:22:25','2017-03-18 14:13:31','2018-04-07 03:49:57','2016-08-01 23:20:39','Benison','331-446 Quis Av.','1234567890','at','2017-07-22 04:39:24',5169,'Benison','Benison',12128),(104,18192,'open','2017-01-16 19:58:39','2017-07-13 13:04:05','2016-12-08 00:19:23','2016-11-13 05:00:49','Benison','356-2531 Felis Rd.','1234567890','dui augue eu','2018-05-31 15:57:32',5194,'Benison','Benison',12147),(102,18193,'open','2018-02-24 08:23:24','2017-02-14 04:43:30','2017-07-30 08:42:44','2017-10-11 00:17:21','Benison','792-8487 Curabitur Ave','1234567890','aliquet odio. Etiam','2017-10-28 08:16:47',5145,'Benison','Benison',12160),(198,18194,'open','2017-08-20 21:25:53','2017-09-06 08:52:05','2018-04-03 21:13:11','2017-10-23 14:38:34','Benison','2015 Adipiscing Rd.','1234567890','aliquam adipiscing','2017-12-31 02:17:01',5163,'Benison','Benison',12106),(141,18195,'open','2017-08-31 02:01:46','2017-06-10 04:30:00','2017-06-13 08:14:30','2018-02-12 13:16:06','Benison','738-4943 Vitae Av.','1234567890','lobortis. Class','2017-12-01 02:57:59',5198,'Benison','Benison',12105),(116,18196,'open','2017-11-16 09:00:40','2017-03-03 22:26:48','2017-01-08 03:09:31','2017-04-21 21:40:41','Benison','P.O. Box 999, 1821 Mauris. Rd.','1234567890','mattis velit justo','2017-09-19 01:35:00',5139,'Benison','Benison',12119),(111,18197,'open','2016-10-03 10:18:02','2016-07-27 02:32:33','2017-11-06 03:31:45','2016-07-08 19:10:11','Benison','691-5496 Mauris, St.','1234567890','consectetuer ipsum nunc','2018-02-10 08:35:13',5143,'Benison','Benison',12118),(165,18198,'open','2016-08-11 13:32:23','2016-06-28 18:29:28','2017-10-18 12:42:25','2017-10-23 05:16:59','Benison','6672 Integer Rd.','1234567890','Curae; Donec','2018-03-07 08:48:27',5188,'Benison','Benison',12185),(151,18199,'open','2017-08-04 22:10:09','2018-02-10 18:21:38','2016-09-05 10:01:24','2017-11-13 23:46:32','Benison','9425 Commodo St.','1234567890','non lorem','2017-11-08 17:09:38',5105,'Benison','Benison',12183),(266,18200,'open','2016-06-12 12:37:33','2017-10-05 02:17:39','2016-06-29 15:41:07','2017-03-04 00:40:35','Benison','521 Venenatis St.','1234567890','Suspendisse commodo','2017-05-12 12:13:54',5213,'Benison','Benison',12284),(259,18201,'open','2018-03-01 19:36:09','2017-11-22 21:49:03','2017-02-15 19:39:53','2017-05-05 12:23:18','Benison','Ap #791-3763 Posuere St.','1234567890','magna.','2017-11-21 02:51:03',5264,'Benison','Benison',12240),(239,18202,'open','2017-09-01 23:42:00','2017-12-25 19:36:19','2016-10-14 16:17:21','2017-04-03 16:17:05','Benison','Ap #931-6182 Nulla Street','1234567890','ante ipsum','2018-01-25 10:07:02',5232,'Benison','Benison',12239),(297,18203,'open','2016-08-11 17:47:03','2018-06-04 16:27:54','2017-08-22 01:43:15','2016-08-29 02:25:00','Benison','P.O. Box 915, 9042 Etiam Av.','1234567890','adipiscing fringilla,','2017-02-21 14:31:07',5240,'Benison','Benison',12294),(221,18204,'open','2017-07-11 20:30:44','2016-12-17 06:10:06','2018-05-30 22:53:56','2017-12-12 13:04:52','Benison','P.O. Box 179, 8339 Magna. St.','1234567890','ante','2017-10-20 07:36:27',5211,'Benison','Benison',12204),(216,18205,'open','2016-10-18 10:39:44','2016-12-03 02:53:48','2017-05-03 09:54:17','2018-05-30 14:19:29','Benison','P.O. Box 446, 4004 Dui. Road','1234567890','Aliquam','2018-01-28 01:20:56',5260,'Benison','Benison',12241),(260,18206,'open','2018-05-15 03:15:48','2017-07-25 02:14:40','2018-02-09 19:35:42','2017-02-04 05:52:37','Benison','P.O. Box 486, 9292 Suspendisse Street','1234567890','adipiscing elit. Etiam','2018-01-01 07:42:37',5250,'Benison','Benison',12236),(218,18207,'open','2016-10-21 03:50:25','2017-10-10 10:43:22','2018-02-25 08:03:27','2017-12-10 20:49:09','Benison','7970 Enim Ave','1234567890','Integer in','2016-09-21 17:32:01',5290,'Benison','Benison',12258),(208,18208,'open','2017-09-07 13:47:04','2017-03-30 18:37:44','2016-08-11 04:40:41','2017-02-12 01:31:40','Benison','P.O. Box 546, 4672 Dolor Av.','1234567890','volutpat nunc sit','2017-11-24 04:17:31',5237,'Benison','Benison',12244),(298,18209,'open','2017-11-18 08:02:23','2018-03-26 03:15:43','2016-09-05 08:19:19','2018-04-27 04:54:42','Benison','P.O. Box 533, 2363 Libero Road','1234567890','mollis. Duis sit','2017-08-09 07:48:46',5265,'Benison','Benison',12272),(202,18210,'open','2016-12-31 09:03:45','2018-01-15 12:37:31','2018-03-28 22:57:46','2017-08-13 20:44:02','Benison','Ap #318-5112 Porttitor Ave','1234567890','Nam interdum','2017-05-30 03:49:48',5245,'Benison','Benison',12248),(287,18211,'open','2016-10-09 21:30:15','2017-06-09 15:51:29','2018-03-21 04:05:20','2016-07-11 20:42:13','Benison','P.O. Box 981, 7729 Enim Ave','1234567890','urna.','2016-07-08 08:21:33',5216,'Benison','Benison',12264),(208,18212,'open','2018-04-06 06:53:37','2017-06-23 18:57:43','2018-04-22 14:47:59','2016-06-29 06:27:42','Benison','131-8084 Phasellus St.','1234567890','purus, accumsan interdum','2017-04-19 12:04:33',5208,'Benison','Benison',12252),(227,18213,'open','2017-08-04 18:25:29','2017-12-12 06:05:36','2016-12-21 17:29:28','2017-10-08 00:51:39','Benison','7955 Amet Street','1234567890','dui lectus','2018-03-17 05:49:23',5273,'Benison','Benison',12260),(248,18214,'open','2018-01-02 14:24:34','2017-12-31 02:45:30','2018-03-11 23:01:40','2016-11-03 04:55:14','Benison','2788 Imperdiet Av.','1234567890','risus a','2017-08-16 02:33:57',5249,'Benison','Benison',12208),(257,18215,'open','2017-06-01 12:12:51','2017-08-22 13:58:06','2017-05-28 11:55:38','2017-04-17 23:02:23','Benison','466-9577 Egestas Rd.','1234567890','augue ut','2018-03-27 02:27:31',5220,'Benison','Benison',12274),(216,18216,'open','2018-02-23 04:38:27','2017-06-06 01:03:13','2016-11-03 07:22:37','2017-08-08 22:48:44','Benison','P.O. Box 481, 3947 Magna. Street','1234567890','et','2018-03-10 12:14:17',5274,'Benison','Benison',12223),(214,18217,'open','2017-01-23 05:25:08','2017-04-12 04:23:29','2018-03-12 22:07:36','2016-11-15 02:56:20','Benison','7697 Odio Rd.','1234567890','et,','2018-02-19 13:37:37',5264,'Benison','Benison',12251),(270,18218,'open','2016-08-02 16:51:30','2017-01-08 06:30:26','2016-12-06 14:53:17','2017-01-27 10:17:50','Benison','201-6490 Penatibus Street','1234567890','Fusce mi lorem,','2016-06-25 20:41:06',5293,'Benison','Benison',12291),(279,18219,'open','2017-02-15 11:54:50','2017-06-22 05:28:46','2018-04-17 10:12:06','2017-04-25 10:50:42','Benison','2553 Dapibus Av.','1234567890','sed tortor.','2017-12-02 17:46:34',5240,'Benison','Benison',12211),(239,18220,'open','2016-09-26 18:15:42','2017-03-12 18:02:22','2017-03-31 20:12:03','2018-04-06 13:41:33','Benison','P.O. Box 638, 502 Placerat, St.','1234567890','ac','2016-09-01 06:14:07',5217,'Benison','Benison',12239),(287,18221,'open','2016-09-27 13:02:29','2017-09-15 16:19:06','2017-01-15 17:00:43','2017-01-08 15:22:14','Benison','Ap #405-6646 Lacinia Av.','1234567890','Ut','2018-03-13 20:54:45',5273,'Benison','Benison',12214),(205,18222,'open','2016-08-23 11:40:53','2018-05-19 07:13:36','2016-10-31 11:36:49','2016-12-01 21:37:51','Benison','P.O. Box 792, 4478 Tincidunt Street','1234567890','egestas a,','2017-11-14 10:23:50',5278,'Benison','Benison',12227),(262,18223,'open','2016-09-14 15:58:11','2017-10-08 12:14:25','2017-03-08 02:48:20','2018-02-27 13:33:58','Benison','965-8070 Consequat, Rd.','1234567890','lacus. Quisque imperdiet,','2017-03-15 19:47:55',5232,'Benison','Benison',12243),(271,18224,'open','2017-11-27 01:26:34','2017-05-22 23:44:29','2017-09-09 13:41:37','2017-02-20 10:36:44','Benison','P.O. Box 557, 9099 Aliquet. Street','1234567890','Fusce mollis.','2017-09-01 13:31:11',5277,'Benison','Benison',12298),(238,18225,'open','2017-06-29 03:58:39','2017-11-24 18:57:12','2016-06-14 09:31:26','2017-08-10 13:27:47','Benison','242-1246 Adipiscing St.','1234567890','Quisque','2017-10-02 06:07:25',5239,'Benison','Benison',12204),(290,18226,'open','2016-08-19 02:19:03','2017-01-25 19:18:24','2017-08-14 01:00:40','2018-04-11 15:33:25','Benison','P.O. Box 169, 6490 Dolor Avenue','1234567890','molestie sodales.','2017-11-09 09:13:23',5233,'Benison','Benison',12289),(253,18227,'open','2016-07-10 21:16:54','2017-06-22 19:25:13','2017-07-07 17:51:25','2017-12-30 20:26:45','Benison','Ap #277-583 Proin St.','1234567890','egestas blandit. Nam','2017-11-13 18:51:35',5218,'Benison','Benison',12284),(209,18228,'open','2017-11-06 14:02:08','2016-10-08 12:23:07','2016-08-27 12:26:16','2018-04-16 04:33:59','Benison','962-9164 Aliquam Av.','1234567890','mauris blandit','2016-07-19 20:00:55',5262,'Benison','Benison',12236),(205,18229,'open','2016-10-11 21:00:19','2018-03-24 05:06:59','2018-03-24 06:00:21','2017-01-26 13:44:38','Benison','Ap #863-5648 Ante Rd.','1234567890','ac metus vitae','2017-03-06 04:49:55',5272,'Benison','Benison',12273),(248,18230,'open','2018-04-26 04:57:49','2018-01-30 15:36:10','2018-02-20 23:45:59','2016-06-16 12:13:49','Benison','8296 Congue. Rd.','1234567890','non enim commodo','2017-03-01 23:37:40',5235,'Benison','Benison',12214),(202,18231,'open','2017-12-24 18:22:46','2017-02-27 10:56:22','2017-05-09 18:12:44','2017-10-21 12:44:13','Benison','1354 Auctor Avenue','1234567890','neque venenatis','2016-12-24 17:01:02',5201,'Benison','Benison',12206),(251,18232,'open','2017-01-28 07:23:34','2016-12-30 14:11:26','2016-09-27 19:06:27','2017-11-30 12:12:04','Benison','8197 Sed Street','1234567890','eget, venenatis a,','2018-06-08 05:08:31',5235,'Benison','Benison',12259),(295,18233,'open','2016-08-28 17:28:01','2017-06-22 20:48:36','2018-01-08 09:03:47','2017-09-23 23:27:04','Benison','P.O. Box 389, 4174 Nunc Avenue','1234567890','mi','2017-04-26 01:11:57',5263,'Benison','Benison',12229),(258,18234,'open','2017-04-21 11:55:29','2016-08-15 16:12:53','2016-12-13 05:55:53','2017-09-12 01:01:10','Benison','460-4975 Erat. Street','1234567890','Lorem ipsum dolor','2017-09-12 06:37:17',5254,'Benison','Benison',12236),(265,18235,'open','2018-02-02 11:41:07','2018-04-26 17:41:05','2018-04-30 09:15:30','2017-10-22 14:06:22','Benison','7846 Amet, Rd.','1234567890','malesuada fames ac','2018-03-15 17:22:10',5273,'Benison','Benison',12248),(295,18236,'open','2017-04-12 23:23:57','2017-11-21 10:11:29','2017-11-18 08:41:57','2017-11-20 22:47:59','Benison','4743 A Av.','1234567890','dui. Suspendisse','2016-09-26 06:18:16',5213,'Benison','Benison',12293),(250,18237,'open','2017-02-01 18:39:23','2017-11-08 22:55:34','2016-10-13 14:58:53','2016-08-07 20:53:33','Benison','Ap #204-4160 Nam Av.','1234567890','quis accumsan convallis,','2016-08-30 04:42:55',5278,'Benison','Benison',12278),(254,18238,'open','2017-11-19 16:58:59','2016-09-19 14:58:53','2016-09-09 18:49:15','2018-04-17 15:50:28','Benison','P.O. Box 950, 2413 Mi. Rd.','1234567890','ipsum dolor sit','2017-08-08 08:38:16',5219,'Benison','Benison',12282),(279,18239,'open','2017-08-18 11:25:33','2018-05-22 00:39:54','2016-06-27 14:52:28','2018-05-02 06:31:52','Benison','Ap #376-1734 Cursus. St.','1234567890','Nullam scelerisque neque','2016-11-06 18:50:26',5266,'Benison','Benison',12294),(256,18240,'open','2016-08-07 11:43:49','2017-03-17 04:52:14','2017-08-27 03:23:50','2017-03-03 13:06:58','Benison','Ap #632-9463 Ultrices St.','1234567890','In tincidunt congue','2017-03-24 15:07:26',5266,'Benison','Benison',12241),(275,18241,'open','2017-10-01 01:56:01','2018-02-20 15:27:54','2017-01-27 07:08:58','2018-04-30 16:11:42','Benison','P.O. Box 988, 3987 Euismod St.','1234567890','a mi','2017-03-10 16:48:16',5293,'Benison','Benison',12229),(293,18242,'open','2016-07-29 09:20:28','2017-10-07 21:03:10','2018-06-11 09:06:21','2016-06-22 14:44:30','Benison','732-2988 Augue Ave','1234567890','vel arcu eu','2016-10-12 13:26:55',5235,'Benison','Benison',12222),(299,18243,'open','2016-06-16 10:40:53','2017-03-10 23:15:08','2018-05-26 06:14:40','2017-09-04 01:36:07','Benison','624-6031 Sociis St.','1234567890','dignissim magna','2017-07-17 08:25:40',5204,'Benison','Benison',12259),(224,18244,'open','2016-10-09 10:14:45','2017-05-21 15:21:08','2016-08-18 16:02:29','2018-05-17 09:39:02','Benison','249-2374 Faucibus Street','1234567890','ut odio','2017-02-04 01:22:52',5241,'Benison','Benison',12224),(222,18245,'open','2016-12-01 07:03:21','2017-05-16 01:24:33','2018-03-19 21:11:07','2017-02-27 03:27:42','Benison','P.O. Box 410, 4055 Fusce Ave','1234567890','ipsum. Suspendisse non','2017-06-07 02:01:17',5297,'Benison','Benison',12236),(243,18246,'open','2018-01-20 22:36:35','2016-06-13 17:50:35','2017-01-25 11:41:03','2018-01-21 00:01:44','Benison','529-4571 Aliquam Avenue','1234567890','Donec porttitor','2016-08-31 17:51:33',5258,'Benison','Benison',12228),(209,18247,'open','2018-01-10 13:18:49','2018-03-28 07:15:45','2018-05-17 10:15:28','2017-07-02 21:26:08','Benison','P.O. Box 958, 4302 Parturient Road','1234567890','lectus,','2016-11-24 05:54:33',5268,'Benison','Benison',12267),(206,18248,'open','2017-02-01 05:46:37','2016-12-23 01:18:20','2018-05-24 04:44:52','2017-08-11 07:41:52','Benison','874-2632 Luctus Av.','1234567890','Etiam','2016-08-19 10:45:53',5236,'Benison','Benison',12277),(300,18249,'open','2017-08-05 01:35:20','2017-02-22 17:24:39','2017-10-05 12:59:17','2018-01-26 16:55:36','Benison','915-5147 Pellentesque St.','1234567890','ipsum','2016-08-19 16:39:10',5201,'Benison','Benison',12286),(243,18250,'open','2017-02-05 20:26:05','2016-11-29 03:56:01','2016-12-30 16:43:26','2017-05-26 03:17:52','Benison','Ap #228-3320 Hendrerit. Av.','1234567890','Nunc ullamcorper,','2017-10-10 23:11:14',5255,'Benison','Benison',12213),(291,18251,'open','2018-02-26 04:11:13','2017-01-17 20:37:32','2017-05-12 11:27:26','2017-05-06 12:31:28','Benison','9329 Ridiculus St.','1234567890','erat. Etiam vestibulum','2017-11-04 18:06:24',5209,'Benison','Benison',12253),(210,18252,'open','2016-12-31 23:59:01','2017-08-05 06:49:26','2016-08-22 05:00:00','2018-05-08 03:53:48','Benison','175-3505 Ullamcorper Av.','1234567890','facilisi.','2017-10-13 12:26:52',5210,'Benison','Benison',12286),(231,18253,'open','2017-03-22 09:58:30','2017-06-17 05:47:18','2016-09-23 16:17:19','2018-02-21 07:40:35','Benison','Ap #397-2111 Velit Rd.','1234567890','tincidunt','2018-01-20 16:23:06',5296,'Benison','Benison',12252),(281,18254,'open','2018-01-01 11:20:18','2017-03-15 22:35:40','2017-10-13 03:46:06','2016-10-13 05:45:01','Benison','1138 Eros. Road','1234567890','ipsum leo','2018-05-10 17:50:07',5227,'Benison','Benison',12208),(230,18255,'open','2018-04-14 13:57:18','2017-06-08 19:57:17','2017-07-22 14:28:28','2017-10-24 15:17:32','Benison','6081 Ut Av.','1234567890','nunc sed pede.','2017-02-08 13:25:49',5289,'Benison','Benison',12292),(215,18256,'open','2017-09-19 19:56:45','2016-11-26 09:25:42','2018-02-05 23:50:19','2016-10-08 07:46:54','Benison','Ap #629-473 Aliquet. Rd.','1234567890','tincidunt','2017-12-14 11:12:02',5263,'Benison','Benison',12266),(248,18257,'open','2018-03-09 00:07:59','2018-02-15 08:42:23','2017-03-18 17:15:49','2017-02-15 05:42:54','Benison','6165 Lorem. Avenue','1234567890','vitae','2017-05-24 20:39:10',5291,'Benison','Benison',12208),(239,18258,'open','2018-04-21 23:52:17','2017-12-11 11:41:46','2018-03-31 15:37:49','2016-11-23 21:42:38','Benison','136-2769 Fringilla Rd.','1234567890','sed','2017-02-18 02:10:06',5286,'Benison','Benison',12270),(269,18259,'open','2016-12-26 09:14:41','2016-10-05 18:20:27','2017-01-04 10:24:59','2016-08-13 08:42:12','Benison','738-6345 Et Av.','1234567890','arcu. Sed','2018-01-07 22:17:40',5280,'Benison','Benison',12262),(261,18260,'open','2018-03-18 04:33:00','2017-11-24 10:15:44','2018-01-06 17:26:12','2017-12-16 06:08:49','Benison','Ap #211-4545 Mattis. Av.','1234567890','turpis','2017-10-06 21:40:48',5214,'Benison','Benison',12283),(300,18261,'open','2017-02-26 18:18:07','2018-03-01 20:24:10','2016-10-27 18:18:03','2017-06-13 13:31:05','Benison','P.O. Box 433, 7906 Ullamcorper Avenue','1234567890','iaculis','2018-02-28 15:17:00',5290,'Benison','Benison',12299),(258,18262,'open','2018-02-10 00:04:50','2016-06-19 17:34:37','2017-01-05 02:49:04','2018-02-11 10:20:46','Benison','2833 Fermentum Rd.','1234567890','gravida','2017-03-16 05:38:29',5253,'Benison','Benison',12248),(220,18263,'open','2018-03-27 18:37:24','2017-01-06 17:41:08','2017-05-03 08:24:08','2017-04-25 15:05:30','Benison','3077 Integer Avenue','1234567890','Nunc','2017-09-29 04:24:47',5241,'Benison','Benison',12282),(260,18264,'open','2017-05-16 06:53:58','2016-09-15 15:05:45','2017-12-10 12:08:27','2017-07-21 19:01:40','Benison','P.O. Box 158, 5003 Egestas Street','1234567890','porttitor interdum.','2017-09-13 03:07:39',5232,'Benison','Benison',12216),(283,18265,'open','2017-09-14 01:40:20','2016-09-26 04:23:28','2017-04-01 07:31:29','2016-09-01 12:20:01','Benison','Ap #429-9749 Vestibulum. Road','1234567890','risus a','2018-05-12 18:23:30',5242,'Benison','Benison',12220),(210,18266,'open','2017-02-21 13:44:58','2018-03-14 06:58:15','2017-03-13 22:06:39','2016-10-29 17:53:37','Benison','3068 Mollis. St.','1234567890','eget','2018-02-27 01:45:53',5208,'Benison','Benison',12289),(209,18267,'open','2017-07-15 22:12:08','2016-10-23 05:53:25','2017-04-08 15:26:39','2017-10-16 19:06:29','Benison','5697 Eros Ave','1234567890','Ut tincidunt','2018-01-03 15:35:55',5212,'Benison','Benison',12289),(224,18268,'open','2017-07-14 09:17:38','2016-10-03 08:11:50','2018-02-01 09:12:34','2017-06-12 04:48:55','Benison','P.O. Box 774, 798 At, Rd.','1234567890','amet risus. Donec','2017-03-04 15:53:17',5226,'Benison','Benison',12205),(259,18269,'open','2016-09-24 00:33:35','2018-03-30 21:42:51','2017-06-27 14:34:49','2017-08-03 09:23:35','Benison','9078 Arcu St.','1234567890','Aenean eget magna.','2018-01-18 16:25:07',5224,'Benison','Benison',12274),(250,18270,'open','2016-08-24 01:38:20','2016-08-20 06:40:38','2017-03-17 09:52:31','2017-12-10 19:49:24','Benison','762-2839 Orci, Av.','1234567890','turpis','2016-10-28 08:53:49',5246,'Benison','Benison',12243),(208,18271,'open','2017-11-29 20:52:51','2016-10-21 23:30:28','2018-04-03 02:56:45','2016-10-29 18:06:07','Benison','7370 Nascetur St.','1234567890','Duis ac','2017-08-28 04:33:38',5246,'Benison','Benison',12285),(250,18272,'open','2017-10-22 01:22:16','2016-12-11 14:53:44','2017-06-26 12:35:43','2017-01-25 16:38:54','Benison','724-7724 Lacus Rd.','1234567890','quam a felis','2018-05-12 15:49:49',5288,'Benison','Benison',12275),(235,18273,'open','2016-12-22 22:01:30','2017-11-20 07:36:56','2016-09-07 11:16:13','2017-03-16 12:16:35','Benison','271-2793 Aliquam Avenue','1234567890','in lobortis tellus','2017-04-10 20:05:37',5245,'Benison','Benison',12266),(251,18274,'open','2018-03-04 12:26:58','2017-12-12 05:59:33','2018-01-23 07:15:52','2017-08-26 17:38:53','Benison','P.O. Box 904, 2358 Consequat Street','1234567890','et libero. Proin','2016-08-12 01:07:38',5253,'Benison','Benison',12281),(268,18275,'open','2016-07-24 10:36:14','2017-02-03 03:01:45','2017-07-16 12:13:57','2017-06-22 18:31:30','Benison','428-6602 Pede, St.','1234567890','arcu.','2016-08-02 06:55:05',5215,'Benison','Benison',12273),(274,18276,'open','2017-03-11 11:06:40','2017-08-08 02:46:07','2018-01-09 01:50:47','2017-03-14 14:17:44','Benison','121-7539 Ultricies Rd.','1234567890','cursus','2017-03-12 18:46:20',5218,'Benison','Benison',12287),(289,18277,'open','2018-02-17 07:07:06','2018-04-09 10:08:58','2016-12-14 20:11:29','2017-09-15 10:39:38','Benison','896 Nunc St.','1234567890','orci quis','2017-07-07 23:03:35',5219,'Benison','Benison',12265),(216,18278,'open','2017-08-10 12:02:53','2016-08-27 03:45:35','2017-01-31 06:57:17','2017-08-31 14:41:47','Benison','P.O. Box 891, 4238 Aliquet, Road','1234567890','eros. Proin','2016-11-04 07:19:05',5254,'Benison','Benison',12298),(234,18279,'open','2016-07-27 19:48:44','2018-05-11 18:14:02','2017-02-19 20:39:13','2018-04-15 10:08:37','Benison','Ap #152-7693 Consectetuer St.','1234567890','Fusce aliquet magna','2018-05-11 16:07:21',5228,'Benison','Benison',12241),(224,18280,'open','2016-08-20 09:33:53','2017-01-29 02:01:56','2016-07-23 14:23:11','2017-05-05 07:38:33','Benison','944 At St.','1234567890','bibendum. Donec felis','2017-04-18 08:05:05',5212,'Benison','Benison',12242),(217,18281,'open','2016-09-24 06:08:33','2017-04-30 00:30:00','2016-06-21 22:54:08','2017-05-11 13:00:10','Benison','P.O. Box 902, 4424 Enim, Road','1234567890','risus. Nunc','2016-09-23 11:15:13',5232,'Benison','Benison',12221),(245,18282,'open','2018-05-24 03:22:25','2017-10-01 06:36:12','2018-04-20 11:38:45','2017-07-29 19:03:43','Benison','4417 Sed Avenue','1234567890','odio semper','2018-06-02 15:36:22',5295,'Benison','Benison',12207),(212,18283,'open','2017-05-02 08:28:16','2017-09-06 04:43:15','2018-05-05 15:17:19','2017-07-06 22:53:37','Benison','Ap #218-840 Vehicula Av.','1234567890','Class aptent taciti','2016-11-08 20:58:33',5232,'Benison','Benison',12209),(293,18284,'open','2018-04-17 04:23:49','2018-03-08 20:48:23','2018-04-20 10:47:02','2017-06-20 04:03:43','Benison','659-2113 Magna. Rd.','1234567890','diam. Duis mi','2017-05-29 15:25:32',5296,'Benison','Benison',12271),(264,18285,'open','2017-05-22 01:10:28','2018-02-16 17:48:59','2017-06-14 10:16:13','2016-10-27 03:55:05','Benison','Ap #829-6434 Neque. Rd.','1234567890','fringilla mi lacinia','2017-09-05 08:18:55',5206,'Benison','Benison',12255),(242,18286,'open','2016-11-22 02:04:51','2018-01-20 20:41:26','2017-11-18 10:02:04','2016-08-29 17:42:34','Benison','P.O. Box 633, 4581 Porta Road','1234567890','ligula. Aliquam erat','2017-02-19 11:15:18',5270,'Benison','Benison',12259),(254,18287,'open','2017-08-22 04:47:09','2017-05-26 13:13:25','2017-12-31 20:27:13','2016-07-12 11:48:17','Benison','6321 Elit, Ave','1234567890','parturient','2017-10-25 11:48:50',5223,'Benison','Benison',12271),(252,18288,'open','2017-08-15 12:40:46','2016-06-30 07:21:51','2018-04-27 09:57:33','2016-08-30 11:20:29','Benison','P.O. Box 875, 6967 Feugiat Rd.','1234567890','sem magna','2017-09-06 17:10:30',5253,'Benison','Benison',12290),(292,18289,'open','2017-05-26 18:26:30','2017-04-09 17:19:29','2016-08-04 03:55:14','2017-07-03 19:16:08','Benison','677-1683 Mattis Avenue','1234567890','at risus.','2017-11-30 19:46:12',5284,'Benison','Benison',12282),(204,18290,'open','2018-04-12 04:41:48','2017-11-18 09:04:06','2016-09-05 19:11:30','2018-06-10 16:55:15','Benison','Ap #559-4762 Ac St.','1234567890','luctus, ipsum','2018-02-23 01:22:51',5217,'Benison','Benison',12262),(292,18291,'open','2017-01-11 03:51:44','2017-11-25 21:38:52','2016-10-24 20:30:29','2018-02-23 10:46:43','Benison','5023 Augue, Rd.','1234567890','venenatis a,','2017-07-09 23:12:02',5267,'Benison','Benison',12224),(249,18292,'open','2016-11-14 09:21:12','2016-10-02 00:16:48','2016-09-09 06:18:50','2017-03-20 09:20:53','Benison','315-7776 Semper Avenue','1234567890','Nunc pulvinar','2017-11-24 23:21:08',5247,'Benison','Benison',12285),(227,18293,'open','2017-04-13 14:24:31','2017-11-28 00:49:22','2018-04-28 06:00:34','2016-12-18 00:35:02','Benison','Ap #956-5758 Mauris Road','1234567890','arcu. Sed','2017-03-01 14:28:39',5212,'Benison','Benison',12256),(223,18294,'open','2018-02-17 23:24:40','2018-05-22 21:08:55','2016-09-11 14:41:35','2017-12-12 06:50:52','Benison','P.O. Box 963, 2646 Aliquam St.','1234567890','Donec','2016-11-06 23:44:32',5272,'Benison','Benison',12257),(264,18295,'open','2018-05-16 09:31:12','2018-04-05 14:48:11','2018-03-31 22:35:54','2017-12-16 07:36:46','Benison','Ap #865-7014 Egestas. St.','1234567890','massa. Mauris vestibulum,','2017-06-20 07:39:27',5288,'Benison','Benison',12281),(292,18296,'open','2017-05-24 18:22:53','2016-12-13 03:58:22','2016-10-10 22:03:00','2017-11-25 18:42:10','Benison','285-6736 Quisque Rd.','1234567890','semper. Nam tempor','2017-07-12 10:10:01',5224,'Benison','Benison',12212),(279,18297,'open','2018-01-28 17:00:34','2016-06-20 17:47:13','2018-04-25 16:11:52','2016-06-20 10:14:38','Benison','9226 Vehicula. Road','1234567890','Donec non justo.','2018-03-02 04:22:25',5271,'Benison','Benison',12282),(287,18298,'open','2017-10-01 07:03:26','2017-12-09 07:45:25','2018-01-29 10:29:44','2018-05-16 03:41:48','Benison','P.O. Box 431, 2167 Ipsum. Rd.','1234567890','condimentum. Donec at','2017-04-17 19:51:51',5292,'Benison','Benison',12233),(217,18299,'open','2017-10-24 20:58:10','2017-07-17 23:28:45','2017-02-20 15:37:17','2016-10-17 05:31:45','Benison','2941 Tincidunt Avenue','1234567890','ut','2016-12-02 19:27:23',5269,'Benison','Benison',12221),(355,18300,'open','2018-05-15 16:43:05','2017-05-28 19:56:30','2017-08-06 12:59:53','2018-02-17 00:51:29','Benison','P.O. Box 176, 4085 Vitae Ave','1234567890','aptent taciti sociosqu','2017-07-22 10:24:28',5314,'Benison','Benison',12373),(343,18301,'open','2016-08-20 17:12:27','2017-02-07 22:34:40','2017-01-16 21:08:42','2016-10-29 03:33:19','Benison','P.O. Box 981, 1233 Leo Ave','1234567890','Cras eget','2017-06-10 08:31:00',5398,'Benison','Benison',12306),(375,18302,'open','2017-07-03 07:41:17','2018-04-30 07:02:24','2018-01-02 03:13:35','2017-12-08 23:26:04','Benison','P.O. Box 583, 9043 Tempus, Ave','1234567890','nonummy','2017-02-06 14:06:24',5317,'Benison','Benison',12328),(379,18303,'open','2016-06-25 03:51:28','2018-04-25 04:51:50','2018-03-01 15:35:01','2017-01-03 10:57:05','Benison','6537 Natoque Rd.','1234567890','tempus, lorem fringilla','2017-05-21 03:15:39',5317,'Benison','Benison',12389),(329,18304,'open','2017-06-25 03:47:23','2017-12-21 04:27:59','2016-09-26 10:00:58','2017-12-27 03:42:59','Benison','159-4329 Iaculis, Av.','1234567890','pharetra.','2018-02-21 18:29:58',5345,'Benison','Benison',12364),(302,18305,'open','2017-02-03 01:57:05','2016-11-07 00:41:12','2017-08-26 23:50:18','2017-09-14 09:05:41','Benison','P.O. Box 616, 8627 Nulla Road','1234567890','ligula. Aenean euismod','2018-03-03 14:42:10',5321,'Benison','Benison',12388),(318,18306,'open','2017-08-11 06:16:50','2016-10-15 09:14:31','2017-06-04 22:37:09','2017-01-09 15:57:03','Benison','7441 Turpis Av.','1234567890','et, commodo at,','2017-05-28 23:31:25',5336,'Benison','Benison',12362),(391,18307,'open','2016-12-30 12:28:28','2018-01-05 10:58:07','2016-09-09 15:26:44','2016-10-14 19:12:28','Benison','Ap #863-7263 Auctor Street','1234567890','nec','2018-01-02 21:48:25',5305,'Benison','Benison',12363),(352,18308,'open','2017-06-04 01:43:20','2017-02-09 16:11:30','2017-11-08 16:43:30','2016-06-30 11:50:22','Benison','Ap #528-5600 Mollis. St.','1234567890','lectus','2017-07-20 10:32:09',5341,'Benison','Benison',12347),(342,18309,'open','2017-01-30 05:27:22','2016-09-19 11:52:25','2016-12-28 06:25:43','2017-04-01 17:54:50','Benison','P.O. Box 610, 6748 Eu Rd.','1234567890','luctus vulputate, nisi','2017-06-06 01:47:10',5367,'Benison','Benison',12361),(378,18310,'open','2017-11-27 06:50:09','2018-01-18 12:24:09','2017-12-06 15:57:09','2018-02-17 13:16:09','Benison','1430 Velit. Road','1234567890','felis','2018-04-22 04:43:20',5348,'Benison','Benison',12358),(339,18311,'open','2017-11-30 12:14:39','2018-02-08 11:45:49','2017-10-18 06:03:09','2016-08-03 06:01:08','Benison','5086 Et Avenue','1234567890','varius. Nam porttitor','2017-05-31 14:09:19',5372,'Benison','Benison',12301),(382,18312,'open','2016-12-05 01:32:06','2017-01-31 18:52:48','2016-07-21 05:34:00','2017-05-25 01:59:14','Benison','Ap #484-9617 Egestas Ave','1234567890','auctor','2017-09-02 11:15:24',5302,'Benison','Benison',12370),(337,18313,'open','2017-07-11 05:53:48','2018-04-15 04:43:09','2016-07-28 10:54:48','2016-11-21 07:05:53','Benison','3163 In, Road','1234567890','egestas','2016-09-21 17:33:50',5300,'Benison','Benison',12365),(307,18314,'open','2017-06-09 09:01:14','2017-03-22 08:39:10','2017-02-22 12:15:35','2016-08-16 18:55:19','Benison','3411 Lorem Rd.','1234567890','facilisis','2018-05-08 04:27:29',5387,'Benison','Benison',12377),(333,18315,'open','2018-03-05 08:18:03','2017-07-09 07:27:33','2017-04-25 14:38:28','2018-06-05 15:30:44','Benison','Ap #788-2512 Mauris Av.','1234567890','in','2016-09-14 12:08:06',5330,'Benison','Benison',12379),(325,18316,'open','2017-02-22 22:12:27','2016-07-24 22:38:13','2016-08-26 15:36:08','2017-03-16 14:55:08','Benison','P.O. Box 396, 3584 Sollicitudin Rd.','1234567890','sodales.','2018-05-05 09:48:58',5325,'Benison','Benison',12345),(342,18317,'open','2017-10-28 04:01:37','2017-05-04 17:20:57','2016-11-16 06:39:18','2018-05-10 02:14:30','Benison','7017 Gravida. Road','1234567890','ornare','2017-03-20 17:22:33',5324,'Benison','Benison',12343),(353,18318,'open','2016-11-07 07:53:10','2017-10-26 11:42:22','2016-09-07 20:43:20','2017-09-29 01:18:07','Benison','582-2038 Vulputate St.','1234567890','augue. Sed','2017-09-24 22:06:56',5351,'Benison','Benison',12354),(340,18319,'open','2017-05-08 06:58:36','2017-07-20 20:18:42','2017-11-25 11:02:56','2016-12-09 19:38:21','Benison','596-3542 Vel, Street','1234567890','quis,','2016-06-22 09:30:46',5320,'Benison','Benison',12384),(381,18320,'open','2017-01-31 12:39:38','2017-02-28 03:21:15','2017-06-18 02:44:14','2017-07-12 23:11:19','Benison','Ap #543-1081 Velit Street','1234567890','Sed','2017-09-03 04:48:18',5399,'Benison','Benison',12366),(320,18321,'open','2017-09-22 20:40:50','2018-05-05 13:38:17','2016-12-06 17:07:27','2017-12-05 23:14:56','Benison','393-9580 In Ave','1234567890','pede nec','2017-05-03 19:56:07',5391,'Benison','Benison',12341),(362,18322,'open','2017-01-05 05:43:26','2018-03-22 17:43:28','2017-09-02 15:58:59','2016-10-02 01:19:14','Benison','8930 Primis Rd.','1234567890','Quisque varius. Nam','2016-06-24 04:49:21',5337,'Benison','Benison',12377),(313,18323,'open','2016-10-19 19:24:58','2016-06-30 02:50:16','2017-07-17 00:52:18','2017-10-07 19:33:09','Benison','Ap #288-3658 Cras Street','1234567890','amet, faucibus','2016-06-18 11:05:55',5375,'Benison','Benison',12320),(310,18324,'open','2016-07-17 09:21:10','2018-01-15 13:34:29','2017-08-16 07:46:16','2016-08-12 05:13:31','Benison','953-7721 Dapibus Street','1234567890','lacus.','2017-04-02 00:55:58',5366,'Benison','Benison',12350),(335,18325,'open','2016-06-17 12:42:00','2018-04-25 12:06:27','2018-03-16 22:47:24','2017-05-13 07:09:18','Benison','166-8045 Fringilla St.','1234567890','amet','2017-10-17 16:03:20',5341,'Benison','Benison',12326),(309,18326,'open','2017-01-10 09:11:45','2017-04-08 06:17:51','2016-06-18 20:58:30','2016-09-04 16:45:31','Benison','P.O. Box 975, 3444 Tincidunt St.','1234567890','velit eget','2016-11-13 19:17:00',5319,'Benison','Benison',12306),(349,18327,'open','2017-05-02 04:09:21','2016-12-20 04:05:26','2016-06-21 18:24:32','2017-03-17 13:29:16','Benison','Ap #797-4847 Iaculis Rd.','1234567890','adipiscing.','2017-09-21 16:32:41',5365,'Benison','Benison',12325),(360,18328,'open','2016-08-16 23:16:49','2017-09-28 22:18:29','2017-02-18 06:00:58','2017-05-30 20:24:28','Benison','P.O. Box 966, 834 Nullam Rd.','1234567890','magnis dis parturient','2018-05-16 16:01:46',5311,'Benison','Benison',12311),(362,18329,'open','2016-12-25 12:40:40','2017-11-26 21:34:09','2017-10-19 21:09:03','2016-10-28 23:12:19','Benison','P.O. Box 144, 2578 Aliquam Rd.','1234567890','Cras convallis convallis','2017-11-09 08:25:44',5396,'Benison','Benison',12346),(350,18330,'open','2017-07-10 08:05:26','2017-09-26 00:21:33','2018-06-02 20:35:11','2017-09-15 13:41:07','Benison','3893 Pede. Av.','1234567890','lacus. Cras','2016-07-05 17:26:55',5370,'Benison','Benison',12374),(387,18331,'open','2017-09-29 16:42:26','2016-08-25 18:57:24','2017-05-05 16:49:00','2018-02-13 14:42:56','Benison','503-9523 Id Road','1234567890','enim. Etiam gravida','2018-01-23 05:25:17',5352,'Benison','Benison',12306),(352,18332,'open','2016-08-26 14:54:59','2017-07-03 12:45:54','2016-12-28 14:50:10','2017-01-30 03:21:14','Benison','628-2072 Sed Av.','1234567890','in consequat enim','2016-07-04 03:12:03',5326,'Benison','Benison',12323),(332,18333,'open','2017-10-06 19:14:21','2017-03-05 20:06:19','2016-10-22 23:06:02','2018-05-06 20:14:34','Benison','P.O. Box 306, 6698 Proin Ave','1234567890','sem elit,','2017-07-22 07:42:05',5331,'Benison','Benison',12355),(397,18334,'open','2016-07-29 17:51:51','2016-08-16 15:27:38','2018-02-15 07:23:17','2017-05-15 14:03:59','Benison','P.O. Box 892, 5512 Id Ave','1234567890','scelerisque','2017-04-12 07:17:04',5379,'Benison','Benison',12346),(375,18335,'open','2017-08-21 18:30:32','2017-05-17 19:25:43','2016-11-11 08:43:25','2016-08-30 00:09:12','Benison','3280 Magna Ave','1234567890','et','2018-03-02 06:49:37',5375,'Benison','Benison',12314),(362,18336,'open','2018-05-20 01:43:43','2018-06-01 20:28:08','2017-08-05 10:04:04','2017-10-04 17:13:58','Benison','307-9361 Hendrerit Av.','1234567890','mus.','2017-04-10 00:10:32',5313,'Benison','Benison',12307),(319,18337,'open','2016-09-24 20:37:54','2016-09-19 21:23:46','2017-04-18 23:16:57','2018-04-13 11:20:49','Benison','134-131 Morbi Street','1234567890','Curabitur dictum. Phasellus','2018-02-04 14:31:05',5309,'Benison','Benison',12390),(308,18338,'open','2018-01-01 11:47:40','2016-12-13 23:35:24','2016-10-25 13:44:29','2017-10-03 07:17:35','Benison','1626 Duis Road','1234567890','rhoncus.','2018-02-23 01:15:28',5376,'Benison','Benison',12359),(321,18339,'open','2016-08-02 00:07:03','2017-10-18 16:48:08','2018-02-17 23:09:31','2016-06-23 13:31:13','Benison','Ap #949-9763 Tincidunt Street','1234567890','pede. Nunc','2018-05-30 18:06:58',5389,'Benison','Benison',12320),(400,18340,'open','2018-04-09 10:33:39','2017-07-19 15:35:44','2017-08-02 20:24:23','2017-09-18 02:11:12','Benison','454-2129 Quisque Av.','1234567890','eleifend nec, malesuada','2018-05-23 01:11:18',5399,'Benison','Benison',12358),(390,18341,'open','2017-12-05 17:15:21','2017-01-20 00:38:59','2017-08-19 06:06:40','2017-01-23 11:20:56','Benison','P.O. Box 305, 7706 Iaculis Avenue','1234567890','eleifend, nunc risus','2017-12-03 04:37:52',5385,'Benison','Benison',12380),(393,18342,'open','2017-05-16 16:10:49','2017-12-23 17:07:52','2016-08-03 16:46:48','2018-06-10 02:38:09','Benison','Ap #834-6932 Habitant Road','1234567890','libero dui','2018-05-08 02:56:01',5380,'Benison','Benison',12343),(352,18343,'open','2016-08-19 05:40:29','2017-11-23 03:50:45','2018-05-14 17:18:19','2017-02-07 03:28:22','Benison','Ap #210-9726 Velit. Av.','1234567890','est ac','2016-07-12 14:56:11',5308,'Benison','Benison',12359),(387,18344,'open','2017-12-01 01:19:33','2017-09-01 22:55:51','2018-03-20 04:10:04','2017-06-27 00:13:01','Benison','P.O. Box 351, 9997 Non, Road','1234567890','nec, mollis','2017-05-03 15:05:44',5358,'Benison','Benison',12305),(401,18345,'open','2017-11-26 18:46:01','2017-03-15 11:24:31','2017-10-13 11:26:29','2018-05-10 09:03:38','Benison','2498 Et St.','1234567890','eu nibh','2017-06-12 22:54:17',5309,'Benison','Benison',12315),(345,18346,'open','2017-08-07 17:50:08','2017-03-18 05:37:04','2017-08-06 04:32:04','2017-12-24 14:34:19','Benison','P.O. Box 193, 4267 Ligula. Av.','1234567890','Aliquam ultrices','2017-08-15 20:32:38',5304,'Benison','Benison',12369),(371,18347,'open','2018-02-16 23:06:22','2018-02-27 02:22:00','2016-12-08 09:48:59','2017-06-21 17:00:43','Benison','394-9706 Fusce Avenue','1234567890','semper tellus id','2017-12-18 09:59:42',5398,'Benison','Benison',12322),(332,18348,'open','2017-04-24 18:05:21','2018-01-09 18:05:03','2017-03-03 16:46:38','2017-10-27 09:49:28','Benison','246 Purus. Street','1234567890','dictum ultricies ligula.','2016-08-25 09:47:26',5367,'Benison','Benison',12363),(316,18349,'open','2016-06-18 08:08:43','2016-08-10 22:35:56','2016-06-27 05:47:21','2017-01-13 08:30:09','Benison','932-5559 Vitae Avenue','1234567890','vitae','2018-03-04 22:31:57',5324,'Benison','Benison',12361),(340,18350,'open','2018-03-06 21:27:40','2017-01-01 21:39:12','2016-06-29 09:13:32','2017-02-04 03:07:55','Benison','253-5252 Ultrices Ave','1234567890','Nullam scelerisque neque','2017-06-21 15:21:04',5392,'Benison','Benison',12314),(393,18351,'open','2018-03-16 00:58:28','2016-09-28 23:31:34','2017-12-02 02:59:16','2016-06-23 06:37:59','Benison','761-5135 Duis St.','1234567890','orci luctus et','2016-09-24 18:25:00',5320,'Benison','Benison',12392),(379,18352,'open','2017-09-20 13:38:53','2016-11-23 21:26:36','2018-05-24 06:35:01','2017-02-06 18:45:12','Benison','P.O. Box 932, 4628 Pulvinar Rd.','1234567890','Duis risus odio,','2018-04-19 11:06:30',5302,'Benison','Benison',12387),(355,18353,'open','2017-04-11 05:34:17','2016-11-07 11:26:05','2018-02-04 01:36:00','2018-02-08 20:19:56','Benison','Ap #216-531 Magna Av.','1234567890','Cras','2017-07-30 07:40:42',5324,'Benison','Benison',12357),(397,18354,'open','2017-02-11 20:51:38','2017-10-30 02:34:41','2017-07-20 15:59:07','2016-08-08 09:07:05','Benison','P.O. Box 437, 5706 Blandit Rd.','1234567890','sem semper erat,','2016-06-20 15:31:48',5376,'Benison','Benison',12337),(348,18355,'open','2016-08-04 07:08:58','2017-06-09 16:49:15','2018-03-25 20:47:34','2017-12-09 15:13:44','Benison','5277 Proin St.','1234567890','ultricies ornare, elit','2017-10-15 01:20:32',5366,'Benison','Benison',12380),(393,18356,'open','2017-02-14 22:28:20','2017-03-28 00:53:20','2017-01-05 17:54:10','2017-06-28 15:09:11','Benison','718-6359 Magna. Street','1234567890','arcu. Vestibulum ante','2018-05-02 08:30:07',5347,'Benison','Benison',12340),(320,18357,'open','2017-02-22 15:52:31','2017-09-29 15:07:51','2016-11-01 21:45:53','2018-01-23 14:56:47','Benison','5755 Aliquam St.','1234567890','cubilia Curae; Phasellus','2017-08-09 18:23:59',5347,'Benison','Benison',12316),(308,18358,'open','2018-02-15 21:40:05','2017-09-16 12:04:12','2018-05-21 04:46:42','2017-12-03 23:22:34','Benison','9510 Posuere, Rd.','1234567890','tristique pharetra.','2018-03-29 23:41:54',5336,'Benison','Benison',12306),(384,18359,'open','2017-03-18 10:51:49','2018-01-05 09:22:11','2018-05-08 12:35:29','2017-06-02 14:10:47','Benison','Ap #644-4847 Placerat Avenue','1234567890','sed dictum eleifend,','2017-04-27 12:59:05',5304,'Benison','Benison',12356),(382,18360,'open','2016-07-15 15:04:02','2016-09-26 22:31:06','2016-08-08 21:14:05','2016-07-10 06:55:29','Benison','533-2335 Aliquet Street','1234567890','mauris ut mi.','2016-06-20 13:02:39',5331,'Benison','Benison',12300),(356,18361,'open','2017-04-01 03:10:08','2018-05-27 18:16:22','2017-04-14 18:54:25','2017-07-04 12:34:16','Benison','281 Sem Rd.','1234567890','aliquet. Phasellus fermentum','2018-03-01 11:55:22',5306,'Benison','Benison',12353),(340,18362,'open','2016-09-04 05:04:59','2017-10-25 12:20:53','2017-01-17 14:16:46','2018-04-06 08:40:47','Benison','Ap #994-7971 Vel St.','1234567890','tellus, imperdiet','2017-03-04 04:03:20',5342,'Benison','Benison',12397),(333,18363,'open','2017-09-17 14:22:13','2017-07-13 07:56:55','2017-07-11 05:01:04','2016-10-13 08:16:09','Benison','Ap #644-4568 At, Ave','1234567890','Donec','2016-11-01 04:50:44',5396,'Benison','Benison',12323),(359,18364,'open','2017-02-05 06:21:58','2016-07-02 23:48:52','2017-02-27 17:40:44','2016-11-28 23:36:31','Benison','P.O. Box 776, 1821 Augue, Street','1234567890','In','2018-04-24 16:35:04',5362,'Benison','Benison',12354),(328,18365,'open','2018-03-22 11:16:12','2017-03-15 18:46:52','2016-08-13 05:31:40','2018-02-15 02:58:12','Benison','P.O. Box 430, 3034 Purus, Av.','1234567890','libero nec','2017-02-28 14:29:26',5393,'Benison','Benison',12377),(326,18366,'open','2018-02-15 12:11:42','2016-09-18 12:52:56','2017-06-02 12:30:24','2016-11-11 08:54:23','Benison','P.O. Box 402, 2700 Habitant Street','1234567890','malesuada ut,','2016-06-12 10:12:43',5384,'Benison','Benison',12301),(312,18367,'open','2016-08-12 05:01:44','2017-11-05 16:00:14','2017-02-22 09:18:25','2018-05-24 17:40:08','Benison','Ap #856-7032 Ac St.','1234567890','eu tellus','2017-09-26 04:44:08',5380,'Benison','Benison',12386),(393,18368,'open','2017-09-08 01:28:37','2017-02-05 08:25:31','2018-04-25 04:39:03','2016-12-18 19:50:18','Benison','Ap #950-2983 Vestibulum Rd.','1234567890','arcu. Vivamus','2017-05-21 23:10:43',5370,'Benison','Benison',12397),(329,18369,'open','2018-01-26 08:15:34','2018-04-09 11:15:42','2016-11-30 17:02:55','2016-07-09 08:35:29','Benison','190-8604 Dui, Avenue','1234567890','est, mollis','2017-08-13 19:31:49',5301,'Benison','Benison',12373),(315,18370,'open','2016-10-24 06:00:23','2016-10-14 22:08:43','2017-07-25 10:26:37','2017-05-25 04:23:40','Benison','3153 Ligula St.','1234567890','justo sit','2017-03-16 06:41:43',5332,'Benison','Benison',12349),(302,18371,'open','2017-06-13 01:24:22','2017-07-10 07:59:01','2018-04-12 08:17:07','2017-06-04 00:21:21','Benison','Ap #805-6781 Orci, St.','1234567890','enim. Nunc','2018-04-22 22:51:28',5324,'Benison','Benison',12348),(384,18372,'open','2018-04-15 01:03:49','2017-07-24 08:02:02','2017-10-31 23:12:33','2016-08-12 00:10:03','Benison','Ap #123-7407 Lorem Road','1234567890','quis turpis vitae','2016-06-26 04:26:31',5352,'Benison','Benison',12302),(331,18373,'open','2018-04-08 03:06:09','2017-04-06 12:06:20','2017-12-03 01:42:31','2017-01-23 05:25:38','Benison','114-6919 Massa. Av.','1234567890','sodales purus, in','2017-01-05 18:38:18',5350,'Benison','Benison',12379),(338,18374,'open','2017-04-17 06:57:59','2016-08-04 22:59:58','2018-05-19 14:06:08','2017-09-30 16:29:41','Benison','P.O. Box 990, 5111 Imperdiet, St.','1234567890','et netus','2017-04-02 18:56:33',5354,'Benison','Benison',12338),(362,18375,'open','2017-10-07 01:58:04','2017-09-10 18:05:51','2018-02-23 10:29:11','2016-11-18 13:24:24','Benison','Ap #913-9704 Libero. St.','1234567890','pharetra. Nam ac','2016-07-13 18:51:23',5388,'Benison','Benison',12349),(308,18376,'open','2016-08-21 22:41:02','2016-07-15 16:32:05','2018-03-04 23:12:29','2018-04-13 15:49:54','Benison','6501 Lorem, Street','1234567890','diam nunc,','2016-07-24 21:59:36',5336,'Benison','Benison',12339),(400,18377,'open','2016-07-06 18:35:27','2017-10-22 22:32:54','2016-11-14 11:23:32','2017-12-29 16:38:23','Benison','P.O. Box 519, 2536 Magna Street','1234567890','et, rutrum','2017-12-12 22:53:58',5355,'Benison','Benison',12339),(376,18378,'open','2017-05-28 20:29:53','2016-07-19 20:25:09','2017-10-08 19:38:21','2018-02-20 13:09:28','Benison','P.O. Box 759, 4723 Malesuada St.','1234567890','vitae','2018-04-05 19:55:19',5316,'Benison','Benison',12385),(397,18379,'open','2018-01-28 05:45:21','2016-11-10 17:30:11','2016-12-09 22:46:16','2017-09-22 05:17:49','Benison','376 Etiam Avenue','1234567890','Integer in','2017-08-14 00:05:44',5313,'Benison','Benison',12383),(331,18380,'open','2018-06-07 13:20:09','2016-08-03 07:06:54','2018-01-30 11:41:02','2017-05-24 19:08:05','Benison','P.O. Box 842, 428 Maecenas St.','1234567890','sed dolor. Fusce','2017-12-13 22:39:42',5335,'Benison','Benison',12329),(317,18381,'open','2018-03-05 20:29:35','2017-11-20 04:10:17','2016-07-09 18:15:03','2018-05-07 21:24:02','Benison','Ap #151-5865 Nunc Rd.','1234567890','amet','2018-04-07 06:01:53',5350,'Benison','Benison',12315),(361,18382,'open','2018-04-04 12:25:35','2018-03-17 20:18:17','2017-07-05 17:45:14','2018-02-01 10:50:06','Benison','4467 Sed Street','1234567890','Morbi','2016-12-08 22:50:19',5312,'Benison','Benison',12312),(310,18383,'open','2018-05-04 16:11:30','2016-09-03 08:19:22','2016-07-19 11:38:20','2016-09-15 08:48:29','Benison','914-1836 Mi St.','1234567890','non,','2018-02-13 04:04:17',5381,'Benison','Benison',12350),(308,18384,'open','2017-10-22 07:04:07','2018-03-30 20:31:00','2016-12-29 23:47:59','2016-07-11 20:10:20','Benison','Ap #654-6476 Ac Road','1234567890','arcu ac','2017-08-04 08:19:20',5388,'Benison','Benison',12372),(397,18385,'open','2018-01-31 20:46:00','2017-06-02 04:05:20','2016-07-17 03:37:23','2018-02-03 02:39:49','Benison','426-2876 Tincidunt Avenue','1234567890','enim non nisi.','2017-06-16 03:20:10',5346,'Benison','Benison',12388),(374,18386,'open','2016-10-30 19:21:32','2018-01-02 06:04:55','2017-11-25 12:09:43','2016-12-14 13:54:54','Benison','1463 Duis Ave','1234567890','dapibus gravida. Aliquam','2017-06-13 13:15:54',5356,'Benison','Benison',12361),(390,18387,'open','2017-07-09 12:35:53','2017-04-01 00:10:23','2017-09-16 14:12:54','2016-12-03 17:01:36','Benison','P.O. Box 821, 3400 Lacinia Rd.','1234567890','nisl.','2017-12-28 15:02:35',5375,'Benison','Benison',12350),(314,18388,'open','2017-05-13 12:22:21','2016-06-28 12:32:13','2017-10-20 05:32:48','2017-04-16 08:25:28','Benison','528-5912 Diam. Av.','1234567890','Mauris vestibulum,','2016-06-13 05:25:34',5360,'Benison','Benison',12383),(314,18389,'open','2018-03-30 07:14:13','2018-01-31 13:50:19','2018-01-05 15:06:53','2017-12-08 00:47:16','Benison','P.O. Box 406, 6858 Sit Rd.','1234567890','risus.','2017-10-05 16:09:39',5308,'Benison','Benison',12314),(374,18390,'open','2017-01-17 02:28:18','2017-04-15 15:10:57','2016-08-14 04:52:43','2018-06-01 16:01:40','Benison','Ap #482-8459 Eleifend. Rd.','1234567890','ipsum leo','2017-04-10 02:06:35',5356,'Benison','Benison',12306),(319,18391,'open','2017-03-23 01:12:47','2016-09-08 07:21:44','2017-05-22 23:18:34','2018-04-05 12:06:18','Benison','7313 Morbi St.','1234567890','eu turpis.','2018-04-23 10:32:10',5383,'Benison','Benison',12345),(364,18392,'open','2017-03-14 04:25:48','2017-03-04 18:00:48','2017-05-24 07:59:18','2017-02-21 21:11:04','Benison','P.O. Box 133, 7866 Risus. Avenue','1234567890','Integer sem','2018-05-12 15:11:47',5343,'Benison','Benison',12370),(322,18393,'open','2017-06-21 09:16:03','2017-08-06 19:35:29','2017-01-26 09:27:28','2016-09-23 08:25:09','Benison','P.O. Box 853, 3308 Phasellus Street','1234567890','eu','2017-10-11 08:34:57',5365,'Benison','Benison',12385),(309,18394,'open','2018-03-29 19:28:59','2017-01-26 06:38:43','2016-07-19 22:25:31','2017-05-23 12:30:50','Benison','Ap #591-6165 Nulla Rd.','1234567890','suscipit,','2016-07-13 12:26:54',5346,'Benison','Benison',12335),(338,18395,'open','2018-05-22 07:21:20','2018-01-17 05:39:16','2017-11-01 05:22:46','2018-02-14 03:37:13','Benison','Ap #667-6121 Vehicula Rd.','1234567890','dictum mi,','2017-05-24 18:30:43',5394,'Benison','Benison',12379),(328,18396,'open','2017-09-02 03:33:00','2016-08-01 16:10:58','2018-01-04 21:40:42','2018-02-27 15:05:18','Benison','762-7162 Lorem Street','1234567890','In scelerisque','2018-06-01 02:49:11',5388,'Benison','Benison',12369),(401,18397,'open','2017-07-26 14:32:45','2017-09-20 11:21:21','2018-02-14 03:17:58','2017-04-01 18:32:14','Benison','4603 Vivamus St.','1234567890','Proin eget','2017-05-18 21:25:52',5324,'Benison','Benison',12361),(387,18398,'open','2017-09-26 06:00:26','2017-03-15 12:09:20','2017-01-14 01:22:12','2018-01-15 21:10:23','Benison','313-7718 Montes, Street','1234567890','nec','2016-07-28 11:22:40',5383,'Benison','Benison',12381),(342,18399,'open','2017-12-06 23:17:15','2018-05-19 09:06:30','2017-02-08 02:20:58','2016-12-18 10:29:07','Benison','834-3775 Vivamus Rd.','1234567890','eu tempor','2018-05-27 18:45:35',5327,'Benison','Benison',12356),(479,18400,'open','2016-08-30 08:27:39','2017-09-07 20:25:22','2018-02-17 02:20:36','2017-12-29 13:01:28','Benison','P.O. Box 791, 3424 Et Road','1234567890','Vestibulum','2016-12-14 09:33:26',5402,'Benison','Benison',12422),(480,18401,'open','2018-02-03 21:09:31','2017-11-06 19:32:28','2018-04-25 12:34:50','2017-08-01 21:21:02','Benison','Ap #202-7110 Ipsum. St.','1234567890','mi enim,','2017-12-14 15:23:05',5429,'Benison','Benison',12479),(473,18402,'open','2016-12-14 07:55:26','2017-09-02 13:07:00','2018-03-22 02:48:56','2018-05-22 20:59:14','Benison','Ap #575-986 Ligula. Road','1234567890','sed','2017-11-28 02:37:11',5467,'Benison','Benison',12403),(474,18403,'open','2018-02-07 08:46:12','2017-12-01 05:13:33','2017-02-19 14:28:24','2016-07-02 20:34:03','Benison','P.O. Box 705, 8592 Suspendisse Rd.','1234567890','nibh vulputate mauris','2016-08-06 22:55:17',5491,'Benison','Benison',12433),(455,18404,'open','2017-02-15 00:43:21','2016-12-17 06:45:04','2017-03-14 04:50:53','2017-03-02 20:20:13','Benison','P.O. Box 535, 5718 Non Street','1234567890','vitae','2016-07-07 00:44:43',5411,'Benison','Benison',12488),(456,18405,'open','2016-11-03 06:28:45','2017-08-14 21:36:13','2017-12-05 22:22:20','2016-07-11 07:45:15','Benison','P.O. Box 153, 3899 Dapibus St.','1234567890','Proin','2016-11-28 18:42:39',5457,'Benison','Benison',12436),(487,18406,'open','2017-07-06 21:06:58','2017-08-21 22:16:25','2016-11-27 23:48:46','2017-01-03 00:50:06','Benison','125-2957 Lorem Rd.','1234567890','libero','2017-09-14 18:52:34',5403,'Benison','Benison',12421),(501,18407,'open','2018-02-07 02:16:37','2017-10-12 05:11:31','2017-05-21 03:14:19','2016-12-02 07:12:06','Benison','P.O. Box 396, 5966 Pharetra St.','1234567890','libero dui','2016-12-16 23:15:01',5453,'Benison','Benison',12401),(463,18408,'open','2017-01-16 17:41:25','2017-05-05 20:42:09','2017-05-04 08:39:49','2016-07-14 14:13:04','Benison','781-9170 Dictum Rd.','1234567890','ligula elit, pretium','2016-12-13 16:03:45',5499,'Benison','Benison',12408),(488,18409,'open','2017-08-09 11:17:46','2017-06-11 22:49:39','2017-12-31 14:45:51','2018-04-03 18:02:51','Benison','6809 Amet, St.','1234567890','Nam ac','2017-05-25 05:34:34',5414,'Benison','Benison',12445),(416,18410,'open','2016-07-25 18:22:48','2017-01-26 03:32:04','2016-06-21 22:18:18','2017-07-07 17:17:17','Benison','6399 Odio Road','1234567890','Nullam','2017-02-26 03:40:14',5445,'Benison','Benison',12428),(490,18411,'open','2017-11-20 14:39:21','2016-09-25 10:16:49','2017-04-14 06:13:24','2018-03-29 09:01:37','Benison','P.O. Box 850, 7525 Aenean St.','1234567890','vitae, erat.','2016-12-04 18:42:49',5456,'Benison','Benison',12469),(483,18412,'open','2016-09-07 22:54:42','2017-01-13 16:43:23','2016-09-18 04:23:24','2018-03-19 15:05:00','Benison','P.O. Box 517, 2974 Velit. Road','1234567890','ligula.','2016-08-19 18:17:54',5444,'Benison','Benison',12460),(489,18413,'open','2017-06-10 18:14:47','2016-11-12 22:06:37','2016-07-18 23:18:25','2016-07-12 03:44:55','Benison','4577 At, St.','1234567890','fringilla','2017-01-15 08:29:04',5493,'Benison','Benison',12447),(474,18414,'open','2016-12-04 16:50:27','2017-08-17 11:16:46','2016-11-20 16:27:39','2017-02-23 17:06:44','Benison','P.O. Box 186, 6007 Ante, Road','1234567890','et','2016-11-20 16:17:42',5460,'Benison','Benison',12436),(421,18415,'open','2018-06-08 07:19:57','2016-12-10 06:09:23','2016-12-08 13:01:39','2017-07-31 07:51:38','Benison','638-8904 Mollis. St.','1234567890','ultricies ligula. Nullam','2017-07-06 03:03:23',5472,'Benison','Benison',12476),(435,18416,'open','2017-09-28 20:53:27','2018-03-16 23:58:32','2018-04-13 17:50:31','2018-02-22 12:18:41','Benison','8570 Euismod Street','1234567890','Maecenas mi','2017-01-29 18:03:31',5428,'Benison','Benison',12452),(488,18417,'open','2018-03-25 21:19:57','2016-10-25 03:51:58','2016-12-29 00:09:34','2016-09-21 12:39:21','Benison','Ap #674-9760 Sed Street','1234567890','ac, fermentum vel,','2017-01-18 23:50:22',5473,'Benison','Benison',12405),(495,18418,'open','2018-03-20 12:25:42','2016-06-13 14:56:28','2017-12-20 06:28:13','2018-01-02 23:20:22','Benison','506-2575 Curabitur Road','1234567890','faucibus lectus, a','2017-10-03 01:42:00',5487,'Benison','Benison',12469),(498,18419,'open','2017-10-05 04:37:49','2017-09-12 23:55:05','2017-04-15 17:03:58','2018-01-26 09:18:52','Benison','412-1286 Orci Road','1234567890','nec, eleifend','2016-11-20 05:51:51',5432,'Benison','Benison',12411),(496,18420,'open','2017-09-03 17:39:39','2017-08-02 05:24:39','2017-05-20 22:04:45','2016-06-29 08:56:34','Benison','Ap #428-5988 Lorem St.','1234567890','magna.','2017-05-11 03:04:49',5478,'Benison','Benison',12425),(444,18421,'open','2018-01-21 05:08:35','2018-04-21 14:48:48','2017-11-01 10:25:18','2018-03-01 08:56:13','Benison','P.O. Box 590, 475 Quisque Street','1234567890','turpis nec mauris','2016-10-20 05:03:38',5405,'Benison','Benison',12404),(433,18422,'open','2016-06-14 05:12:56','2016-12-23 16:06:46','2017-10-05 16:40:05','2018-03-02 14:39:58','Benison','P.O. Box 408, 6618 Cursus. Rd.','1234567890','dui','2018-05-24 04:53:19',5458,'Benison','Benison',12424),(475,18423,'open','2018-02-09 11:43:23','2018-03-25 09:36:07','2018-05-03 22:39:06','2016-12-09 10:47:52','Benison','750-6310 Neque. Av.','1234567890','pellentesque massa','2018-04-29 00:33:55',5423,'Benison','Benison',12405),(441,18424,'open','2017-12-06 12:15:59','2017-03-05 23:10:13','2017-10-11 11:30:19','2017-10-08 22:04:17','Benison','2143 Cum Street','1234567890','rhoncus.','2017-01-29 08:19:49',5491,'Benison','Benison',12432),(419,18425,'open','2017-02-23 14:36:54','2017-08-18 09:34:47','2016-07-28 02:21:44','2017-01-17 01:19:24','Benison','Ap #782-9447 Ultrices, Road','1234567890','ipsum. Phasellus vitae','2017-06-22 10:23:21',5406,'Benison','Benison',12479),(431,18426,'open','2017-12-21 05:05:10','2017-01-10 12:23:01','2018-02-11 01:45:41','2016-10-01 04:53:06','Benison','Ap #950-9481 Lorem Rd.','1234567890','et arcu','2017-04-29 07:15:27',5458,'Benison','Benison',12461),(451,18427,'open','2018-03-20 01:01:00','2018-01-16 20:03:51','2018-02-22 09:58:33','2017-11-14 03:20:55','Benison','Ap #600-3816 Cursus Av.','1234567890','lobortis augue','2016-08-02 14:16:32',5446,'Benison','Benison',12438),(493,18428,'open','2017-09-08 17:51:27','2017-05-13 22:15:10','2016-11-05 13:04:45','2017-08-08 04:10:35','Benison','P.O. Box 195, 3109 Primis St.','1234567890','mi. Aliquam gravida','2017-03-04 17:54:44',5497,'Benison','Benison',12489),(490,18429,'open','2017-04-15 03:28:37','2018-04-29 20:24:20','2017-07-07 01:56:29','2016-11-29 01:38:19','Benison','Ap #606-3823 Tellus Road','1234567890','facilisis,','2017-12-28 15:01:20',5434,'Benison','Benison',12451),(470,18430,'open','2017-12-06 19:42:17','2018-04-23 15:10:56','2017-11-23 05:22:18','2017-09-06 11:08:47','Benison','P.O. Box 672, 6695 Auctor Road','1234567890','velit dui,','2017-11-17 11:15:41',5453,'Benison','Benison',12471),(425,18431,'open','2017-10-15 16:37:52','2017-04-19 09:37:33','2017-07-10 22:12:29','2016-11-28 00:38:52','Benison','Ap #280-1808 Fermentum St.','1234567890','Morbi metus. Vivamus','2017-01-11 01:04:10',5483,'Benison','Benison',12460),(475,18432,'open','2017-12-11 04:59:31','2017-11-14 13:39:51','2017-08-17 13:53:44','2017-03-10 13:46:54','Benison','4086 Penatibus Road','1234567890','Fusce diam nunc,','2016-12-15 12:17:21',5460,'Benison','Benison',12476),(447,18433,'open','2017-03-07 22:24:56','2017-01-28 13:20:04','2017-08-31 08:15:02','2017-09-24 18:48:40','Benison','650-1172 Sagittis Street','1234567890','mauris','2016-08-09 00:11:37',5463,'Benison','Benison',12401),(470,18434,'open','2017-01-27 21:19:32','2017-10-01 04:33:03','2016-09-24 15:56:23','2018-03-06 18:03:13','Benison','996-7007 Mollis Rd.','1234567890','lorem ipsum sodales','2016-07-10 19:30:52',5469,'Benison','Benison',12439),(486,18435,'open','2016-11-26 18:02:28','2017-10-06 17:05:37','2018-01-08 07:56:57','2017-04-18 02:17:40','Benison','554-3393 Mauris Avenue','1234567890','ultrices sit amet,','2017-09-28 01:05:18',5402,'Benison','Benison',12461),(446,18436,'open','2017-11-17 13:16:11','2017-10-01 21:53:05','2018-05-05 12:27:12','2017-10-12 13:44:44','Benison','335-8485 Elit. Road','1234567890','Quisque purus sapien,','2017-03-12 08:19:20',5403,'Benison','Benison',12417),(434,18437,'open','2018-03-02 19:03:51','2018-01-22 20:10:43','2016-09-01 11:53:44','2017-10-16 23:27:47','Benison','8594 Lacinia Av.','1234567890','cursus et,','2017-02-03 18:11:42',5484,'Benison','Benison',12450),(480,18438,'open','2016-08-30 04:34:25','2017-11-26 09:45:47','2017-04-18 22:41:27','2017-08-15 14:14:43','Benison','9236 Ac, Rd.','1234567890','Cras sed','2017-05-19 22:53:08',5492,'Benison','Benison',12471),(443,18439,'open','2017-05-20 00:23:28','2017-02-26 12:41:20','2017-02-12 02:33:57','2017-08-08 06:36:49','Benison','610 Volutpat. St.','1234567890','risus quis','2017-06-20 17:55:09',5420,'Benison','Benison',12465),(404,18440,'open','2017-10-25 00:47:17','2017-01-11 17:51:13','2017-03-12 05:07:10','2017-10-15 04:04:00','Benison','P.O. Box 978, 6492 Sit St.','1234567890','sem magna nec','2016-12-12 21:41:22',5482,'Benison','Benison',12437),(443,18441,'open','2018-03-22 15:13:28','2016-07-06 20:48:33','2016-08-23 07:57:10','2017-10-20 21:35:57','Benison','Ap #118-4361 Morbi Av.','1234567890','tempus risus.','2017-09-28 02:43:34',5413,'Benison','Benison',12443),(476,18442,'open','2016-12-13 11:02:46','2018-05-24 23:12:28','2017-01-21 01:42:57','2017-07-14 03:42:32','Benison','Ap #344-6728 Sed Road','1234567890','Mauris','2016-12-09 07:07:36',5490,'Benison','Benison',12400),(444,18443,'open','2017-04-17 11:15:11','2017-12-31 16:19:37','2016-12-18 04:41:19','2017-05-21 08:45:51','Benison','446-6103 Ut Street','1234567890','pede, ultrices a,','2017-06-08 05:48:54',5476,'Benison','Benison',12428),(501,18444,'open','2017-12-04 14:41:05','2016-12-18 13:15:45','2018-04-02 03:17:27','2016-10-30 06:44:08','Benison','2096 Diam Av.','1234567890','mauris elit, dictum','2017-05-31 10:34:01',5401,'Benison','Benison',12429),(489,18445,'open','2018-03-02 15:25:30','2017-07-14 15:02:15','2017-04-28 04:21:29','2017-10-27 08:58:59','Benison','315-3644 Scelerisque Avenue','1234567890','orci quis','2018-03-17 22:08:17',5438,'Benison','Benison',12470),(463,18446,'open','2017-04-14 23:48:15','2016-07-30 14:40:46','2016-10-11 19:57:32','2016-12-19 23:42:10','Benison','P.O. Box 243, 5533 Morbi St.','1234567890','arcu imperdiet ullamcorper.','2016-10-05 10:55:04',5431,'Benison','Benison',12407),(434,18447,'open','2016-07-24 15:29:37','2017-09-12 00:09:28','2016-10-07 09:11:25','2018-01-09 18:40:41','Benison','964-5460 Amet Ave','1234567890','bibendum sed,','2017-06-17 22:28:07',5492,'Benison','Benison',12456),(472,18448,'open','2018-02-08 19:50:39','2017-06-23 19:40:39','2017-09-03 06:50:39','2017-12-08 20:06:13','Benison','Ap #735-6270 Mollis. Rd.','1234567890','facilisis non,','2017-05-14 18:34:24',5439,'Benison','Benison',12450),(491,18449,'open','2018-02-26 07:53:17','2018-03-23 06:03:06','2016-09-23 21:37:38','2018-02-14 17:30:13','Benison','3706 Montes, Av.','1234567890','a sollicitudin orci','2016-07-21 03:58:02',5494,'Benison','Benison',12414),(435,18450,'open','2017-10-11 10:17:49','2017-07-05 08:30:25','2016-11-14 01:09:22','2016-07-05 01:33:42','Benison','Ap #363-6996 Eu, Rd.','1234567890','nunc. Quisque','2017-10-10 05:14:37',5439,'Benison','Benison',12443),(454,18451,'open','2017-03-02 22:30:04','2017-07-11 10:48:42','2018-03-11 23:33:24','2017-11-27 08:21:17','Benison','P.O. Box 525, 3089 Sed Rd.','1234567890','malesuada vel,','2017-09-29 23:51:46',5425,'Benison','Benison',12421),(490,18452,'open','2016-09-27 22:36:50','2016-11-04 09:39:45','2016-09-10 00:13:07','2018-01-06 17:28:35','Benison','553-4363 Aliquet Rd.','1234567890','molestie arcu. Sed','2017-12-06 00:54:39',5419,'Benison','Benison',12430),(431,18453,'open','2017-05-30 13:21:45','2017-10-26 06:13:44','2018-01-20 21:21:49','2018-04-26 14:50:15','Benison','Ap #957-8974 Morbi Rd.','1234567890','placerat. Cras dictum','2017-05-10 15:35:27',5415,'Benison','Benison',12435),(476,18454,'open','2016-10-29 06:25:14','2016-06-23 08:57:05','2018-04-06 10:47:25','2018-01-02 17:18:28','Benison','P.O. Box 432, 2127 Est, Rd.','1234567890','faucibus lectus,','2017-02-13 04:15:12',5438,'Benison','Benison',12491),(405,18455,'open','2016-12-11 08:05:26','2017-12-25 02:48:45','2017-09-08 23:45:06','2016-12-08 06:29:05','Benison','P.O. Box 123, 1928 Euismod Street','1234567890','Sed','2018-03-07 23:06:24',5467,'Benison','Benison',12426),(425,18456,'open','2018-06-07 23:12:05','2018-06-11 21:28:41','2018-05-08 13:04:19','2017-09-10 22:35:44','Benison','Ap #670-2449 Tellus Ave','1234567890','odio sagittis semper.','2017-10-27 11:24:27',5402,'Benison','Benison',12444),(459,18457,'open','2018-01-14 06:46:59','2016-11-29 02:57:44','2017-03-22 19:38:18','2016-10-21 16:23:36','Benison','Ap #442-9315 Magna Avenue','1234567890','pellentesque,','2016-10-20 09:49:52',5451,'Benison','Benison',12433),(422,18458,'open','2016-12-19 13:50:03','2017-08-15 17:47:24','2017-06-04 21:54:38','2017-01-09 12:45:22','Benison','277-5108 Aliquam Av.','1234567890','feugiat metus','2017-02-17 05:18:06',5412,'Benison','Benison',12411),(445,18459,'open','2018-05-16 03:37:05','2017-11-01 19:06:57','2017-11-26 20:33:58','2018-01-31 20:11:50','Benison','P.O. Box 981, 5079 Fringilla Rd.','1234567890','nisi dictum augue','2017-08-30 12:58:15',5427,'Benison','Benison',12498),(406,18460,'open','2018-01-25 18:53:00','2017-06-08 21:41:22','2017-06-12 07:34:38','2018-01-10 10:17:32','Benison','P.O. Box 429, 8556 Arcu. St.','1234567890','quis accumsan','2016-06-27 03:37:35',5494,'Benison','Benison',12461),(499,18461,'open','2016-11-17 13:51:40','2017-09-10 21:55:54','2016-06-18 22:36:34','2017-02-22 00:40:26','Benison','737-6140 Sem Rd.','1234567890','Lorem ipsum','2018-03-06 10:27:24',5405,'Benison','Benison',12481),(480,18462,'open','2017-06-06 13:54:43','2017-04-25 11:21:20','2017-04-05 08:46:04','2017-07-18 07:42:56','Benison','Ap #992-7161 Vivamus Street','1234567890','non, dapibus','2018-05-13 22:21:01',5417,'Benison','Benison',12424),(415,18463,'open','2018-03-23 13:43:49','2016-08-13 22:14:39','2016-09-10 10:42:24','2017-09-23 16:50:40','Benison','Ap #992-1455 Tincidunt, Ave','1234567890','accumsan interdum','2016-10-03 14:53:40',5425,'Benison','Benison',12419),(486,18464,'open','2018-06-05 09:48:47','2017-07-23 03:49:06','2017-01-21 21:46:29','2016-07-10 09:50:49','Benison','5767 Et Avenue','1234567890','metus. Aliquam','2017-10-14 02:16:22',5449,'Benison','Benison',12415),(497,18465,'open','2017-08-08 11:00:12','2017-08-09 15:56:16','2017-09-11 10:05:01','2018-02-09 13:02:52','Benison','Ap #844-9503 Nec Rd.','1234567890','sollicitudin a,','2017-07-19 15:06:24',5423,'Benison','Benison',12432),(405,18466,'open','2016-11-26 19:43:39','2018-01-10 13:01:59','2017-03-13 12:32:00','2016-07-20 15:57:55','Benison','5563 Libero Road','1234567890','sit','2016-12-22 08:03:11',5426,'Benison','Benison',12445),(487,18467,'open','2017-12-07 21:11:07','2018-03-31 17:00:57','2017-03-25 13:56:13','2016-12-14 10:34:56','Benison','Ap #767-1559 Massa. Avenue','1234567890','sit','2017-12-03 02:38:31',5471,'Benison','Benison',12488),(477,18468,'open','2017-04-25 03:11:33','2017-10-20 02:50:14','2016-07-30 17:52:02','2018-02-21 00:49:44','Benison','9300 Sed Av.','1234567890','Etiam laoreet, libero','2018-04-29 12:18:58',5417,'Benison','Benison',12483),(466,18469,'open','2017-06-01 17:59:57','2016-12-01 03:47:38','2017-04-21 00:54:51','2017-12-30 15:26:22','Benison','5051 Mollis St.','1234567890','sit amet diam','2017-08-07 08:30:12',5422,'Benison','Benison',12480),(484,18470,'open','2018-04-16 19:19:16','2017-03-06 02:26:25','2016-06-27 19:18:44','2016-11-15 06:14:55','Benison','3692 Ultricies Rd.','1234567890','malesuada vel,','2018-02-16 22:25:04',5474,'Benison','Benison',12438),(405,18471,'open','2018-02-17 19:52:09','2016-11-04 04:39:28','2017-07-09 17:10:06','2018-04-12 03:56:21','Benison','523-824 Pede. Rd.','1234567890','quam vel sapien','2016-09-20 02:04:08',5455,'Benison','Benison',12416),(479,18472,'open','2018-04-24 18:52:24','2016-06-16 06:24:49','2016-08-08 20:30:04','2018-01-30 13:24:05','Benison','368-9428 Nibh. Rd.','1234567890','semper et, lacinia','2017-05-14 19:30:51',5424,'Benison','Benison',12457),(424,18473,'open','2016-12-01 19:23:14','2016-06-20 00:19:54','2017-12-06 05:13:03','2016-06-12 16:09:47','Benison','469-9631 Pharetra. Road','1234567890','Maecenas iaculis','2018-06-11 02:32:58',5456,'Benison','Benison',12427),(451,18474,'open','2018-02-19 16:18:55','2017-07-08 00:06:12','2017-06-08 23:21:03','2017-10-22 18:26:35','Benison','Ap #132-7475 Imperdiet, Rd.','1234567890','Proin mi.','2017-10-08 00:54:25',5485,'Benison','Benison',12461),(447,18475,'open','2018-01-14 11:15:58','2016-12-11 04:32:19','2017-06-03 16:56:39','2017-06-13 14:07:48','Benison','674-9409 Dolor. Av.','1234567890','Duis a mi','2016-07-12 18:48:00',5477,'Benison','Benison',12453),(463,18476,'open','2016-11-17 00:02:41','2017-10-21 07:54:37','2017-01-18 18:51:29','2017-12-24 01:20:24','Benison','P.O. Box 192, 5851 A Road','1234567890','montes, nascetur','2017-04-25 23:21:37',5461,'Benison','Benison',12469),(407,18477,'open','2018-03-18 15:07:13','2018-04-10 13:18:54','2017-04-21 02:32:57','2018-02-11 06:05:28','Benison','232-8274 Orci. Av.','1234567890','pretium','2016-08-15 21:25:32',5463,'Benison','Benison',12403),(459,18478,'open','2017-06-21 10:49:41','2016-06-29 07:08:24','2017-12-18 23:21:11','2016-06-26 03:21:50','Benison','P.O. Box 295, 1371 Enim, St.','1234567890','justo nec ante.','2017-06-09 16:39:13',5454,'Benison','Benison',12418),(450,18479,'open','2017-12-29 11:16:58','2018-05-24 08:26:57','2016-09-02 11:19:59','2017-05-15 12:20:30','Benison','P.O. Box 125, 3967 Commodo Street','1234567890','sagittis. Nullam','2018-02-25 20:25:29',5476,'Benison','Benison',12486),(470,18480,'open','2017-02-16 04:44:50','2016-10-12 08:00:11','2016-07-23 14:27:02','2017-07-22 08:12:22','Benison','P.O. Box 499, 3447 Donec Ave','1234567890','odio, auctor','2018-03-28 19:43:44',5409,'Benison','Benison',12462),(482,18481,'open','2017-08-04 18:50:02','2017-05-18 08:08:56','2017-09-15 06:40:01','2017-12-25 09:58:52','Benison','625-7949 Urna. Rd.','1234567890','diam. Proin','2018-03-01 07:27:11',5461,'Benison','Benison',12423),(473,18482,'open','2018-02-23 10:22:55','2017-08-12 05:36:00','2018-06-05 11:45:17','2016-07-11 16:09:15','Benison','Ap #109-6837 At Avenue','1234567890','tellus eu augue','2017-02-07 08:39:21',5454,'Benison','Benison',12427),(468,18483,'open','2017-05-21 04:21:54','2018-01-05 21:43:17','2017-11-11 17:54:18','2018-02-05 16:48:21','Benison','6376 Aliquet Av.','1234567890','mauris erat eget','2016-11-16 02:42:02',5492,'Benison','Benison',12472),(439,18484,'open','2017-01-13 05:28:49','2017-06-22 21:53:49','2016-09-12 22:51:53','2016-10-20 14:21:01','Benison','2088 Ac Rd.','1234567890','pede','2017-05-18 06:14:20',5478,'Benison','Benison',12424),(429,18485,'open','2018-04-06 12:01:16','2016-11-01 03:27:59','2018-05-04 17:31:22','2017-02-05 22:28:02','Benison','Ap #319-4087 Est. Rd.','1234567890','Cras dolor','2017-06-09 10:38:41',5487,'Benison','Benison',12494),(456,18486,'open','2016-11-16 02:14:09','2016-09-08 09:23:52','2016-10-05 08:52:00','2016-10-27 01:46:27','Benison','5477 Viverra. Road','1234567890','ut, sem.','2017-01-14 06:58:39',5464,'Benison','Benison',12430),(497,18487,'open','2016-11-21 10:37:39','2017-11-15 16:18:50','2018-01-30 23:05:50','2017-09-25 21:26:16','Benison','P.O. Box 419, 5913 Vitae Rd.','1234567890','Proin sed turpis','2017-11-23 23:19:01',5421,'Benison','Benison',12487),(444,18488,'open','2016-12-27 17:15:01','2017-01-02 12:22:19','2016-07-22 22:49:43','2018-05-02 17:48:46','Benison','P.O. Box 700, 4118 Ultrices Rd.','1234567890','Integer in','2017-02-24 20:59:09',5416,'Benison','Benison',12482),(491,18489,'open','2017-04-04 13:55:37','2017-09-09 05:42:53','2017-02-19 12:14:18','2018-02-01 11:59:30','Benison','Ap #591-1708 Malesuada Street','1234567890','rutrum urna,','2017-03-24 12:04:47',5450,'Benison','Benison',12419),(410,18490,'open','2016-09-08 01:21:49','2017-06-28 02:30:02','2016-08-31 18:59:10','2018-04-13 10:52:52','Benison','P.O. Box 632, 713 Cras Street','1234567890','metus sit amet','2018-03-12 07:21:55',5435,'Benison','Benison',12435),(464,18491,'open','2016-11-26 11:03:12','2017-01-11 13:04:07','2016-07-25 07:50:39','2018-05-15 20:06:54','Benison','4523 Ligula. St.','1234567890','ac','2016-11-20 01:31:20',5434,'Benison','Benison',12448),(433,18492,'open','2017-08-14 12:04:12','2017-01-28 18:12:14','2017-02-26 08:21:09','2017-08-17 09:25:27','Benison','237-1246 Curabitur Rd.','1234567890','ornare, elit elit','2017-01-04 15:11:33',5493,'Benison','Benison',12412),(453,18493,'open','2017-04-20 02:35:10','2017-12-10 17:36:10','2017-08-04 09:59:55','2017-03-14 16:15:28','Benison','P.O. Box 225, 8215 Cursus, St.','1234567890','tempor lorem, eget','2017-01-31 08:38:47',5459,'Benison','Benison',12453),(479,18494,'open','2017-10-01 10:35:40','2017-08-27 20:39:09','2017-12-18 23:15:32','2017-08-24 09:25:54','Benison','188-4346 Ante Av.','1234567890','Sed nec','2018-05-25 07:17:20',5452,'Benison','Benison',12499),(406,18495,'open','2017-11-26 23:35:52','2017-07-22 07:00:44','2017-08-07 06:53:37','2018-02-27 02:55:35','Benison','9833 Vitae, St.','1234567890','nunc sed libero.','2017-06-13 11:06:51',5438,'Benison','Benison',12447),(485,18496,'open','2016-06-19 15:47:13','2016-11-11 13:44:34','2017-02-26 22:55:20','2017-01-14 08:19:44','Benison','Ap #178-7031 Enim. Rd.','1234567890','ullamcorper, nisl','2017-05-13 19:35:07',5403,'Benison','Benison',12490),(470,18497,'open','2017-11-09 15:04:14','2017-04-15 00:46:44','2017-06-05 22:03:20','2017-02-07 10:24:42','Benison','Ap #675-4974 Ac Street','1234567890','fringilla,','2016-08-01 11:04:19',5433,'Benison','Benison',12442),(478,18498,'open','2018-04-26 14:18:31','2016-12-15 19:58:41','2018-01-25 07:32:56','2016-09-01 13:27:34','Benison','477-4523 Sed Ave','1234567890','enim','2017-02-28 23:42:16',5411,'Benison','Benison',12470),(499,18499,'open','2017-07-27 23:00:00','2017-08-23 00:55:39','2017-11-10 00:51:32','2017-12-09 20:09:05','Benison','Ap #179-4305 Amet St.','1234567890','euismod in,','2018-01-12 15:22:16',5419,'Benison','Benison',12421);

/*Table structure for table `stockItems` */

DROP TABLE IF EXISTS `stockItems`;

CREATE TABLE `stockItems` (
  `macAddress` varchar(50) NOT NULL
) ENGINE=InnoDB DEFAULT CHARSET=latin1;

/*Data for the table `stockItems` */

/*Table structure for table `subProduct` */

DROP TABLE IF EXISTS `subProduct`;

CREATE TABLE `subProduct` (
  `subproductName` varchar(10) NOT NULL,
  `subproductDescription` varchar(100) DEFAULT NULL,
  PRIMARY KEY (`subproductName`)
) ENGINE=InnoDB DEFAULT CHARSET=latin1 COMMENT='The sub product table will hold information related to VLAN and APP which can be installed on model with new MacAddress';

/*Data for the table `subProduct` */

insert  into `subProduct`(`subproductName`,`subproductDescription`) values ('APP','App desc'),('VLAN','Vlan desc');

/*Table structure for table `terms` */

DROP TABLE IF EXISTS `terms`;

CREATE TABLE `terms` (
  `termId` int(11) NOT NULL AUTO_INCREMENT,
  `text` varchar(255) DEFAULT NULL,
  PRIMARY KEY (`termId`)
) ENGINE=InnoDB AUTO_INCREMENT=8 DEFAULT CHARSET=latin1;

/*Data for the table `terms` */

insert  into `terms`(`termId`,`text`) values (1,'Due on receipt'),(2,'Advance Payment'),(3,'Payment on Order'),(4,'Pre-pay with order'),(5,'Cash on Delivery'),(6,'Warranty Replacement'),(7,'terms on use IT');

/*Table structure for table `userRole` */

DROP TABLE IF EXISTS `userRole`;

CREATE TABLE `userRole` (
  `userName` varchar(50) NOT NULL,
  `password` varchar(50) NOT NULL,
  `fullName` varchar(50) NOT NULL,
  `roles` varchar(2048) DEFAULT NULL,
  `views` varchar(2048) DEFAULT NULL,
  `email` varchar(50) DEFAULT NULL,
  PRIMARY KEY (`userName`)
) ENGINE=InnoDB DEFAULT CHARSET=latin1;

/*Data for the table `userRole` */

insert  into `userRole`(`userName`,`password`,`fullName`,`roles`,`views`,`email`) values ('Benison','NMX76sxon821E4veD41bsQ==','Benison Tech','Admin','[\"Purchase Order\",\"Payments\",\"Inventory\",\"Revenue\",\"Products\",\"Job Orders\",\"Ship Orders\",\"PO Summary\",\"Image Generation\",\"Manage User\"]','manik.chandra@benisontech.com'),('pinki','txf1HCPNifpCjLD50B9llw==','pinki','Admin','[\"Purchase Order\",\"Payments\",\"Inventory\",\"Revenue\",\"Products\",\"Job Orders\",\"Ship Orders\",\"PO Summary\",\"Image Generation\",\"Manage User\"]','pinki.d@benisontech.com');

/*Table structure for table `webEmail` */

DROP TABLE IF EXISTS `webEmail`;

CREATE TABLE `webEmail` (
  `toAddress` varchar(50) DEFAULT NULL,
  `company` varchar(50) DEFAULT NULL,
  `name` varchar(50) DEFAULT NULL,
  `phone` varchar(50) DEFAULT NULL,
  `email` varchar(50) DEFAULT NULL,
  `subject` varchar(128) DEFAULT NULL,
  `body` varchar(512) DEFAULT NULL,
  `timeStamp` datetime DEFAULT NULL,
  `id` int(11) NOT NULL,
  `referer` varchar(50) DEFAULT NULL,
  `ipAddress` varchar(50) DEFAULT NULL
) ENGINE=InnoDB DEFAULT CHARSET=latin1;

/*Data for the table `webEmail` */

/*!40101 SET SQL_MODE=@OLD_SQL_MODE */;
/*!40014 SET FOREIGN_KEY_CHECKS=@OLD_FOREIGN_KEY_CHECKS */;
/*!40014 SET UNIQUE_CHECKS=@OLD_UNIQUE_CHECKS */;
/*!40111 SET SQL_NOTES=@OLD_SQL_NOTES */;
